"quarter","NGDP_dispersion","NGDP_f1_dispersion","NGDP_f2_dispersion","NGDP_f3_dispersion","NGDP_f4_dispersion","RGDP_dispersion","RGDP_f1_dispersion","RGDP_f2_dispersion","RGDP_f3_dispersion","RGDP_f4_dispersion","CPI_dispersion","CPI_f1_dispersion","CPI_f2_dispersion","CPI_f3_dispersion","CPI_f4_dispersion","EMP_dispersion","EMP_f1_dispersion","EMP_f2_dispersion","EMP_f3_dispersion","EMP_f4_dispersion","UNEMP_dispersion","UNEMP_f1_dispersion","UNEMP_f2_dispersion","UNEMP_f3_dispersion","UNEMP_f4_dispersion","CPROF_dispersion","CPROF_f1_dispersion","CPROF_f2_dispersion","CPROF_f3_dispersion","CPROF_f4_dispersion","INDPROD_dispersion","INDPROD_f1_dispersion","INDPROD_f2_dispersion","INDPROD_f3_dispersion","INDPROD_f4_dispersion","HOUSING_dispersion","HOUSING_f1_dispersion","HOUSING_f2_dispersion","HOUSING_f3_dispersion","HOUSING_f4_dispersion","RRESINV_dispersion","RRESINV_f1_dispersion","RRESINV_f2_dispersion","RRESINV_f3_dispersion","RRESINV_f4_dispersion","RNRESIN_dispersion","RNRESIN_f1_dispersion","RNRESIN_f2_dispersion","RNRESIN_f3_dispersion","RNRESIN_f4_dispersion","RCONSUM_dispersion","RCONSUM_f1_dispersion","RCONSUM_f2_dispersion","RCONSUM_f3_dispersion","RCONSUM_f4_dispersion","RFEDGOV_dispersion","RFEDGOV_f1_dispersion","RFEDGOV_f2_dispersion","RFEDGOV_f3_dispersion","RFEDGOV_f4_dispersion","RSLGOV_dispersion","RSLGOV_f1_dispersion","RSLGOV_f2_dispersion","RSLGOV_f3_dispersion","RSLGOV_f4_dispersion"
1993-01-01,1.1242,1.3352,1.3554,1.0159,0.9734,0.9211,0.8856,0.7174,0.5513,0.7587,0.4,0.5,0.6,0.75,0.7,NA,NA,NA,NA,NA,0.1,0.1,0.2,0.2,0.4,18.5955,11.2553,10.5876,7.2413,8.5003,1.4972,1.2004,1.6215,1.6009,1.258,16.7347,9.2369,7.7999,8.6892,7.3253,11.59,6.5515,5.0371,4.2664,3.6006,3.8456,4.2428,4.4997,4.7351,3.0841,0.5001,0.8069,1.1361,0.8125,0.6648,5.2464,5.9182,5.9987,5.8986,5.4435,0.7187,2.0329,2.0809,2.1764,1.1751
1993-04-01,1.421,1.5253,1.0619,1.1141,1.4852,0.7895,1.0587,0.4977,0.7,0.8168,0.5,0.6,0.6,0.9,0.75,NA,NA,NA,NA,NA,0.1,0.15,0.3,0.4,0.5,11.8628,11.4385,12.7988,11.8499,6.509,1.4621,1.6048,2.0046,1.5371,1.5534,37.6277,17.265,15.1114,12.2008,9.4055,10.3277,7.122,7.9515,4.2983,3.3995,3.8436,2.991,3.7343,3.989,4.0637,1.0459,1.0955,0.8089,0.8037,0.7677,5.8268,6.5271,7.506,4.5028,3.8553,2.3542,1.5166,1.9928,1.6002,2.1542
1993-07-01,0.9221,1.1348,0.8629,1.327,1.116,0.9823,1.1753,0.7745,0.6656,0.7631,1,0.6,0.5,0.55,0.6,NA,NA,NA,NA,NA,0.1,0.2,0.2,0.2,0.3,11.238,12.0553,12.2316,7.6182,7.7501,1.4912,1.3756,1.5199,1.1546,1.3944,23.3009,9.2396,8.3121,6.502,6.1521,5.822,8.7492,6.1469,4.464,2.4348,4.0651,3.4735,3.7159,3.1992,4,0.557,0.8911,1.0424,0.5208,0.7774,5,5.511,3.4344,4.313,2.9654,1.4305,1.4268,1.7438,1.3458,1.7917
1993-10-01,0.879,1.1257,1.0209,1.3765,1.0219,0.6796,0.7625,0.6181,0.515,0.7221,0.4,0.7,0.4,0.6,0.5,NA,NA,NA,NA,NA,0.1,0.2,0.2,0.3,0.35,13.185,7.75,10.5849,7.4932,4.0988,2.5982,2.2207,1.6008,1.7711,0.7337,19.1239,7.2831,9.4055,6.7581,8.4602,4.6697,6.2511,4.1482,3.8179,2.6312,4.1279,3.7392,3.4223,3.8076,3.0288,0.544,1.2073,0.9037,0.8735,0.6001,2.9504,4.0169,2.4671,4.2088,4.0034,1.466,1.501,1.0654,1.221,1.3004
1994-01-01,0.9187,1.2089,1.2969,0.7513,1.0003,0.4999,0.961,0.6775,0.5665,0.6301,0.7,0.5,0.65,0.5,0.6,NA,NA,NA,NA,NA,0.1,0.2,0.2,0.15,0.2,13.4206,16.455,10.3352,8.5903,7.685,2.5654,1.8027,1.4056,1.0617,1.0718,15.9707,20.8736,11.3307,9.9523,11.3408,7.3064,5.1845,4.4783,2.8749,3.6069,3.7933,3.6847,5.3453,3.9539,3.7524,0.5824,0.7324,0.6383,0.6886,0.8524,4.865,4.557,3.9359,3.8633,4.1367,1.9356,2.776,1.523,1.7766,1.2264
1994-04-01,1.0798,1.0185,0.897,0.7328,1.1509,0.9626,0.8261,0.6346,0.4334,0.7775,0.9,0.5,0.5,0.8,0.7,NA,NA,NA,NA,NA,0.1,0.3,0.3,0.2,0.3,22.6594,10.8273,7.0527,11.7579,8.2919,1.8031,1.365,1.2242,1.0314,0.9743,18.7396,14.6079,10.2752,8.3517,7.9987,9.4395,6.0427,5.6125,5.8491,5.7124,6.6667,4.8618,5.1704,2.9353,2.86,0.7218,0.5533,0.6708,0.6502,0.7525,4.4511,3.996,3.4997,3.7,3.3586,2.5131,1.6225,1.4078,1.3776,1.3019
1994-07-01,1.1962,0.8,0.7392,0.9178,0.9666,0.8555,0.7,0.8621,0.7002,0.5618,0.3,0.6,0.7,0.4,0.675,NA,NA,NA,NA,NA,0,0.1,0.3,0.3,0.35,11.0959,5.0837,8.2418,6.785,6.0698,2.4613,2.0882,1.9597,1.6322,1.4992,12.9047,11.0234,8.4162,9.0356,7.9354,5.4811,5.9009,7.6244,6.1014,3.7069,5.5138,4.4916,2.8886,3.5567,3.7638,0.9396,0.7111,0.5103,0.6281,0.4848,4.1302,3.7676,3.2165,3.0416,2.736,1.6212,1.4579,1.0089,1.2251,1.8435
1994-10-01,1.0434,1.2036,1.5731,1.2,1.1754,0.9253,0.6183,0.7364,0.7038,0.571,0.75,0.65,0.55,0.6,0.65,NA,NA,NA,NA,NA,0.1,0.2,0.3,0.2,0.2,9.6635,10.3039,7.9822,7.8827,6.2584,1.9141,1.6271,1.421,1.0381,0.9187,16.3143,10.5286,10.0673,6.8554,7.2013,7.5107,6.3942,4.862,3.0005,4.2142,5.1658,3.4456,2.988,3.6,3.7257,0.8695,0.681,0.8998,0.5431,0.7917,4.7572,3.7866,2.962,3.9338,1.996,1.9633,1.0665,1.5186,1.458,1.2417
1995-01-01,1.1597,1.2342,0.8028,1.115,1.3717,0.6859,0.7008,0.5435,0.4375,0.8042,0.4,0.5,0.4,0.55,0.5,NA,NA,NA,NA,NA,0.1,0.3,0.3,0.3,0.25,12.6083,10.4578,13.8521,9.333,12.5688,1.622,1.1982,1.8996,1.3501,0.9614,11.5834,11.1321,11.9593,6.0072,9.492,5.0714,4.0385,5.5496,6.3759,7.0328,3.561,3.5864,3.4741,2.7348,2.6167,0.8,0.7556,0.5399,0.4388,0.509,6.8422,2.2461,2.0546,2.1011,2.0088,1.4157,0.8199,0.942,0.6404,0.7023
1995-04-01,1.0457,0.9672,1.3015,0.9607,0.9915,0.7777,0.8138,0.8286,0.9643,0.7725,0.3,0.5,0.6,0.6,0.7,NA,NA,NA,NA,NA,0.2,0.2,0.4,0.4,0.4,9.8225,8.2421,9.7205,7.008,6.2057,3.6454,1.9963,1.5016,1.3649,1.3259,13.6062,14.2624,12.1494,11.1845,15.3978,7.5843,6.3866,4.4103,5.6161,6.4737,5.7837,3.6149,3.4468,2.5746,3.1223,1.0106,0.8022,0.7267,0.8477,0.7934,3.4019,3.0034,2.4389,1.8109,3.3335,1.9854,1.3609,0.8161,1.1817,1.1167
1995-07-01,1.1126,1.2682,1.0871,1.1193,0.9417,0.8001,0.988,0.8158,0.571,0.6942,0.6,0.4,0.5,0.6,0.61,NA,NA,NA,NA,NA,0.1,0.2,0.4,0.4,0.4,13.9573,9.2463,11.6826,7.3387,6.829,2.0104,1.42,1.6115,1.0764,1.2887,22.7548,13.6395,15.204,10.2445,9.826,5.3481,4.8595,7.2444,4.8493,2.7922,2.5809,3.2501,3.2636,3.0686,2.528,0.7608,0.7375,0.7351,0.6073,0.669,2.9357,3.4353,2.7799,2.5003,2.1179,1.0314,1.0482,0.6602,1.0418,0.9268
1995-10-01,1.299,0.8791,0.7435,1.0134,1.112,0.771,0.8411,0.5999,0.5782,0.9125,0.5,0.6,0.6,0.5,0.6,NA,NA,NA,NA,NA,0.1,0.1,0.3,0.3,0.4,4.5761,6.5465,5.9863,7.089,5.5932,1.8561,1.6144,1.5235,0.9734,1.5638,10.2946,8.0242,8.5448,9.5574,7.2064,5.1112,3.5194,5.3063,6.4134,5.0403,3.0393,2.1939,2.1962,2.5816,2.7053,0.5915,0.6624,0.5305,0.5958,0.592,4.0575,4.2532,4.4002,4.6577,2.5989,0.9481,0.9776,1.0932,1.1713,1.1094
1996-01-01,1.67,1.1991,1.241,1.0713,1.1815,0.8314,0.9814,0.62,0.8,0.9113,0.5,0.6,0.5,0.5,0.5,NA,NA,NA,NA,NA,0.1,0.25,0.3,0.3,0.3,8.6052,8.7807,7.471,5.8283,7.9199,1.8029,2.6507,1.4983,1.7569,2.5018,16.6444,11.3344,13.5385,11.0625,11.9061,4.0492,4.7474,4.4937,4.9028,3.978,3.3416,1.8999,2.3103,2.8796,2.7212,1.1554,0.7843,0.78,0.6696,0.611,4.8001,3.9756,3,2.7985,2.8103,1.3764,0.8002,1.0414,0.9989,0.9968
1996-04-01,1.1207,0.9,1.0524,1.0344,1.2,0.6047,0.7832,0.8,0.6983,0.8093,0.7,0.5,0.5,0.5,0.6,NA,NA,NA,NA,NA,0.1,0.1,0.3,0.3,0.35,6.9884,10.0507,7.7168,7.252,7.1859,2.6696,1.9034,1.47,1.2609,1.2747,19.002,7.9317,10.8193,10.081,10.9178,4.2422,5.5575,6.271,3.9031,4.6478,2.9001,1.8808,2.1861,1.9771,2.8127,0.9827,0.9945,0.5986,0.5269,0.5356,5.2999,2.5612,2.6957,3.5005,3.3767,1.7435,0.8999,0.7002,1.0978,1.3767
1996-07-01,1.278,1.0691,1.1048,1.0585,1.0861,0.6518,0.5205,0.739,0.7551,0.8323,0.6,0.6,0.6,0.65,0.6,NA,NA,NA,NA,NA,0.15,0.2,0.3,0.3,0.3,7.4148,8.6378,8.1336,5.4021,7.1844,1.9649,2.253,0.9335,1.5431,1.2483,9.4689,9.2907,8.1323,8.6527,13.8376,5.9128,5.9202,4.403,3.2117,6.2066,2.6738,2.1842,1.6176,2.164,3.5154,0.9127,0.6902,0.7474,0.7353,0.8347,3.6435,4.0002,3.2538,2.5722,2.4706,1.3092,0.7011,0.823,1.1874,1.1886
1996-10-01,1.1111,0.8078,1.0006,0.9661,0.9953,0.939,0.6692,0.6634,0.728,0.6241,0.5,0.5,0.7,0.6,0.6,NA,NA,NA,NA,NA,0.1,0.2,0.3,0.3,0.35,6.0654,9.9702,3.8267,7.4058,9.419,1.5308,1.4743,1.028,1.2303,1.2195,11.4721,7.8124,10.0241,10.7788,8.4066,2.875,3.9573,4.4987,4.397,4.8417,3.8801,3.1818,1.5269,1.6264,2.0153,0.6777,0.9461,0.4598,0.5086,0.5,4.2563,2.304,2.5642,2.2909,2.2998,1.7368,0.7551,0.9879,0.8564,0.9481
1997-01-01,1.1884,0.8221,0.9453,0.7933,0.6769,0.9612,0.8572,0.7,0.7314,0.5446,0.5,0.6,0.7,0.8,0.7,NA,NA,NA,NA,NA,0.1,0.2,0.4,0.5,0.4,9.085,6.9768,10.3736,5.0469,4.328,2.3275,1.708,1.4034,2.2401,1.3169,11.3821,11.1256,8.9971,5.5159,5.6965,3.4408,3.8969,4.3997,4.1766,3.1409,2.781,2.4373,2.1999,1.8003,2.3348,1.0361,0.5513,0.6618,0.7671,0.7421,2.8719,2.859,3.2426,2.5851,2.5001,0.9848,1.0703,0.9064,0.7762,1.0571
1997-04-01,1.1112,0.7666,0.8834,0.999,1.0709,0.9765,0.652,0.7603,0.7768,0.6838,0.8,0.4,0.5,0.55,0.7,NA,NA,NA,NA,NA,0.1,0.3,0.35,0.35,0.5,10.5655,7.5504,6.8509,6.2398,5.8519,2.3715,1.4356,1.8503,1.6749,1.792,12.5745,9.3054,9.5006,7.8649,7.055,3.0562,6.3666,5.1723,5.3058,4.3555,4.0355,4.2129,2.6973,2.806,2.5482,0.8995,0.8321,0.7121,0.6072,0.6228,3.5493,2.9299,3.3928,1.6626,1.9858,1.3811,0.6929,0.8564,0.7276,0.9649
1997-07-01,0.6952,0.9425,0.9793,0.743,0.8529,0.5,0.7803,0.8272,0.6675,0.7673,0.5,0.5,0.5,0.7,0.6,NA,NA,NA,NA,NA,0.1,0.2,0.3,0.3,0.3,14.6967,8.5978,4.4496,4.7036,6.9606,1.1372,1.0112,1.3243,1.4254,1.4279,14.0134,11.2648,9.1479,5.6154,8.8994,5.647,5.7461,4.472,3.8188,3.4633,4.0984,2.3909,2.4169,2.4752,2.5641,0.7666,0.8218,0.7532,0.7979,0.8722,2.4682,2.5902,2.3014,2.6991,1.7582,1.2562,0.9255,0.8735,1.1843,0.8313
1997-10-01,1.0479,0.7637,0.9123,0.9514,1.1513,0.6462,0.6266,0.3944,1.203,0.7231,0.3,0.5,0.7,0.6,0.5,NA,NA,NA,NA,NA,0.1,0.2,0.4,0.5,0.5,5.8119,6.7636,8.1115,8.7178,6.8193,2.0327,1.2046,1.8295,1.3728,1.7972,8.1464,6.7906,5.5159,5.8807,5.9684,3.087,4.0248,3.7995,4.3644,2.5812,5.2096,3.9562,2.5754,2.5613,3.6948,1.1402,1.0583,0.6,0.7514,0.8225,2.9803,2.1429,2.2827,1.6815,2.3765,0.8489,0.9217,0.8904,0.9712,0.7654
1998-01-01,1.1979,1.4105,0.8864,0.9245,0.6266,0.8,1,0.8,1.0937,0.6726,0.7,0.7,0.5,0.5,0.6,NA,NA,NA,NA,NA,0.1,0.3,0.4,0.5,0.5,6.6795,7.465,6.4987,5.6066,8.1569,1.9655,1.2488,1.6518,1.7824,2.071,14.9431,10.5403,8.8503,8.1312,11.0998,7.3569,5.1549,5.7244,5.2874,5.1817,5.3102,3.9592,2.2768,2.3235,2.9061,1.1384,0.676,0.6651,0.8783,0.6131,4.5584,1.982,2.0258,1.6716,3.2655,1.0406,0.9002,1.0998,1.1116,1.0803
1998-04-01,0.8627,0.6926,1.1866,0.888,0.7659,0.7987,0.8445,0.9699,0.85,0.6465,0.6,0.6,0.6,0.6,0.8,NA,NA,NA,NA,NA,0.2,0.3,0.4,0.5,0.6,8.3993,3.8349,6.3087,7.4258,8.9294,1.2777,1.7869,2.0372,1.7923,1.1435,18.2985,12.4837,8.4734,6.7632,6.9184,7.2073,6.2035,6.1312,5.4113,5.0957,5.7395,2.2577,2.4806,3.0096,2.208,1.0246,0.5,0.7547,0.8473,0.7642,6.9466,1.879,2.5822,2.1001,2.6018,1.3862,1.0235,1.2536,0.9859,0.8518
1998-07-01,1.2,1.2857,1.2746,0.8505,1.0359,0.8084,1.0353,0.8074,0.808,0.7715,0.7,0.7,0.5,0.5,0.6,NA,NA,NA,NA,NA,0.05,0.2,0.25,0.3,0.35,9.085,6.3827,7.6889,2.8394,6.398,3.4205,2.9243,1.9594,1.244,1.2662,16.5892,8.1297,8.9021,10.557,5.338,6.3657,8.5436,7.9078,8.2283,5.9896,6.4032,4.3635,2.232,1.7,1.6357,1.4466,1.3769,0.8229,0.8,0.6731,2.6383,2.2153,2.007,2.2383,1.8439,0.9085,0.6344,0.7644,0.8096,0.8309
1998-10-01,1.4543,1.3746,1.2913,1.9729,2.3648,0.6354,1.0115,1.0649,0.9628,0.8431,0.6,0.54,0.35,0.35,0.6,NA,NA,NA,NA,NA,0,0.2,0.2,0.3,0.4,8.1912,8.5022,5.6605,7.9725,5.8927,1.9088,2.3347,1.8726,1.8704,1.5749,13.5603,11.8161,11.9262,11.4609,10.3804,6.9914,8.1015,6.9415,5.773,7.0488,4.7284,4.3198,3.4567,3.4666,3.2861,0.7284,0.4629,0.8841,0.7753,0.6978,3.5368,3.103,2.5584,2.202,2.7735,0.9591,0.7032,0.9448,0.8996,1.1846
1999-01-01,1.2283,0.932,0.9806,1.4364,1.1458,0.7668,0.7999,0.8608,1.099,1.716,0.25,0.365,0.335,0.45,0.5,NA,NA,NA,NA,NA,0.1,0.3,0.3,0.4,0.5,10.9712,4.0524,6.7808,5.2941,5.5558,1.6885,1.831,1.2815,1.4946,1.736,14.7742,8.9092,8.8374,8.1748,7.6979,6.794,8.3829,7.6006,6.401,5.5177,4.7223,4.4916,2.9521,3.9548,4.2675,0.8819,0.8846,1.043,0.7982,0.8,4.3169,2.1002,2.4274,3.1313,2.1521,0.9129,0.6179,0.6437,0.7528,0.4896
1999-04-01,1.2654,1.2574,1.5448,1.661,1.2579,1.1,1.1662,1.3343,2.0177,0.9742,1.2,0.7,0.6,0.6,0.6,NA,NA,NA,NA,NA,0.1,0.2,0.3,0.3,0.4,5.7651,7.0445,7.4598,7.3415,7.2127,1.7821,1.5281,1.794,2.6366,2.0652,17.6694,12.4291,8.6532,11.9262,7.9693,7.7098,8.4172,4.7171,5.9948,4.7555,4.5,5.1591,4.3563,5.628,4.6578,1.3323,0.7524,1.181,1.359,0.9914,2.2889,3.4007,2.621,3.0357,2.6097,1.732,0.6562,0.9942,0.792,0.6792
1999-07-01,0.6764,0.997,2.0586,1.0831,0.8874,0.5042,0.9,1.6197,0.7848,0.5605,0.55,0.45,0.35,0.4,0.45,NA,NA,NA,NA,NA,0.1,0.2,0.2,0.3,0.4,7.2604,6.84,8.3724,6.0053,6.7404,2.4532,1.5043,2.0723,1.3146,1.4273,15.0489,14.8352,8.9402,9.3796,9.0126,8.2528,8.6883,9.3015,8.0877,7.4069,5.6938,4.7246,6.8648,4.0438,3.4702,0.7683,0.9639,0.9392,0.7098,0.7591,3.5561,3.5442,2.9998,2.5463,2.6899,0.9856,0.8845,0.9152,0.6616,0.9048
1999-10-01,1.3649,1.9856,1.5723,1.075,1.3712,0.8982,1.7492,1.3748,1.1352,0.9985,0.4,0.6,0.525,0.55,0.75,NA,NA,NA,NA,NA,0.1,0.2,0.3,0.3,0.4,12.9667,7.067,6.6812,8.7931,10.0921,1.514,1.2156,1.7434,1.763,1.7248,9.7362,10.948,9.8686,7.9145,7.7937,6.6241,6.4437,7.2623,6.2788,4.466,5.2271,5.0868,4.9497,4.5041,4.9259,1.1214,1.5019,1.1998,0.9324,1.0172,3.0208,3.1371,2.7727,2.6012,2.6389,1.1672,1.1979,0.8475,0.5354,0.8457
2000-01-01,1.7185,1.2999,1.3127,1.4965,1.0299,1.7191,0.731,0.9379,0.791,0.9729,0.7,0.6,0.6,0.7,0.7,NA,NA,NA,NA,NA,0.1,0.2,0.25,0.35,0.4,8.7384,9.2624,7.7965,3.8673,4.4724,2.0556,1.2272,1.6882,1.7459,1.3813,15.3799,12.3848,10.4709,3.8281,5.5159,6.0551,5.5379,6.7822,8.2737,6.9433,4.9673,2.9434,2.5075,3.0472,3.2564,0.972,0.663,1.3348,0.6561,0.8923,7.7139,2.2216,2.1365,1.3999,2.5919,2.2058,1.2088,0.7727,0.6167,0.7283
2000-04-01,1.4226,1.1566,1.0661,1.6577,1.627,0.8196,0.9522,1.2521,1.4401,1.0462,1.075,0.85,0.65,0.45,0.5,NA,NA,NA,NA,NA,0.1,0.1,0.2,0.2,0.25,7.1211,7.1043,8.8138,9.4521,4.6136,1.6786,1.4996,1.6855,1.3576,1.3395,15.9342,12.1195,9.5664,8.2223,11.3301,6.8998,8.7701,6.9521,7.1795,7.2192,7.1195,2.6979,2.5398,2.2649,3.086,1.2588,0.6834,0.9544,0.9381,0.9606,5.507,2.8298,2.5526,2.9164,2.1337,1.8205,1.6946,1.3101,0.978,0.9873
2000-07-01,1.1688,0.8679,1.5,0.8685,0.8024,0.6869,0.9634,1.1044,0.9615,0.9364,0.6,0.5,0.4,0.55,0.7,NA,NA,NA,NA,NA,0.1,0.1,0.3,0.3,0.3,16.7317,8.5519,11.8159,7.3724,4.4762,1.4292,1.9259,1.2229,1.0578,1.0991,15.9068,11.2747,6.2359,10.5354,4.6932,6.5569,6.4671,5.5619,5.3006,3.666,5.1001,2.4421,3.0741,3.317,4.2345,0.833,0.5553,0.7469,0.8311,0.7507,6.7369,2.7705,4.3271,1.7,1.7979,1.7882,1.1341,0.8998,0.9002,0.8269
2000-10-01,1.513,1.0697,0.6035,0.7649,1.1332,1.1,0.5907,0.8143,0.8345,0.9816,0.6,0.8,0.4,0.5,0.6,NA,NA,NA,NA,NA,0.1,0.2,0.13,0.17,0.2,9.5314,7.4046,6.5918,3.0229,3.1848,1.4103,0.9377,1.503,1.0992,1.1207,13.2977,12.0178,14.1054,8.3581,8.8954,7.2237,5.0731,4.3052,3.9747,3.8355,3.7004,3.0518,2.6854,2.4932,2.4861,1.1774,0.5509,0.5907,0.7072,0.4741,5.3,2.4908,1.3684,1.027,1.6509,2.0173,0.8948,0.7051,0.6043,0.8985
2001-01-01,1.2545,0.9754,1.1699,1.1984,1.3196,1.6023,1.166,1.1265,0.8888,1.0096,0.4,0.3,0.7,0.7,0.85,NA,NA,NA,NA,NA,0.1,0.3,0.4,0.5,0.6,11.0601,8.2087,4.4419,8.3494,8.8652,4.193,3.2842,2.6001,2.193,1.8788,12.2801,12.6335,10.1925,11.5827,6.502,4.5462,5.4843,3.5948,3.618,3.7961,4.255,3.0757,4.1222,3.3676,3.7839,1.2114,0.9897,0.8708,0.6698,0.9434,3.8573,1.3537,1.5834,1.2955,1.1694,1.3379,0.8588,0.7391,0.6745,0.5408
2001-04-01,1.0868,1.3,1.7262,1.0001,0.8422,0.7393,0.9875,1.231,0.9388,0.8,1.1,0.8,0.8,0.8,0.7,NA,NA,NA,NA,NA,0.2,0.3,0.3,0.4,0.4,7.5176,11.4361,16.8652,5.4259,7.2389,3.0045,3.3146,2.8235,1.6976,1.1405,14.0248,11.8277,7.9085,7.8289,5.3322,5.8147,4.3246,7.3355,4.9065,4.6237,4.5573,4.6414,3.6199,6.1114,4.9666,0.9581,0.9375,0.8081,0.8541,0.9011,2.1783,2.0765,1.3356,1.4063,1.4334,0.9939,0.5793,0.6191,0.6948,0.6396
2001-07-01,1.0516,1.1632,1.1467,1.0934,1.2201,0.904,1.0449,0.7043,0.9446,1.0419,1,0.7,0.6,0.7,0.6,NA,NA,NA,NA,NA,0.1,0.1,0.2,0.2,0.4,13.2923,19.6346,12.8036,12.8434,13.7662,3.6579,4.5271,2.839,2.1029,2.0125,13.1874,9.6817,10.3504,6.0109,6.0519,2.6068,5.7187,4.4849,5.3107,2.8944,4.7754,6.2964,6.0779,5.6853,4.3814,0.7733,1.2042,0.7523,0.7,0.6896,1.9045,1.5558,1.4568,1.3271,1.2776,1.6755,0.9503,0.7816,1.0497,1.0507
2001-10-01,1.8406,2.8918,1.1356,1.4631,1.4615,1.2034,2.1709,0.865,0.9842,1.4248,0.9,0.7,0.6,0.6,0.5,NA,NA,NA,NA,NA,0.2,0.2,0.4,0.55,0.7,29.5087,23.6151,22.339,25.8104,20.5885,3.7734,4.5628,3.7819,3.0136,2.6676,16.0032,12.9493,11.4995,12.8433,12.1401,6.2693,10.861,8.411,7.3823,7.6365,5.4431,5.8636,6.3027,4.9981,4.2697,1.6236,2.3338,1.5694,1.3722,1.1032,3.4939,5.2953,3.8351,3.3741,4.5126,2.2097,1.2124,1.0048,1.8311,1.886
2002-01-01,2.1504,2.7319,1.4,1.5813,1.387,1.8,1.7063,1.3278,1.42,1,0.7,0.55,0.5,0.4,0.4,NA,NA,NA,NA,NA,0.2,0.3,0.4,0.6,0.5,15.2836,12.8531,19.9967,21.6365,13.3704,3.2012,2.899,3.0671,3.1688,2.136,15.8397,9.0414,7.7325,5.4782,6.2393,6.0471,5.6682,4.1881,3.2559,4.1158,5.4919,4.8293,4.1624,3.5795,3.1041,2.8076,1.4386,1.1478,1.1257,1.1158,5.4304,4.3043,2.7766,3.6609,3.9465,2.3854,1.4302,1.491,1.409,0.9925
2002-04-01,1.8798,1.8286,2.0069,1.6406,1.1,1.2691,1.4378,1.3906,0.8805,0.7543,1.5,0.5,0.5,0.478,0.5,NA,NA,NA,NA,NA,0.2,0.3,0.35,0.5,0.6,20.2341,7.1421,13.1345,10.6041,11.9497,2.6976,2.0688,2.6386,2.3292,2.4769,13.5459,11.9877,6.2093,6.449,4.2482,7.7553,4.5641,4.5277,2.1842,2.6902,4.5639,2.6003,3.5978,5.0144,4.2108,1.2384,0.7201,1.2793,0.9331,0.7188,5.4377,3.3869,3.5725,4.0452,2.7732,2.2664,1.1303,1.3364,1.0407,1.267
2002-07-01,1.4122,1.4668,1.6379,1,0.8106,1.1381,0.9612,0.9026,0.7213,0.7299,0.8,0.5,0.9,0.4,0.7,NA,NA,NA,NA,NA,0.1,0.2,0.3,0.4,0.3,28.2665,10.5947,8.4632,7.7301,12.5652,2.5564,2.104,1.7265,2.0265,1.9646,12.2312,9.5718,10.5828,7.3169,3.3854,4.1504,3.4397,2.9048,3.9995,3.2566,3.7449,2.0548,5.1017,3.9378,6.2998,1.3438,0.9751,0.8337,0.5797,0.6686,4.3135,2.2087,2.8668,2.8201,3.6249,3.267,1.3881,1.2768,1.4239,1.1998
2002-10-01,1.3617,1.4778,1.3113,1.2918,1.2133,0.7985,0.9885,1.0661,1.0194,0.9951,0.5,0.45,0.65,0.7,0.45,NA,NA,NA,NA,NA,0.1,0.3,0.4,0.4,0.3,7.2755,10.6828,9.19,11.1577,12.5232,2.2161,1.7398,1.7272,2.341,2.0328,12.3352,11.2558,8.7962,7.6606,8.5759,3.6767,3.9577,3.7517,2.6747,2.1799,3.6167,3.623,3.3818,2.0097,3.0852,1.3031,0.5768,0.6478,0.7291,0.8742,2.7222,2.8855,2.5399,2.0016,2.4318,1.5438,1.2025,1.2437,1.0011,1.5932
2003-01-01,1.6982,1.6,1.5,1.357,1.4326,0.863,1.1889,1.2773,1.1316,0.7343,0.6,0.3,0.6,0.5,0.5,NA,NA,NA,NA,NA,0.3,0.4,0.4,0.3,0.3,12.6708,11.6458,15.8986,12.1729,10.9391,1.7662,2.1932,2.2014,2.5222,2.0559,12.3344,11.2558,11.9282,8.5311,5.937,4.1525,5.6546,4.4208,5.0999,3.9042,2.606,3.7129,5.068,4.3643,5.4611,1.4111,1.1528,0.8993,0.629,0.958,4.4567,3.078,2.9394,3.9297,3.9131,1.4484,1.308,1.6002,1.4703,1.5521
2003-04-01,1.5591,1.6894,1.0082,1.2472,0.9072,0.7924,1.3412,1.2909,1.1775,0.9404,1.2,0.85,0.55,0.35,0.5,NA,NA,NA,NA,NA,0.1,0.2,0.3,0.3,0.3,7.522,6.2785,8.7315,7.936,6.5278,3.4691,2.1302,1.7721,1.8734,2.0182,10.4074,9.0335,13.6156,8.2677,7.2638,5.6109,6.3952,6.0365,5.362,5.4403,4.3644,4.2498,4.9111,5.4897,5.4349,1.1227,1.1,0.7463,0.7132,0.7892,10.0939,3.5928,2.7896,2.7774,2.9469,1.4399,1.5404,1.7974,1.3787,1.3801
2003-07-01,1.1,1.0255,0.9367,0.9,1.3396,0.8302,1.034,0.6161,0.7,1.1032,0.8,1.3,1.25,1,0.75,NA,NA,NA,NA,NA,0,0.2,0.3,0.4,0.4,15.865,13.8118,6.8209,10.5089,8.5352,2.5619,2.1878,2.2283,1.8845,2.0379,7.1038,9.5409,9.1107,4.5707,3.0534,4.0366,5.6429,4.9307,4.7909,4.0671,3.1646,3.0328,3.9136,4.1341,4.0819,1.0561,0.7516,1.0233,0.7821,0.864,13.4106,3.0375,2.5348,3.4031,2.3,2.0998,1.4229,1.5,1.522,1.1412
2003-10-01,1.0346,1.2263,1.3933,1.5096,1.3854,0.8617,1.17,0.8319,0.8181,0.9594,0.6,1,0.7,0.8,0.8,0.6444,0.9938,0.8245,0.6135,0.7626,0.1,0.1,0.3,0.3,0.4,15.4749,11.6168,14.0253,9.081,14.1626,1.5209,2.3453,2.7971,2.3249,2.1155,14.0544,8.654,8.6266,8.697,8.8832,6.0152,7.8068,7.3942,6.7996,4.9802,3.5017,4.5847,4.0245,4.435,4.5861,1.9,0.9933,0.8564,0.9971,0.8622,2.9988,3.1347,2.6203,2.7218,2.2258,1.1044,1.2082,1.2943,0.9984,1.2111
2004-01-01,1.1139,1.0472,0.8612,0.9811,0.9769,0.9015,0.6811,0.5031,0.5743,0.8587,0.7,0.8,0.8,0.9,0.9,0.4306,0.579,0.699,0.5845,0.7235,0.2,0.2,0.2,0.295,0.2,14.3973,9.1498,6.288,11.2528,27.4749,2.4354,2.8358,2.1058,2.1296,2.5346,20.0708,13.5827,11.2786,10.0131,7.912,6.136,9.5262,8.6562,7.3774,6.5761,4.4245,3.897,5.23,5.343,4.5331,1.0553,0.6301,0.5919,0.4799,0.5694,5.7545,4.0415,2.6618,2.9001,3.0072,1.2816,1.1997,1.1085,0.8989,0.9308
2004-04-01,1.1173,1.162,1.1461,1.3197,1.4681,0.835,0.7081,0.6621,0.7924,0.979,1.3,0.89,1.1,0.85,0.55,0.752,0.6161,0.6289,0.6715,0.6951,0.0365,0.119,0.1,0.297,0.233,24.0896,13.9863,16.8777,128.2991,6.4518,1.4744,1.952,2.4968,2.7453,1.696,19.3253,6.7287,14.0689,11.0691,8.4302,4.925,6.4205,6.64,5.219,4.7586,3.8249,3.1001,4.4063,4.9251,3.6282,0.6571,0.7705,0.6653,0.8091,1,3.6542,2.9062,2.1573,4.0103,3.5694,1.0856,0.6886,1.013,0.8996,1.715
2004-07-01,0.9006,1.559,1.3492,1.0522,1.0091,0.3919,1.0408,0.8086,0.6736,0.5531,0.77,1.3,1,0.7,0.6,0.9667,0.4699,0.7103,0.3944,0.7739,0.1,0.1,0.139,0.2,0.3,15.7967,11.4177,130.2636,7.2796,7.8246,1.6328,3.026,2.3816,1.5014,2.2597,11.4274,14.861,12.1409,8.5693,7.5133,5.8451,5.6775,5.5518,5.1594,4.9078,3.0427,5.7987,4.4248,3.6685,3,0.9,0.7097,0.6609,0.5683,0.5631,3.6809,1.9385,2.3536,1.8638,1.7416,1.0001,0.8825,1.0785,1.0329,0.7397
2004-10-01,1.1139,1.2302,0.857,0.786,0.9548,0.5326,0.6142,0.7872,0.8868,0.7719,0.8705,0.679,0.6855,0.7975,0.6895,0.791,0.605,0.6021,0.676,0.4807,0.033,0.1,0.167,0.3,0.2,35.9975,43.9794,5.6838,5.9217,15.2719,1.4988,2.4992,2.0549,2.5586,2.1053,11.4353,7.5563,7.765,8.8294,9.2285,5.5909,4.8366,5.1197,4.9289,5.8027,4.4808,3.7037,3.6871,3.5061,3.4902,0.6002,0.8138,0.7849,0.6885,0.7503,1.7465,1.9172,1.4611,1.277,1.1987,1.7107,0.892,1.0854,0.8948,0.8356
2005-01-01,1.1523,1.1579,0.5835,0.6223,0.787,0.824,0.6675,0.3758,0.787,0.8598,1.127,0.641,0.6385,0.5605,0.57,0.2295,0.4752,0.445,0.6248,0.4798,0.0815,0.1035,0.2,0.203,0.2,91.7573,3.6363,5.2337,11.1854,6.9805,1.5295,1.3745,1.7928,1.8331,1.3988,8.3879,10.118,10.8148,9.3868,7.6992,3.056,3.9158,5.381,5.8738,3.5274,4.2467,2.9229,2.4836,2.6506,2.2039,0.6786,0.6998,0.6129,0.9448,0.7815,2.1398,1.8191,1.2695,1.2133,0.9504,1.1569,0.7999,1.0227,0.8921,1.2843
2005-04-01,1.0935,0.64,0.8356,0.9732,0.6841,0.3809,0.3846,0.8067,0.8356,0.6929,1.4,0.65,0.469,0.6,0.395,0.5544,0.4967,0.3961,0.4587,0.3475,0.06,0.1,0.2,0.2,0.2,2.9243,4.7633,5.7827,12.0963,2.7363,1.3308,1.4487,1.1376,0.9985,1.5706,11.9271,13.8196,8.5398,7.2064,10.3033,3.6744,4.3671,4.7322,5.8881,8.3492,3.4446,2.8509,3.4115,2.8737,2.4002,0.8194,0.5799,0.5472,0.6879,0.5078,3.3459,2.7867,2.0311,1.7657,1.4304,0.9694,1.319,1.0501,1.2845,0.9704
2005-07-01,1.0351,0.9617,1.0001,0.915,1.0079,0.8912,0.6025,0.6242,0.5488,0.7462,0.848,0.754,0.6,0.546,0.562,0.3035,0.3309,0.4216,0.5061,0.5636,0.0065,0.1,0.219,0.24,0.229,7.9999,15.8269,14.0259,8.8678,11.4313,2.2837,0.9104,1.1101,1.5754,1.2485,10.3743,9.0711,8.8377,13.0905,9.7151,4.566,4.6714,6.5188,7.8283,6.5737,2.7906,2.5365,2.9157,1.9708,2.9172,1.1809,0.9424,0.7202,0.6505,0.5996,2.143,1.8269,1.003,1.0037,1.1093,1.0035,0.684,0.7542,0.896,0.9978
2005-10-01,1.0946,1.7552,0.747,0.8683,0.8167,0.7775,0.9873,0.6,0.5028,0.8299,1.387,1.2,0.7,0.662,0.772,0.3727,0.4382,0.3837,0.3853,0.4722,0.073,0.13,0.171,0.2,0.237,69.9214,15.5954,14.1094,11.557,8.9301,2.8827,2.0851,1.3408,1.2246,1.3655,13.5991,13.3556,15.296,10.8729,10.0499,3.513,6.4095,9.1447,6.9553,6.0011,2.9307,3.9935,2.5396,1.7002,3.2003,1.7385,1.3046,0.9169,0.8975,0.6811,3.391,3.0565,1.244,1.523,1.5667,1.2308,1.1271,0.8926,0.9728,0.9768
2006-01-01,1.4975,1.3897,0.8138,0.8851,1.1525,0.8115,0.999,0.7275,0.8952,0.7764,1.7,0.988,0.7,0.7,0.623,0.5758,0.5354,0.4683,0.4765,0.4819,0.1,0.2,0.209,0.327,0.3,8.9312,10.2419,10.846,6.9692,7.1228,1.8987,1.9016,1.4887,1.7808,1.4877,13.7385,11.9259,8.5459,9.9175,6.7202,6.1099,7.8775,7.0528,6.4678,4.1195,4.9905,2.2857,3.2196,2.5509,2.3309,1.9936,0.9,0.7947,0.7048,0.8518,5.0935,1.3676,1.4101,1.3442,2.2382,1.9008,1.0191,0.9152,0.8204,0.9548
2006-04-01,1.0187,1.3034,1.1204,1.1988,1.2029,0.6,0.5968,0.5781,0.6093,0.6422,1.33,0.7,0.6003,0.6,0.5705,0.2312,0.3933,0.5553,0.5454,0.4879,0.0102,0.1949,0.2153,0.3819,0.4,9.2826,9.2832,11.0812,5.4411,6.5228,1.5978,0.9604,1.3824,1.3281,1.6927,16.3052,14.0207,14.0119,8.8702,8.1202,5.2652,8,9.1494,5.5328,6.7834,1.93,3.3138,2.6171,2.9755,2.1,0.7748,0.7467,0.6219,0.6919,0.5,4.8626,1.8,1.9488,1.7586,1.9825,1.1883,0.7401,0.8,1.0508,0.8911
2006-07-01,0.7209,1.2269,1.294,0.8711,1.3626,0.7705,0.7806,0.7,0.6904,0.7496,0.97,1.17,0.7,0.8,0.6,0.3344,0.3566,0.436,0.5621,0.4064,0.1103,0.27,0.2787,0.3404,0.384,17.5501,11.0563,7.4469,4.2143,6.3811,1.8874,1.3723,1.4701,1.1709,1.0457,11.0026,12.3554,5.7539,6.0101,5.685,7.5102,9.4476,5.5388,6.9504,7.1269,4.5691,3.6109,2.567,2.268,2.4189,0.7189,0.9236,0.636,0.588,0.6012,2.681,2.6016,2.0652,2.3309,2.4136,1.3002,0.6974,1.0704,0.7,0.9146
2006-10-01,1.5173,1.3215,0.8355,0.8943,0.7832,0.9428,0.7138,0.7661,0.6222,0.6433,3.4,0.7335,0.6846,0.5,0.7,0.3549,0.3109,0.5626,0.3382,0.4015,0.2,0.3,0.2333,0.4,0.4898,8.5465,6.6636,5.0396,4.7425,3.7759,1.7028,1.0324,1.2233,0.903,1.0524,14.6961,13.134,7.1187,10.8931,5.6985,6.3469,7.019,6,6.0709,4.898,2.1544,2.607,2.3044,1.6378,1.7863,0.9392,0.5916,0.7177,0.3515,0.601,2.0669,2.1472,2.5555,2.2583,2.6,0.8518,0.8295,1.0479,0.8875,0.8
2007-01-01,1.0693,1.0101,0.9061,0.8144,0.7715,0.4225,0.5931,0.6954,0.5107,0.6193,1,0.5096,0.62,0.7,0.45,0.2765,0.4552,0.3739,0.4485,0.3228,0.0049,0.2,0.2,0.4,0.3858,8.8431,6.0091,5.8488,5.7515,4.905,1.0694,1.2422,1.3574,1.3997,1.0078,20.8276,11.1484,8.5097,9.9105,11.5123,8,4.2247,4.6807,3,3.9475,3.6302,2.8286,1.738,2.171,3,0.772,0.7523,0.5267,0.3696,0.5214,1.7228,1.9604,1.8523,2.1137,1.8337,1.0255,0.9367,0.7754,0.7083,0.7856
2007-04-01,1.5041,1.4,1.1181,0.8208,0.7865,0.4549,0.7716,0.5876,0.5962,0.4015,1.8267,0.7392,0.9311,0.7,0.6,0.3274,0.4994,0.3593,0.3054,0.3475,0.1,0.1393,0.2,0.4,0.3932,7.612,5.9656,4.8368,4.4488,4.9701,0.9608,1.1976,0.9997,0.787,0.6646,21.3303,16.5188,8.6198,11.5827,8.2432,5.6602,6.6919,6.9107,3.3632,3.3208,2.7693,2.7073,2.0013,2.1166,1.4423,0.6,0.7177,0.5478,0.546,0.4622,3.4638,1.6746,1.5,1.0948,1.1456,0.9846,0.6221,0.782,1.2767,0.9614
2007-07-01,1.6165,1.1939,0.7849,0.8721,0.8178,0.5,0.6,0.743,0.6148,0.6216,0.8646,1.1,0.77,0.6936,0.7,0.4228,0.2986,0.3861,0.3842,0.4105,0.1357,0.1142,0.2,0.2,0.2443,12.0895,5.2887,2.5245,4.165,4.9733,1.6671,1.2012,1.2474,0.7618,1.1037,15.7512,13.0959,10.3409,10.2866,15.518,3.7034,5.3015,5,5.5057,5,2.5548,2.056,1.7495,2.3417,1.602,0.7,0.8008,0.792,0.646,0.5849,2.2845,1.6672,1.5,1.2695,2.1411,1.1751,1.0059,0.9915,1.1691,0.7549
2007-10-01,1.1759,1.5166,1.2608,1.1091,1.0371,0.5658,0.7805,0.7211,0.6063,0.5816,1.3005,1.1,0.7854,0.7331,0.8181,0.2886,0.4168,0.3176,0.2577,0.351,0.1,0.1,0.2,0.3,0.3,10.0534,8.2732,7.7173,4.7585,3.9757,1.422,1.4129,1.0029,1.113,0.7842,18.2754,30.4649,24.3836,19.2501,24.4206,7,6.8972,6.8382,6.9561,5.8445,2.9179,2.9858,2.5216,2.346,2.2877,0.7182,0.6662,0.5125,0.7222,0.5872,2.9265,1.2559,1.0559,1.3141,1.1534,1,0.8833,0.9357,0.9168,0.9214
2008-01-01,1.9419,2.0455,2.4433,1.1633,1.4862,1.0213,1.3198,1.2717,0.929,0.7784,1.15,1.3582,1.1331,1.1905,0.9439,0.455,0.5879,0.6368,0.6051,0.7385,0,0.2,0.3,0.4,0.4905,10.3795,20.4013,13.6163,7.5567,7.513,2.1706,2.7219,1.8402,1.781,1.7601,26.443,22.49,35.5544,23.9338,26.489,11.2385,9.6343,9.0037,8.2,9.9883,4.4298,3.8322,4.4548,4.2193,3.6313,1.1533,1.1753,1.1914,0.8978,0.7709,1.5022,1.4925,1.4852,1.9048,1.5,1.5,0.75,1,1.0479,1.0088
2008-04-01,1.8887,1.453,1.9824,1.5005,1.0096,1.3307,1.2077,1.218,1.3657,0.6947,1.2,1.2,1.14,0.8,0.8,0.3904,0.4161,0.5345,0.7581,0.7477,0.1,0.3,0.3,0.4,0.6,19.4324,16.4859,14.58,10.3071,8.8712,2.2488,2.5353,2.1751,2.1416,1.3696,21.1285,30.1058,24.7387,24.5186,31.8571,8.5693,10.0277,9.3302,8.7372,7.8206,3.66,5.5601,4.7679,4.7894,3.14,1.1998,1.4746,1.6766,1.142,0.7582,2.0478,1.5334,1.4062,1.1358,1.4116,1.5092,1.0127,0.7951,0.9378,1.0768
2008-07-01,1.2,1.5779,1.9372,1.5879,1.0176,1.3959,1.5713,1.1526,1.2,0.8549,1.834,1.3,1.2791,1.2968,1,0.43,0.5181,0.7747,0.6543,0.6249,0.158,0.21,0.2435,0.3567,0.5298,19.597,14.4599,8.7237,8.9481,9.5,3.3274,2.444,2.7088,1.9658,1.7076,30.1651,25.5134,24.9025,21.8214,14.9026,7.872,7.482,7.7819,8.1424,8.0516,3.7815,4.217,5.0661,3.5249,3.1527,1.324,1.7019,1.5882,1.2902,0.8188,2.2767,1.5004,1.1848,1.3327,1.5,1.0668,0.9682,0.9946,1.0593,1.2745
2008-10-01,1.7431,1.9627,2.6593,1.6132,1.6862,1.6803,1.6158,1.7274,1.3519,1.3712,3.7443,1.8999,1,1.0283,0.941,0.6313,0.845,0.7979,0.7203,0.9166,0.2,0.3608,0.5,0.4789,0.5,21.1309,27.9773,12.5599,13.5995,9.3234,3.3319,3.9839,3.3684,2.7779,1.7377,24.4781,22.98,22.2135,33.4795,21.8349,8.0745,11.6595,10,9.7128,12.7,6.5157,6.9512,5.8496,4.3747,4,2.2228,2.3899,1.6924,1.1277,1.0939,6.6405,1.9246,2.4481,1.8371,1.3305,2.2987,2.6487,2.0919,1.75,1.7865
2009-01-01,2.4801,2.3982,3.3559,2.8172,1.364,1.34,1.7,1.8335,1.5028,1.0027,1.8726,1.31,1.103,1.1,1,0.9338,1.4559,1.3909,1,0.7187,0.2994,0.4,0.4,0.6,0.885,19.6352,14.396,19.4743,7.8897,12.0044,5.9863,3.0485,3.5767,2.3767,1.9676,40.7115,32.8086,57.3581,48.9589,52.2606,14.949,8.5632,10.1171,10,15.1725,6.1446,6.566,6.5256,5.4706,5.9474,1.5167,2.4745,2.4352,1.3879,1,3.8026,4.1876,3.8734,3.1138,3.1703,2.8712,2.6395,2.267,2.5,1.552
2009-04-01,3.0642,2.4634,2.4256,1.9596,1.6493,1.6307,2.0223,1.5,1.3517,1.0473,1.6825,1.3,0.9323,0.9599,0.8424,0.943,0.8025,1.2672,1.1319,1.351,0.2036,0.3543,0.5,0.5,0.6,25.1601,15.6196,9.0373,11.3675,10.4768,6.2098,7.0097,3.5918,2.6504,2.4572,46.5044,52.5717,55.9822,56.5619,31.0664,11.5518,12.7953,7.9744,14.7849,19.5977,5.7921,5.6148,6.6932,7.2067,4.5523,1.9741,1.9515,1.1614,1.0938,1.0255,6.0709,5.7389,4.5119,2.6178,2.4248,3.1111,2.3155,2,2,1.7114
2009-07-01,1.9265,2.1605,2.0184,2.4385,1.9082,1.502,1.3619,1.0245,1.1578,1.3428,1.6,1.3,0.6,0.8,1.4,0.7128,0.7882,1.2657,1.3076,0.8432,0.1087,0.3,0.5,0.495,0.5,15.3446,12.612,12.9483,14.6973,10.9139,7.984,3.413,3,2.9001,2.7921,40.9191,28.7701,69.0245,28.7038,37.7109,13.9104,9.4498,14.8898,15.2474,11.6442,5.7775,6.6577,5.2063,4.3558,3.4774,1.2571,1.0513,1.0766,0.8201,1.0412,5.2331,6.1765,4.0084,3.4854,3.8871,3.4282,2.8026,2.5,2.0967,2.667
2009-10-01,1.4969,2.25,1.5275,1.4052,1.367,1.2778,1.0007,1.1645,1.3007,1.1789,0.8,1.1,1,0.9,0.6173,0.5587,0.8877,0.786,0.9705,0.8145,0.2667,0.3,0.344,0.5,0.7,17.6909,12.0765,12.0316,10.284,8.0353,3.3053,3.0656,2.5041,2.0623,2.4284,40.3605,45.2396,18.0305,24.7277,25.25,11.539,12,12.306,11.9685,10.5653,5.5673,3.8286,3.4795,4.4107,3.5458,1.5,1.2182,0.7,0.949,0.9118,3.7439,3.5888,2.7824,3.8486,3.003,1.9,2.4136,2,2,1.3947
2010-01-01,1.1126,1.1574,1.1864,1.2111,1.1556,0.8134,1.1485,1.1114,1.1205,0.8964,1.1555,1.4,0.8,0.9,0.6476,0.6976,1.2231,0.9713,1.1286,1.0232,0.2225,0.336,0.494,0.5333,0.6,15.4741,12.1801,7.724,8.8291,8.6189,2.4481,2.7354,2.4081,1.7045,1.6301,35.4328,49.3971,49.4827,35.3908,39.9409,8.436,10.3777,9.4688,9.8926,14.8795,3.936,3.7537,4.9735,3.52,1.9775,0.6379,0.896,0.9,0.8768,0.9468,2.8587,3.2885,3.5221,3.0242,2.6175,1.5,1.5057,1.3989,1.5428,1.9815
2010-04-01,1.501,1.3133,1.0213,1.2061,1.3176,1.009,1.2316,0.8118,0.8955,0.9524,1.2485,1.0481,0.664,0.7184,0.6582,1.0488,1.0856,1.0606,0.8639,1.0112,0.22,0.2072,0.5,0.6,0.7387,12.5394,16.6349,10.1833,11.4943,6.9955,2.6767,2.5625,2.1697,1.9429,2.181,29.6535,55.6409,44.2585,45.5024,36.795,9.4661,7.7667,10,14.6391,14.816,4.235,2.7101,3.1817,3.1878,2.5414,1.2492,1.0817,1.0479,0.9804,0.7463,2.7831,3.2574,3.6639,2.6515,3.2359,2.2484,1.897,1.2366,1.7,1.8891
2010-07-01,1.1731,1.2062,0.8499,1.4529,1.7968,1.4064,1.1126,1.1429,1.0128,0.8033,0.9,0.8,0.732,0.7637,0.8386,1.3122,0.619,0.7578,0.9254,1.076,0.165,0.3,0.5,0.5639,0.5,9.1574,7.9747,8.1709,8.5082,7.6119,1.6508,2.3,2.1769,1.9427,2.2651,41.578,30.976,30.7516,39.7065,41.965,14.5,5.2949,9.7,10,10.4217,5.891,4.3069,5.6722,4.4717,5.6105,0.6546,0.6137,0.6228,0.8834,0.84,3.046,2.9333,2.4258,2.7715,3.2655,2.3675,1.7001,1.6699,1.4609,1.3479
2010-10-01,1.9263,1.0981,1.7389,1.645,1.0998,0.81,0.7945,0.8153,0.9101,1,0.7542,0.9,0.9528,1.0193,1.0788,0.6893,0.6609,0.6454,0.8447,0.8743,0.2,0.31,0.4,0.5,0.67,12.3528,5.7784,4.18,7.453,8.2839,2.5801,2.5534,1.7209,1.9095,1.6886,25.7759,21.8002,40.2962,19.2641,22.7288,9.5595,5.9861,10.6379,11.6328,15.0899,4.5756,6.1184,5.0391,5.5604,5.3905,0.7446,0.7283,0.9419,0.6543,0.9502,3.4802,2.9342,2.7154,2.1518,2.8295,1.3971,1.5752,1.0405,1.4574,1.5515
2011-01-01,1.3297,1.622,1.1358,1.2691,1.5518,0.7097,0.7673,0.9599,0.9039,0.883,1.2991,1.3339,0.9554,0.8934,1.2,0.473,0.713,0.7777,0.9929,0.7447,0.2333,0.3374,0.4997,0.5,0.5541,11.0318,7.2819,7.6725,6.1473,8.4136,2.8477,1.238,1.5,1.6467,2.0118,33.4607,40.9475,29.5531,27.6897,33.9243,9.2347,10.9527,12.2285,14.4295,18.2081,3.7059,3.6463,3.413,4.0682,3.2938,0.9561,1,0.7778,0.6948,0.7207,3.0474,3,2.6527,3.3099,2.9826,1.6647,1.0221,1.788,1.8363,1.388
2011-04-01,1.2187,1.6464,1.1642,1.3189,1.1745,0.8534,0.8004,0.7694,0.9302,0.9174,1.71,1.1908,1.1397,0.9,0.92,0.8245,0.7869,0.7849,0.6698,0.8066,0.17,0.23,0.35,0.31,0.5,9.1657,7.7516,3.7188,12.0821,6.4762,1.795,1.1366,1.8528,1.6996,1.7796,28.7114,33.4633,32.8829,26.651,24.0061,8.0625,5.8835,10.4864,14.2332,15.9396,6.8919,4.209,5,4.9943,3.8209,0.6364,0.6591,0.7213,0.6591,0.6625,5.0981,2.9779,3.1775,2.6426,2.2396,2.336,2.2495,2.3573,1.6756,1.3349
2011-07-01,1.2355,1.1,1.2676,1.1147,1.3618,0.7634,0.6974,0.792,0.4789,0.9738,1.9008,1.0575,0.9432,1.1463,0.9452,0.6157,0.6751,0.6808,0.9006,0.9766,0.1205,0.2374,0.3,0.3995,0.4333,10.5635,6.3688,5.8537,5.6261,7.4057,2.0775,1.6554,1.9506,1.8799,1.8447,22.9783,20.6077,17.0117,25.4369,22.4063,3.9063,4.925,4.9191,6.6385,9.6132,4.7253,3.3799,3.5901,3.463,3.3907,0.8035,0.8526,0.822,0.4187,0.7455,3.179,3.6977,3.0789,3.1765,3.2534,2.0208,1.8037,2.4741,1.7926,1.5775
2011-10-01,1.5663,1.7687,1.9307,1.461,1.684,0.8447,1.0487,0.8448,0.8272,0.8734,0.9484,0.9727,1.55,1.0996,1,0.5161,0.5395,0.6571,0.4827,0.6133,0.1,0.2512,0.3593,0.428,0.5555,12.537,7.0919,6.4867,7.8977,6.5286,2.0588,2.2939,2.4323,2.1167,2.1582,18.6704,9.8416,16.4705,17.2996,21.9237,3.2962,3.7,4.4503,8.8918,6.8023,4.4564,5.4077,4.0006,4.5127,4.3526,0.6,0.6268,0.5,0.5441,0.6704,3.0455,3.7637,4.3486,4.518,4.1905,1.5715,1.3482,2.0826,1.8654,1.7286
2012-01-01,1.2465,1.2383,0.9335,1.0762,0.8836,0.6855,0.6415,0.5712,0.5738,1.0119,0.9,0.9005,0.7302,0.6,0.7174,0.6002,0.3258,0.3721,0.532,0.5626,0.2,0.2077,0.3021,0.4671,0.5,6.9572,6.8821,6.3635,8.2102,12.0342,1.8626,1.1325,1.0923,1.2993,1.7502,20.4012,12.6985,20.9613,14.7607,24.7907,5.426,4.7439,5.6591,6.0426,10.9492,5.2546,2.6351,3.191,3.3849,3.802,0.8936,0.432,0.5897,0.6991,0.8936,4.4465,4.3436,4.2202,4.6511,3.5,2.2,1.8024,1.6032,1.9618,1.8841
2012-04-01,1.371,0.8017,1.0218,0.8435,1.1251,0.6853,0.501,0.7054,0.8239,0.6174,0.9,0.53,0.6,0.49,0.8856,0.2958,0.3944,0.41,0.3491,0.3377,0.1,0.2593,0.3,0.4,0.4,12.9988,8.2227,6.8089,8.1301,6.7884,1.4228,1.2119,1.3211,1.235,1.4495,15.2386,13.9726,18.3659,19.794,23.7815,6.8202,6.0246,6.2006,7.6552,9.2349,4.2272,3.676,3.5583,4.1156,3.3625,0.4208,0.4,0.7652,0.6997,0.7512,3.8409,4.0832,3,3.7022,3.2571,1,1.1917,1.2025,1.6942,1.4281
2012-07-01,1.0409,1.0682,1.0521,1.1071,1.3522,0.9592,0.6,0.767,0.6957,0.9767,0.8232,0.6,0.7652,0.8,0.5309,0.3345,0.4011,0.4634,0.589,0.5821,0.172,0.2,0.3,0.2358,0.3,6.6155,5.2266,11.7512,7.8747,5.6667,1.5265,1.3099,1.6463,1.5919,1.2083,15.9094,16.3884,11.3909,19.5983,17.3211,5.5559,6.8,8.7957,9.2184,10.5691,3.8966,2.6135,3.0841,2.52,3.585,0.7875,0.8915,0.8039,0.3857,0.7175,3.0305,3.5338,3.7852,3.2767,3.0747,1.4047,1.3691,1.4382,1.5067,1.3914
2012-10-01,1.1535,0.8432,0.903,0.9798,1.0115,0.6335,0.8677,0.6765,0.7187,0.8454,0.815,0.7407,0.821,0.5924,0.5596,0.4688,0.5069,0.4587,0.3013,0.517,0.1332,0.2,0.2,0.2833,0.3,7.062,13.3389,6.0961,4.4871,5.8081,2.1597,2.1,1.5016,1.2445,1.6174,21.6153,16.5364,16.5943,17.811,11.9721,7.7568,5.4139,8.131,9.5098,10.5412,5.4725,4.1159,3.4715,3.5488,2.5321,0.6989,0.8558,0.5473,0.5398,0.6269,4.9,3.006,3.4665,3.0034,3.2038,1,1.3843,1.1302,1.1806,1.039
2013-01-01,1.6626,0.8423,0.946,0.816,0.7539,1.0656,0.5846,0.7577,0.6718,0.6417,1.1,0.5,0.5018,0.498,0.5,0.4593,0.2838,0.2926,0.418,0.3494,0.1,0.1321,0.209,0.2812,0.4,10.7645,5.4262,5.6824,5.8696,7.0562,1.3182,1.2489,1.402,1.4488,1.4338,21.7531,14.3836,12.9254,20.0068,21.4528,7,8.5224,11.1589,10.037,9.7442,2.5219,2.4207,2.3305,2.9153,2.7194,0.8827,0.6933,0.5866,0.5707,0.6658,6.9586,3.1417,3.2767,2.9301,4.3141,1.1411,0.8866,1.19,1.1,1.0927
2013-04-01,1.2021,0.813,0.9351,0.9166,0.9309,0.7127,0.677,0.7863,0.8005,0.6611,1.4,0.5,0.5,0.4757,0.5795,0.4014,0.4311,0.473,0.3,0.3813,0.1114,0.2,0.24,0.3013,0.3004,11.9213,5.9774,3.5242,5.5275,2.0298,2.0679,2,1.6052,1.631,1.2724,20.8395,13.5641,14.0083,13.592,13.3926,6.817,6.1534,9.6,8.344,8.0189,2.796,2.4476,3.0138,2.3486,2.5911,0.7178,0.7998,0.7589,0.6817,0.6028,6.2396,3.3706,3.5656,2.0608,2.8814,0.8707,1.1009,0.993,1.0248,0.9
2013-07-01,1.0598,0.8363,0.9808,0.9335,0.6268,0.6153,0.7249,0.756,0.5874,0.5822,1.5,0.7,0.7,0.6859,0.5663,0.2193,0.3751,0.3718,0.2642,0.397,0.1133,0.1244,0.2,0.2055,0.3028,4.1003,3.515,5.0732,2.5841,2.2203,1.9433,1.8874,1.6168,1.8493,1.7189,43.6067,25.6769,14.7764,20.9929,14.4616,5.4368,5.8676,5.5,6.485,7.6033,1.4833,2.1145,3.3528,3.1599,3.4422,0.42,0.6756,0.7511,0.6049,0.66,3.3696,3.4535,3.7494,2.5485,3.1929,0.7697,0.8161,0.9898,1.3456,0.8589
2013-10-01,1.1573,0.8553,0.7247,0.7048,0.6686,0.7,0.6701,0.6,0.5846,0.5211,0.7597,0.605,0.458,0.48,0.6989,0.2207,0.2672,0.4667,0.5809,0.6075,0.1,0.1003,0.2,0.3,0.3,6.5794,3.8238,3.4732,5.0481,3.7177,1.6703,1.3687,0.9746,0.9526,1.15,22.8159,31.9848,23.4095,18.3385,19.0907,9.05,4.6375,6.8825,9.8296,8.0853,2.4431,1.8,2.5377,2.6538,2.2664,0.451,0.4724,0.5225,0.5471,0.4603,3.8931,2.8278,1.8359,1.8,2.1952,1.4437,0.8134,0.8977,0.5101,1.0568
2014-01-01,1.5043,1,0.6674,0.596,0.669,0.752,0.9369,0.7409,0.8707,0.7083,0.6168,0.5745,0.6081,0.5202,0.5881,0.3077,0.2743,0.4196,0.5258,0.4171,0.2,0.1778,0.2398,0.3,0.2036,10.1722,6.1721,4.0946,4.3891,4.8673,1.9084,1.3199,0.9646,0.9847,1.0151,32.3376,25.6269,24.7267,24.4644,18.6978,7.2982,8.9985,7.0547,8.1163,7,2.1637,2.5,1.9968,1.9581,1.999,0.5621,0.6917,0.5013,0.6069,0.6356,4.9044,2.6,2.7335,2.6552,2.0994,0.8584,1.353,1.3098,1.0152,1.1257
2014-04-01,1.1702,0.6009,0.6937,0.7937,1.0667,0.6923,0.906,0.9266,0.7381,0.7237,0.5496,0.4102,0.4212,0.43,0.5,0.2157,0.4039,0.415,0.445,0.4356,0.1241,0.2,0.2569,0.3234,0.3964,4.5939,3.3257,3.4274,3.5995,3.1872,2.1639,1.1573,1.2804,1.2999,1.4974,51.9693,32.2293,33.015,25.7555,18.7505,6.4,5.9327,9.0311,8.4013,7.6206,2.2758,1.3638,1.9602,2.1207,1.8479,0.9658,0.9782,0.7386,0.5574,0.5553,2.8237,2.9833,2.3688,2.4197,2.4986,1.4547,1.425,1.4342,1.2,1.2174
2014-07-01,1.3403,0.7455,0.7398,0.9314,0.8058,0.8608,0.8162,0.5906,0.7501,0.5945,0.6435,0.4998,0.3725,0.5995,0.6239,0.2899,0.433,0.4771,0.42,0.4676,0.0467,0.1324,0.1333,0.3,0.3,6.1838,4.0684,6.4296,4.5424,5.2489,1.7297,1.4388,1.0189,1.5089,1.7084,18.9979,29.6574,20.7091,20.0586,14.7636,7.5281,7.5,6.2144,6.3953,8.175,2.0633,1.6166,2.0667,1.967,1.9144,0.6073,0.6466,0.8798,0.8364,0.642,2.433,1.2104,1.5,1.9,2.1396,2.303,1.0085,0.8628,0.8824,1.0714
2014-10-01,1.1998,0.7664,0.8857,0.7741,0.555,0.7694,0.6437,0.5507,0.566,0.5224,1.5207,0.8653,0.6948,0.4799,0.5475,0.2406,0.4459,0.4859,0.6938,0.7369,0.1,0.1866,0.258,0.2923,0.4049,6.2048,8.7801,5.4216,4.2535,5.3187,1.2301,1.4459,1.0545,1.149,1.4755,17.0936,17.1224,19.613,13.7745,16.154,4.725,5.9343,7.7053,6.6798,6.4426,1.6745,2.1903,2.0833,2.264,1.9327,0.5217,0.7094,0.6664,0.7,0.4,5.2472,2.6854,2.7414,1.9704,2.118,0.9499,0.9905,0.6662,0.986,0.9247
2015-01-01,1.5134,0.8658,0.9621,1.1187,0.943,0.6821,0.5486,0.6459,0.6037,0.6812,2.92,0.7642,0.78,0.5038,0.7,0.3629,0.4425,0.5228,0.5367,0.6126,0.1,0.156,0.2702,0.2631,0.3037,7.5446,11.5596,5.6204,8.8042,5.8087,0.7755,0.8,0.5068,0.7562,1.3841,16.8441,15.2058,18.2282,8.9722,10.0261,5.726,3.8433,4.8447,5.5829,5.8,2.264,2.1512,1.6,2.1,2.12,0.9882,0.8049,0.8337,0.65,0.8126,2.1053,2.1132,2,2.079,1.9495,0.9,1.0577,1.1183,0.927,1.1795
2015-04-01,1.5831,0.9124,0.9858,1.107,1.175,1.2555,0.5175,0.5151,0.6901,0.6,1.462,0.9,0.63,0.5973,0.4894,0.2528,0.3301,0.5224,0.6741,0.6371,0.0638,0.12,0.2773,0.3,0.317,23.4842,10.4444,7.587,8.0542,2.6688,1.7524,1.4122,1.1907,1.3936,1.606,51.0641,24.0036,16.2303,13.7325,9.6156,3.348,6.4092,5.9436,8,5.1128,3.7326,2.6588,1.9215,1.9311,1.8982,0.7001,0.5458,0.7783,0.7,0.4916,2.3852,1.7836,1.6348,1.5981,1.7582,1.8025,1.135,0.8888,1.0229,0.9981
2015-07-01,1.0149,1.0157,0.8445,0.7419,0.7926,0.7818,0.57,0.4531,0.59,0.5041,0.7212,1.1124,0.8548,0.5462,0.5,0.1938,0.288,0.3969,0.3744,0.4658,0.1,0.1,0.1369,0.2368,0.3067,12.6509,9.5741,10.0785,9.5889,5.4847,1.6685,0.914,1.3808,1.0971,1.4861,22.1943,16.8021,11.1499,12.3276,11.4815,3.9325,5.3321,5.4271,5.2615,4.4579,2.181,1.791,1.8968,1.7225,1.4873,0.529,0.607,0.7321,0.5339,0.483,1.2328,1.3767,1.6972,1.399,1.5074,1.1297,0.8452,0.9559,1.0831,0.9967
2015-10-01,0.9369,0.981,1.0869,0.9323,1.0026,0.7286,0.5798,0.6399,0.6822,0.6098,1.4,0.6,0.5,0.5,0.5335,0.154,0.2498,0.2057,0.3381,0.3229,0.0842,0.11,0.19,0.2425,0.3416,13.5794,8.5267,4.9903,5.3478,5.0593,1.6657,1.2036,1.0465,1.2082,1.1266,20.9319,8.9248,8.6052,9.174,8.949,4.0317,4.904,4.9525,2.9967,4.3888,3.1381,1.695,1.7936,2.2648,2.3682,0.448,0.3928,0.5001,0.5675,0.538,0.7274,1.2899,0.6889,1.0559,1.6529,0.9259,1.1886,1.0451,0.8822,0.8384
2016-01-01,1.2792,1.1076,0.6772,0.5332,0.811,0.7531,0.8612,0.6128,0.5231,0.3196,1.7783,1.0895,0.8,0.7018,0.5846,0.3088,0.2615,0.3138,0.3344,0.3554,0.0457,0.1129,0.21,0.25,0.3,8.7054,4.8409,6.0072,5.1582,5.7393,2.7738,1.0184,1.1614,0.9642,1.0393,19.6979,13.3629,10.0453,9.2064,9.782,2.7614,3.8101,3.359,3.5619,4.4116,3.4445,2.1914,2.1473,2.248,1.753,0.6409,0.4269,0.6044,0.5039,0.4235,2.0166,1.3122,1.7,1.6096,1.3933,0.8272,1.0106,0.6222,0.8034,0.6045
2016-04-01,0.8755,0.8817,0.7076,0.8102,0.8639,0.7708,0.5457,0.4268,0.464,0.5245,1.3,0.9,0.6515,0.4,0.4166,0.267,0.298,0.3831,0.6031,0.5388,0.1446,0.1352,0.2139,0.1863,0.219,16.4836,5.5238,9.3384,6.6164,4.211,2.2358,1.479,1.2647,1.4204,1.3535,20.8029,11.6164,12.6057,13.233,10.0029,4.4668,2.9748,3.3374,3.5,3.527,3.7574,2.2372,1.8614,2.0275,1.9691,0.4295,0.3112,0.3901,0.4398,0.3766,1.754,1.4699,1.5731,1.5,1.2646,0.9136,1,1.1,1,1.0876
2016-07-01,1.2277,0.8077,0.7016,0.7891,0.7028,0.8304,0.3722,0.4336,0.3823,0.5475,0.6223,0.6882,0.6,0.618,0.6015,0.5226,0.4,0.3741,0.456,0.4027,0.062,0.1,0.1577,0.1698,0.2415,6.4089,5.357,3.8905,3.8615,3.7865,2.2013,1.512,1.2909,1.0928,1.4122,13.7642,13.7075,11.8188,12.042,8.2505,3.5375,3.9698,4.0983,3.9184,3.6804,2.3776,1.8714,1.3821,1.4386,1.663,0.6922,0.4942,0.4,0.3,0.4334,1.4433,1,0.9305,1.3709,1.8621,0.7803,0.7085,0.557,0.7096,0.8711
2016-10-01,0.86,0.776,0.7913,0.592,0.7231,0.5496,0.4509,0.4405,0.4332,0.5,0.8687,0.4781,0.4198,0.3294,0.32,0.2021,0.2269,0.2922,0.2171,0.3607,0.1,0.1053,0.2,0.2167,0.3,8.4328,4.1942,5.9598,4.3656,7.2505,1.6049,1.189,0.9699,0.8627,0.8914,20.0624,10.3785,7.0554,7.2887,8.0284,2.8081,3.2056,3.1559,2.4998,4.2552,2.0026,1.3127,1.2876,1.1089,1.4546,0.6119,0.4376,0.3509,0.269,0.4997,1.4884,0.9587,1.4192,1.6191,2.1407,1.2003,0.5311,0.7476,0.8664,1.1836
2017-01-01,0.6912,0.6968,0.726,0.9021,1.022,0.6063,0.601,0.6766,0.5487,0.7787,0.5032,0.5836,0.4336,0.68,0.5719,0.2225,0.2096,0.2757,0.274,0.3561,0.1065,0.1015,0.2,0.2018,0.2911,8.7366,7.1658,6.0062,5.8517,15.452,1.0434,1.1965,1.2643,1.2752,0.7957,16.0273,11.7395,7.1761,6.93,7.8417,3.1486,3.3664,4.1256,3.8709,2.6,1.4989,1.6499,1.5178,2.0805,2.4986,0.4962,0.4429,0.4322,0.5149,0.6087,1.9443,1.7119,1.7485,1.9174,2.4886,1.0506,0.8828,0.5119,0.8471,0.7109
2017-04-01,0.814,0.4792,0.8646,0.7025,1.0314,0.4345,0.5546,0.605,0.5136,1,1.3552,0.6,0.7685,0.6233,0.5,0.2665,0.1597,0.2082,0.2744,0.316,0.1928,0.1,0.2,0.3,0.3741,6.6669,4.7436,5.322,9.5859,5.968,2.05,1.1764,1.1924,1.1,0.9212,15.6399,8.5951,6.8385,8.305,8.6693,3.622,3.2483,4,3.2978,2.6886,2.1631,1.7943,1.9228,2.1395,1.3863,0.5772,0.6295,0.446,0.7,0.9837,1.9912,2.2836,1.673,1.9085,1.7894,1.1,0.7609,1.0707,0.8808,1.0314
2017-07-01,1.1251,0.8298,0.9059,1.0229,0.9561,0.5573,0.5546,0.6871,0.8018,0.6803,0.616,0.66,0.6,0.3958,0.4508,0.2443,0.2508,0.2634,0.2719,0.3382,0.0102,0.1,0.2,0.3,0.3329,7.5717,8.2999,7.38,7.744,4.2328,1.309,0.8942,0.9421,0.8741,0.8912,14.589,9.1786,9.8999,11.1518,4.603,4.6216,3.5375,3.2209,2.9,3.0404,1.4726,2.1961,2.2843,2.1706,1.6739,0.5849,0.6193,0.6731,0.869,0.9077,1.8,1.5567,1.8143,1.7512,1.8284,1.181,0.8909,1.1089,0.973,1.1251
2017-10-01,0.8926,0.6627,0.728,0.4902,0.7613,0.4003,0.6783,0.482,0.5591,0.6021,1.0061,0.555,0.4509,0.4116,0.5862,0.432,0.2556,0.2298,0.225,0.1998,0.1,0.1849,0.2432,0.3,0.3062,8.7467,6.7191,4.8231,4.7575,4.5356,2.3105,1.4204,0.8339,0.5106,0.6325,21.0069,11.6314,8.2953,6.405,5.8217,3.141,2.8119,2.5969,3.8825,2.4698,1.7227,2.2026,1.8825,2.0441,1.5927,0.4449,0.5822,0.4273,0.4693,0.5242,1.8027,1.0603,1.1765,0.9673,0.8863,1.2096,1,1.0392,1.1536,1.1754
2018-01-01,1.1913,1.2386,0.7297,0.7929,0.8899,0.6302,0.705,0.8528,0.5281,0.4939,0.7632,0.78,0.6374,0.5596,0.53,0.2008,0.2415,0.1611,0.2266,0.2708,0.1,0.1,0.2,0.2333,0.4,7.1209,11.403,5.8897,4.808,5.9908,2.3481,1.2263,0.7667,0.9339,0.7409,11.1892,8.1524,6.2409,6.2615,5.2449,3.2592,4.6195,4.3349,3.9597,3.4232,2.9154,2.0542,1.9971,2.1146,2.5517,0.52,0.5226,0.5184,0.5257,0.5762,2.4197,1.7562,1.6034,1.5964,1.6102,0.7,0.8082,0.7416,0.7,1.002
2018-04-01,0.8432,0.7195,0.7455,0.8468,0.6883,0.5979,0.5317,0.6324,0.5168,0.3547,0.7,0.8,0.7314,0.758,0.5327,0.1634,0.2405,0.2713,0.2623,0.2653,0.1,0.1439,0.2058,0.2062,0.3,4.5312,5.1676,4.5022,6.3457,3.3557,1.4185,1.0545,1.2822,1.4357,1.082,15.0766,7.9819,6.8845,9.4068,6.6077,5.3023,3.2352,3.0296,3.0296,4.3441,1.6315,1.1105,1.782,2.0898,2.0007,0.4339,0.6061,0.5329,0.4018,0.5195,2.6483,2.8255,3.9922,1.8241,1.7431,1.1,0.8,0.8436,0.9206,0.713
2018-07-01,0.753,0.8308,0.8921,0.8909,0.7827,0.3963,0.7023,0.6831,0.6988,0.7358,0.4526,0.4181,0.3796,0.6,0.5463,0.1574,0.2461,0.244,0.3739,0.3753,0.0908,0.1378,0.1723,0.3,0.3714,8.6447,9.2703,6.1627,4.2895,3.6956,1.115,1.0629,0.8264,0.6865,0.8363,12.2433,10.0967,7.7339,7.5744,6.8252,3.718,3.0057,2.5,2.6926,3.5804,2.1653,1.2636,1.4902,1.8359,1.5521,0.54,0.4679,0.4357,0.4913,0.5711,2.9954,3.9648,1.5868,1.476,1.4992,0.7573,0.6,0.6,0.4992,0.5945
2018-10-01,1.1337,0.7938,1.3007,0.8703,1.0671,0.5999,0.6264,0.6433,0.5937,0.662,0.5047,0.3288,0.6,0.5112,0.6617,0.1865,0.2892,0.2796,0.3542,0.3697,0.0271,0.1494,0.2558,0.3546,0.3714,8.2744,5.6494,6.6234,3.0993,4.1919,1.3259,0.6077,1.0389,0.8566,0.9572,18.8012,10.9006,8.8457,6.5109,6.8875,5.6932,3.2185,2.3689,1.9982,3.218,2.3607,2.4813,1.9203,1.6142,1.7504,0.6,0.4927,0.733,0.6553,0.7305,3.4357,2.4866,1.2717,1.5605,1.7328,0.9897,0.8176,0.9752,0.9036,0.987
2019-01-01,1.7348,1.2342,0.6064,0.7277,0.8878,0.9796,0.5028,0.6173,0.5233,0.5699,0.9,0.6748,0.5469,0.3658,0.6905,0.1551,0.2957,0.3004,0.244,0.2662,0.105,0.1439,0.2854,0.4,0.4775,7.5268,4.54,3.3794,4.0183,4.5084,2.1314,1.0196,0.8589,0.9482,1.2899,19.644,11.9779,8.7124,4.8571,7.2516,4.661,3.4991,2.8379,3.0866,2.2542,1.9393,1.7012,1.5173,1.6157,2.1816,1.3106,0.4161,0.4834,0.6,0.53,1.5847,4.0399,1.2815,1.5,1.4602,1.2553,1.0167,0.9272,0.6744,0.6054
2019-04-01,1.852,0.7467,0.7677,0.9963,1.1984,1.0806,0.5895,0.6597,0.5604,0.7539,1.42,0.4191,0.3851,0.5859,0.53,0.2462,0.2312,0.2818,0.2993,0.5584,0.1,0.1433,0.3,0.3314,0.5,8.0723,2.2947,3.5097,3.9407,5,1.7524,1.0558,1.1577,1.4012,1.4623,20.9145,10.1189,8.9911,6.8969,4.8281,4.5,1.9435,2.55,2.1936,2.8942,2.8771,2.2974,2.1172,1.665,2.1359,0.5236,0.6869,0.5,0.6156,0.6235,4.9362,2.4,1.6983,1.6051,1.8678,0.8587,0.6753,0.7324,0.5978,0.5
2019-07-01,1.0684,0.827,0.8846,1.101,1.1045,0.4273,0.5395,0.6573,0.5822,0.75,0.7449,0.6728,0.4655,0.6,0.404,0.1774,0.2017,0.3299,0.4192,0.6308,0.1,0.1347,0.3,0.3,0.448,7.8734,5.4958,6.261,5.8954,5.4383,2.2133,1.514,1.1705,1.097,1.8401,15.9169,4.6524,6.9088,3.495,6.864,3.2403,2.1566,3.2859,4.0478,3.2085,2.352,1.7137,2.9057,2.0224,1.5925,0.6401,0.4164,0.7039,0.3763,0.6242,2.1893,1.7763,2.4,2.2232,1.7653,0.8342,0.7657,0.6006,0.7058,0.852
2019-10-01,0.8718,0.6289,0.8288,0.7257,0.816,0.5427,0.5814,0.6333,0.8415,0.6558,0.5652,0.5294,0.489,0.3956,0.538,0.2323,0.2785,0.4225,0.6271,0.6418,0.1427,0.23,0.3,0.4066,0.4867,4.9944,16.2865,7.4779,7.5991,8.2899,1.4085,1.9774,1.4805,1.3738,1.5877,9.4275,6.4353,4.4558,6.3967,3.6322,2.7515,2.7,3.9122,2.8387,2.7997,2.8044,3.6314,2.2745,2.1089,2.4631,0.3469,0.5035,0.5505,0.6051,0.7717,1.9,1.6937,2.9814,1.7702,2.2,1.2507,1.0249,0.9096,1,0.9726
2020-01-01,0.9928,0.9675,0.7833,0.8168,0.9289,0.7258,0.792,0.6584,0.5786,0.4722,0.51,0.55,0.4157,0.4266,0.5328,0.1757,0.4925,0.7018,0.4524,0.4274,0.1,0.2,0.2449,0.2873,0.3616,7.0193,5.5748,6.7597,7.644,6.1187,2.5663,1.5636,1.6,1.4691,1.4854,28.5562,9.3712,6.4077,5.4927,3.5364,3.2,2.2142,2,2.3,2.1074,3.0538,1.6899,1.8234,2.1087,2.4,0.6229,0.6,0.5805,0.4959,0.3319,1.7817,2.049,1.6238,1.7279,1.4984,0.9122,0.8225,0.6973,0.8159,0.8
2020-04-01,11.0837,17.9278,4.9371,4.2176,3.8673,9.4651,19.3298,5.3658,3.9658,3.4624,3.74,0.8797,0.8108,1.0034,0.7276,13.4101,28.5694,11.5818,7.4149,5.776,3.1071,4.6973,5.0549,4.1667,4,34.1276,60.2922,42.7321,36.2058,19.2601,25.0605,24.1111,7.6822,9.732,5.3788,22.9093,161.9645,36.9763,41.7316,35.9258,31.3836,26.6184,14.4311,14.8852,11.6348,24.8104,29.2884,12.566,8.5171,6.8304,18.4026,17.2,8.7109,5.3493,4.2428,2.8702,4.4762,2.9192,2.808,2.4993,9.942,5.6716,3.6154,2.2635,1.9045
2020-07-01,7.8682,5.8073,3.9,1.7702,1.7927,6.2957,5.4172,2.9584,1.4866,1.3442,2.1928,0.8656,0.8723,1.025,1.0267,9.7063,6.9544,4.3786,2.9156,2.7596,0.9306,1.1051,1.3742,1.5894,1.6599,52.9478,18.4333,10.2385,7.756,7.9363,24.6011,7.9091,4.8225,3.2857,3.4601,57.8123,29.5542,18.1897,14.3146,14.9885,22.0143,5.9696,4.0683,4.7335,4.6227,15.847,8.0859,5.1864,4.8942,3.1179,12.0471,5.3015,2.651,1.668,1.898,4.8724,4.7053,3,3.4484,2.4883,7.0638,4.4102,3.1289,1.7109,1.9607
2020-10-01,2.35,1.7828,1.5912,1.7234,1.3395,2.3969,1.6504,1.6586,1.3728,1.3817,0.9124,0.9594,0.8931,0.6723,0.7878,2.2893,2.8309,1.9542,2.0842,1.5842,0.77,0.606,0.7581,0.7504,0.7,68.4636,10.2973,6.4952,9.4481,6.2057,6.3662,3.6953,3.0245,2.9093,2.4359,24.1578,21.5523,6.9257,5.2623,4.7961,12.6131,6.6922,7.9803,6.3308,4.5668,6.1694,4.2404,3.0538,4.1521,3.0498,2.6635,2.2868,1.9903,1.5504,1.2509,5.5946,2.6031,2.5991,2.8123,2.6247,3.139,2.8757,2.36,1.8327,1.654
2021-01-01,2.417,3.3548,2.8379,1.8682,1.2541,1.8151,3.0316,2.4597,1.75,1.046,1.3866,0.6943,0.5849,0.5295,0.4,1.2892,2.2638,3.5901,2.8174,1.5425,0.319,0.3453,0.6,0.8,0.9952,19.243,22.9436,9.7791,6.9212,6.6203,4.8787,3.3278,2.7066,2.9057,2.7686,30.2493,15.5371,17.2351,5.898,6.4633,12.2893,9.5,6.3111,5.3904,2.9,5.7331,3.3335,3.8498,3.2981,2.4969,2.413,3.6214,2.5741,2.1555,2.3218,2.9333,6.6266,4.2733,3.1161,2.84,2.9,2.7523,1.9932,2.0188,1.7514
2021-04-01,4.2443,2.6155,2.3625,1.9229,1.4067,2.0237,2.5575,2.0875,1.6054,1.3709,1.5389,0.7785,0.7583,0.7,0.584,3.5251,3.8414,2.0205,0.8938,0.6634,0.3892,0.594,0.8378,0.8643,0.8556,18.3797,10.9755,6.4154,6.1346,2.9481,3.7523,3.0621,2.5814,1.715,1.182,32.7307,12.5425,10.047,9.8481,5.5265,11.3175,7.602,6.4798,5.6186,4.7217,3.2087,4.8666,4.2525,2.1996,2.4,4.3285,1.9279,2.1975,1.9411,1.5783,9.0883,6.6945,4.0007,3.5111,2.0666,2.601,2.0072,3.4857,1.7806,1.3952
2021-07-01,2.4936,2.3242,1.9664,1.8077,1.3581,2.8681,1.8142,1.4185,1.3388,1.1028,2.2738,1.3087,0.9169,0.8696,0.5,2.4943,2.2679,1.2055,1.0849,0.9509,0.2222,0.4653,0.5616,0.7154,0.7417,10.9045,6.0579,7.6167,8.3076,4.3844,3.0862,2.5467,1.592,1.1756,0.9831,27.0197,8.6297,9.8598,6.1632,5.9363,9.9339,4.6963,3.8955,3.2162,3.4251,3.1542,3.6694,3.6616,2.5944,2.0142,3.6,1.9258,1.3984,1.1,0.7623,3.9205,3.7572,2.478,3,2.3794,2.5,2.8186,2.7804,1.7,1.8251
2021-10-01,2.375,1.7966,1.6236,1.366,1.5346,1.8628,1.8,1.3298,1.0746,0.7237,1.2492,1.5246,1.191,0.9007,0.7525,1.4382,1.3558,1.2342,1.1947,1.1502,0.1216,0.3858,0.4405,0.4859,0.4013,25.7064,6.8724,7.5976,5.5246,5.5108,2.5722,2.196,1.3915,1.4157,0.888,21.4228,6.1393,8.8221,7.147,6.6528,7.6362,3.8924,3.0286,2.7091,1.633,4.0067,3.4812,2.4248,2.3813,2.4213,1.2901,1.4274,0.9969,0.7257,0.7253,3.8986,2.4222,2.8403,2.2903,1.9398,2.1864,2.2974,1.5144,1.5,1.2724
2022-01-01,2.9857,3.0092,1.8129,2.4996,1.525,1.8466,1.4856,1.0097,0.9433,0.7559,1.5425,1.9097,1.5734,1.39,1,2.003,1.4513,0.7505,0.7912,0.6302,0.1514,0.26,0.2334,0.2877,0.2413,7.4933,4.6419,5.018,5.6566,7.3848,2.3648,2.1119,1.2209,1.4238,1.2208,17.0659,10.8944,5.1228,6.3802,7.0768,5.8207,6.0998,4.9096,5.2535,3.7604,6.5739,3.6573,3.1532,2.2203,2.0868,2.1698,1.8041,0.8477,0.7386,0.5275,3.6831,3.0512,2.0604,3.2254,1.777,2.0222,1.4934,1.6427,1.392,1.8455
2022-04-01,3.2998,2.7584,1.8972,2.3522,1.8697,1.2801,0.9416,0.5865,1.1975,1.1003,2.0747,2.4055,1.3047,1.1346,1.0061,1.1509,1.0896,0.857,1.0258,0.9064,0.1578,0.3,0.436,0.4493,0.6161,8.3122,8.6447,5.5556,5.7663,4.4701,3.9854,1.5412,1.7592,2.2133,1.6589,23.6027,16.6213,12.214,11.6872,13.2396,6,7.2933,3.7372,5.9,4.4295,4.6681,3.4258,2.4271,2.6873,2.1888,1.3615,0.834,0.9703,0.8255,0.6827,2.9068,2.9467,2.839,2.1103,1.6,1.5906,1.5413,1.5002,1.2806,0.9686
