"quarter","wordcount","T1","T2","T3","T4","T5","T6","T7","T8","T9","T10","T11","T12","T13","T14","T15","T16","T17","T18","T19","T20","T21","T22","T23","T24","T1_sent","T2_sent","T3_sent","T4_sent","T5_sent","T6_sent","T7_sent","T8_sent","T9_sent","T10_sent","T11_sent","T12_sent","T13_sent","T14_sent","T15_sent","T16_sent","T17_sent","T18_sent","T19_sent","T20_sent","T21_sent","T22_sent","T23_sent","T24_sent"
"1993-01-01",291.628834355828,0.0488150788165492,0.0224783182307868,0.0546750027804033,0.0381589380654579,0.0445563786742535,0.0404861023347389,0.0289529951874685,0.0503211344531679,0.0373487086429597,0.053832867348573,0.0637615309654509,0.0263777371498271,0.0655174698815413,0.0433835643852813,0.0212621145795619,0.0435524481590722,0.0472149390170926,0.0312786001715552,0.0338132765242869,0.056182476836754,0.0405151374955756,0.0501490040147232,0.0239349470676773,0.0334312292172418,0.000667210246761788,0.00478187639586443,0.0188773139725389,-0.00739535789328331,0.00843773341666245,-0.00486956636551008,0.00794665198735139,0.0211659527250016,0.00649154566867051,0.0228337648962399,-0.00304908133218923,0.00565498700485955,-0.0100190415699486,0.00263733376213051,0.00364621115829205,0.00174467127995868,0.00928533976267617,0.00164524285111945,0.00668047457380954,0.0076596941404445,-0.00366298571969335,-0.0082953519107613,0.00987679963548898,0.00541756979996909
"1993-04-01",284.365296803653,0.0421801460710844,0.0224757680028365,0.0676178715671859,0.0372611761458372,0.0458548603358361,0.0372121019233481,0.0333593321463581,0.0582840979964373,0.044412558181736,0.046214743833809,0.055317135181813,0.0317025420966589,0.0619608509565533,0.0370855130741712,0.0206389274984903,0.0496057488757679,0.0435076212286904,0.0321164075005076,0.0328188780299637,0.0513444478330325,0.0394246440385393,0.0533688414148958,0.02265044723005,0.0335853388363976,-0.00149687846117764,-0.000350203013053332,0.0105848000350991,-0.00424316770189285,-0.00494724219196163,0.000597720965484563,0.0066806881491248,0.0231206479553468,0.00328094250383118,0.00881644562653031,-0.0066157342597942,0.00526158552885036,-0.015272458987756,0.00342017521885417,0.000365400936143884,-0.0167020035806248,0.000496289361659,0.00185922105902993,0.00804394172360162,0.00217266047254346,-0.000162890180991631,-0.0133445964155961,0.00382727113828548,-0.000953298223554511
"1993-07-01",287.547134935305,0.0456505588609241,0.0227950128207968,0.0569374621161752,0.0355145234571052,0.0548940167506713,0.038582886390087,0.0319947013204671,0.0505881117811363,0.0394154651692315,0.0491915362126933,0.0650556777777404,0.0285483266317664,0.0633255077692083,0.0481824133217565,0.0211452181714379,0.0422711524290135,0.0417764617694273,0.0276954131398379,0.0345120401747324,0.0541390281232325,0.0495087692100969,0.0409248938855714,0.0234138250679483,0.0339369976489422,0.00404378174585632,0.00280639236344416,0.0146106592473855,0.000252002848367973,0.0124769139124002,0.00381957711005476,0.0107593194927502,0.0211234260129785,0.00371068372834665,0.0147051534761178,0.00159072522686642,0.00597830457057535,-0.00734497838700598,0.00215140624788928,0.0030009629765082,-0.00142171481704709,0.00776517373463079,0.00268631320929252,0.00925673515789769,0.00788285110641973,0.00372532672002452,-0.00182934384236369,0.00643572867182381,0.00149778131652981
"1993-10-01",305.452574525745,0.0486269866882795,0.0220375994906034,0.058701309439137,0.0312926694590963,0.0482963776614819,0.0341626965945809,0.0331860211342475,0.0427990543546612,0.0463795044532688,0.0513543775742336,0.0585703914206957,0.0262711649840243,0.0623675285443227,0.0527706774988125,0.0208155701868716,0.0427022403281711,0.0516918971736376,0.0283582839159518,0.0357614853782315,0.0549467453075791,0.0540494871854897,0.0363460159306649,0.0241188305210584,0.0343930847748988,0.00721195238024087,0.00655980451209109,0.0222063999681793,0.0044744772071082,0.0167682834411105,0.00759745402180743,0.0130971103096417,0.0190314898132717,0.00730760982171669,0.0296393969873946,0.00703041285720713,0.00960706858864401,-0.00108413345857864,0.00800016030452364,0.0060232364158071,0.00476464925409022,0.0160752454798176,0.00608883311521671,0.0124317550358644,0.0138598566400194,0.0105874656220794,0.00144772332784045,0.0132094888620329,0.00451349813302216
"1994-01-01",279.795731707317,0.0461936069014188,0.0226407297778962,0.0654563698515972,0.0289978662470311,0.050253433352697,0.0518358671052432,0.0310980270454966,0.0512262211907773,0.0381350848793016,0.0520800060115731,0.0597624028558684,0.0295826762437317,0.0637035904393953,0.0459780843743368,0.0205350281796267,0.0419948243640436,0.0458376072431886,0.0292844805246201,0.0343455179806923,0.0539323979853633,0.039633675417311,0.0417429741172516,0.0228924625556029,0.0328570653559354,0.004614981035108,0.00546289924400766,0.0205013763566579,0.00304369687074328,0.0115844562018044,0.00827219175334376,0.0127963610131534,0.0195619076848219,0.00581086458311068,0.0260788750534916,0.00242065754915848,0.00896002866382346,-0.00646477395832702,0.00627857053150087,0.0053089169683837,0.00503137005038104,0.0124202122133862,0.00502086377406102,0.013213201107387,0.00851052172661862,0.00572305032870702,-0.00559485613181657,0.00960324274960087,0.000966101151100051
"1994-04-01",298.204188481675,0.0459932483268606,0.0213231460159521,0.0654237306614857,0.029712206202535,0.056783919987295,0.0559058849722823,0.0330349622242291,0.062402194430422,0.0372356545409428,0.0521132554744671,0.0482743045617518,0.0332302532906433,0.0521665710556312,0.0383013460235461,0.0212844398480513,0.0469796162951044,0.0498197729091866,0.0285489264039336,0.044152773826068,0.0483816801544331,0.0464504632901135,0.0320214655286758,0.0238808284752382,0.0265793555011515,0.00832098542421911,0.00580105732505332,0.0205623286624708,0.00570973838629356,0.0206138631289051,0.0121583177506442,0.0162585613776374,0.021331506699031,0.00931819163806334,0.0287856343928651,0.00596320149022035,0.0111337413730169,-0.00439647792747896,0.00647752829960179,0.00679206078260585,0.00348816526865541,0.0146876942272273,0.00645699848620301,0.0199180482410352,0.0137056451193947,0.0167231734086309,0.00452839469554981,0.00885214019512558,0.00452582135878086
"1994-07-01",283.186893203883,0.0450254822093394,0.023989543894476,0.0669270546341728,0.0321530270217379,0.050124471705802,0.0528094199708385,0.0305754842454739,0.0570550946728885,0.0368735212784665,0.0555840175569323,0.050919965332935,0.0323829715392365,0.0597049918670704,0.0418523016976797,0.0213070423854192,0.0405673067988816,0.0428880873898455,0.0273600374102492,0.0384429570577358,0.0528576828490865,0.0480029354719702,0.0396927103267453,0.0236987983291083,0.0292050943539093,0.007218630539458,0.00789560493577502,0.0228501941356898,0.00727866239353114,0.0198108342281787,0.0147222931176229,0.0139943386555608,0.0170379355778517,0.00802423579901669,0.0250222480722007,0.00638671827287459,0.0108759205372436,0.00443008254067958,0.00851701770143183,0.00630283691546015,0.00145254802503205,0.0112580145112156,0.00624504645392396,0.00729229395999928,0.0121284766192973,0.0125009382975598,0.000254643495846418,0.00913622970546905,0.00527666701737607
"1994-10-01",279.700748129676,0.0457035828303391,0.0227330570394575,0.0642304665078542,0.0275689083938477,0.0520284522777983,0.0416875890901949,0.0320098440108586,0.0637283680615787,0.0360249054205957,0.0502583784941526,0.0530889785961462,0.0300091124630922,0.0604388237502717,0.043936342611515,0.0204499756235476,0.047061878208051,0.0426033798904787,0.0322505994254185,0.0426657980776443,0.0498737307571412,0.0483252360496014,0.0420293474355051,0.0234198095845594,0.0278734354003505,0.00312957055231766,0.00433524578710312,0.0187091858760871,0.00384722279512161,0.0107201211465964,0.00569047689341302,0.00946652477791535,0.0146643632111673,0.00131720568739029,0.0248887243453034,0.00333881039567223,0.00747820538553767,0.00416805240600846,0.00877192418848706,0.00291913728550601,-0.00920728607584854,0.0101314691985536,0.00305178733142782,0.00665958486466568,0.00619922648746864,0.0057854482981992,-0.00989933148335725,0.00765461605352469,0.00167005390119501
"1995-01-01",292.047619047619,0.0477459733464397,0.0221069323509359,0.0631820867915154,0.0294870382145431,0.047676041728021,0.0458586584655752,0.0310684514689758,0.0560080589401098,0.0341100127631243,0.0552633568926647,0.0514115753733135,0.0246771467004609,0.0500535652591774,0.0304541709464442,0.0203934954946127,0.0460400951097458,0.0489399768336622,0.0391597949701962,0.04513419004881,0.055779537678694,0.0558815830736878,0.0447014537160368,0.0220474476486669,0.0328193561845868,-0.00698988636863695,0.00210371895251219,0.0178243014069079,-0.000540845305481161,0.00698813061203599,0.0054442010668279,0.00506298346372129,0.00985803210086466,0.000735273974479089,0.00977681154902787,-0.00562063029669516,0.00407104379357762,-0.0053249110580573,-0.00121072185587366,0.000812993608296987,-0.00822263117909179,0.00219341646367088,-0.00786788938644166,0.00621976548897995,-0.00326832217451459,-0.00844725657327285,-0.00807773648936653,0.00563988850416919,-0.00421296831280677
"1995-04-01",299.375,0.0456994558745412,0.023205168460793,0.0648807514489251,0.0339424742072903,0.0476939655311911,0.0403975328010899,0.0416344818823205,0.0504493559084874,0.0343004544899989,0.0573058302858092,0.0532372285843554,0.021566219500465,0.0506307306558555,0.033214857578872,0.0203856379048533,0.0451475332518741,0.0538875854928614,0.0295536355271847,0.0386853962591166,0.0517695270663406,0.0581633788830616,0.051539854514839,0.0253409770758614,0.0273679668140126,-0.00644015215474091,-0.0011485823447681,0.00375633219952163,-0.00276126665172131,0.00925052438962084,-0.000387466519864043,0.0139706777750354,0.00643776209940512,-0.00176975845170124,0.0164129905515881,-0.0155971730566533,-0.000129964646527247,-0.0193106998281048,-0.00498699681243109,-0.00175571038363716,-0.00888569339843873,0.00271827959494536,-0.00497879116700177,0.000165345478384886,0.00126769564650158,-0.00837491107503723,-0.0160085182813904,0.00334726178989738,-0.00105527112635866
"1995-07-01",271.666666666667,0.0446352217072101,0.0263544366817263,0.0634701851763243,0.0370330780856516,0.0491372492732594,0.0537607604848093,0.032873779409886,0.0483903370237662,0.0361803778730928,0.0655448775332586,0.0438830655570273,0.0250943312414823,0.0465308276452619,0.0366553887625282,0.021682342508246,0.0409713275089277,0.0458685642662376,0.0365220467125209,0.0405049756676241,0.0514544402715182,0.0540786327803791,0.0417058385514485,0.0257104280199256,0.0319574872578882,0.0103628200428362,0.00571770525871233,0.0185516107154231,0.00920306685293467,0.018102889970034,0.00352423418793663,0.0168889681753212,0.0185735992274547,0.00469885613238167,0.0181023796262654,0.00529474174619708,0.00704781112607879,0.00116289248943,0.00865503584641878,0.00441994680097193,0.00541522173410263,0.0140709718050424,0.00365536251666521,0.012349242172419,0.0122575842421009,0.0100968573683136,-0.00270067944465554,0.00562536335365358,0.00379143140256182
"1995-10-01",280.120401337793,0.0514063482159937,0.0220197306461367,0.0634548524165773,0.037236108123947,0.0484580238170101,0.0405303468113163,0.033346703846839,0.0527928646625955,0.0379890651847983,0.0513376978424495,0.0557973729528942,0.0253094207104601,0.0598027184662323,0.0368195674729952,0.0221077751851244,0.0460401967145347,0.0426429508112729,0.0328274698479715,0.0378504787192195,0.0554960861426791,0.0394969426291083,0.0552465206169835,0.0229673718843045,0.0290233862785564,-0.000632532079647248,0.000968163660137599,0.00130448956287151,-0.0031079379796677,0.0105091003693362,-0.00447916755901909,0.00841933985551393,0.00890448093422368,0.000144599500062741,0.00693955616793778,-0.0157878649711733,0.00133422425045836,-0.00398751195018636,0.00512219188747949,0.000160949161460817,-0.00472139876220458,0.00733689819327755,-0.00192905742391683,-0.000827511799138836,0.00365778552187215,-6.70908647340501e-06,-0.0154246717705934,0.0021690949296635,-0.00128279518014617
"1996-01-01",310.542750929368,0.046333046263476,0.0225678934395103,0.0583126821947744,0.0374188757569296,0.0507793242265938,0.0408945128933141,0.0375203273259468,0.0478873308871296,0.0366863459622304,0.0529406687284909,0.0480166649620556,0.0261303019707575,0.0669837348065426,0.050532592316168,0.0219722730267396,0.0406469500412546,0.048043306815601,0.0299881612457648,0.0365434210917378,0.0534269789502824,0.0339480422984662,0.0501957917982238,0.0252231379504892,0.0370076350475209,-6.39864706018232e-05,0.00238249643509641,0.00650056082553493,-0.00426560360759227,0.0112869933444506,-0.00129441213487135,0.015438400344281,0.0137606112644311,0.00234305441818715,0.0159329380308578,-0.0022058571223585,0.00302295518367247,-0.00510293890609234,0.00287847549967923,0.000486923117887883,0.00186048535154728,0.0133269879301803,-0.00119050733519486,0.0100203738803185,0.0102357920302921,0.00330587941123175,-0.00345982039527498,0.00501692113881869,-0.000768019138737784
"1996-04-01",262.846473029046,0.0412335914460395,0.0228916459293018,0.0695402751668814,0.033209790994847,0.0489357645037055,0.0422390417215031,0.031501052266513,0.0621380410902645,0.0330491215967059,0.0669086724478069,0.0490574377761195,0.0325378451217561,0.0567807132579257,0.0405024046778218,0.0231853228287838,0.0397608319305444,0.0472948113206878,0.0292766570735982,0.0406039357766113,0.0458891265471384,0.0418481784412023,0.0400054683553224,0.0289654975877584,0.0326447721411613,0.00731826635694497,0.00683334445820722,0.0296284721391725,0.0106196544898697,0.00987647679116681,0.0106411481143647,0.0150272971061928,0.0300287180119399,0.00766773285375984,0.0334590987597077,0.00613692362331288,0.0105036382007169,0.00470629950982147,0.00781941643124033,0.00737331197275654,0.0048214910675646,0.0170355524601762,0.00526626208804316,0.0133542769945584,0.0083838042717727,0.0191267369130349,0.00936859882597962,0.0141397539135297,0.00654304542417522
"1996-07-01",282.194366197183,0.0473844808430285,0.0232983877791703,0.0691570434162712,0.0344131534874592,0.0437159758925282,0.0559892239477679,0.0326211407725296,0.0469486598035685,0.0413421715502391,0.0590376561335128,0.0493003128559473,0.0271994553453488,0.0649985344702605,0.0388787508588389,0.0229339701522033,0.0419646404115178,0.0400924399513101,0.0278907740042528,0.0394990045703057,0.0540042719682081,0.0348090271695281,0.0411491966442811,0.0275928353703981,0.0357788926015244,0.000562142846069426,0.00456541707031272,0.0191381911755187,0.00231084943004542,0.012630358173916,0.00203820255317772,0.0141865757788664,0.0138692155938506,0.00716459367233259,0.0146817449196963,0.00332019072822708,0.00445345087816534,-0.000792747044419944,0.00459233729921507,0.00413180787453573,0.000214598691279628,0.00728584970340699,0.00183244294445701,0.0074848053000781,0.00807601711404011,0.00880703861668622,-0.00341963450258906,0.00695114799507333,-0.00166195601618142
"1996-10-01",279.335697399527,0.045745113736556,0.0219156895987337,0.0699371014346613,0.0342894352679853,0.0502042201046679,0.0418957733521661,0.0295201935549753,0.0491482400553517,0.0379340528732817,0.0663295255841684,0.0500094981325766,0.0315826384025543,0.0551794490398543,0.0370688224331104,0.022161420218667,0.0432241895281702,0.0492408011780434,0.0275081223441084,0.0426141330006029,0.0530641951098383,0.0393732449405741,0.0419763630012141,0.0286045611579272,0.0314732159502115,0.00475019328149146,0.00453639868610613,0.030870108280905,0.00447774505992891,0.0203373391124559,0.00552286831062867,0.00955448341925994,0.0185815352936962,0.0101099225869004,0.0276455398464117,0.00519260571358417,0.00825843041750897,-0.00298449965229473,0.00426114147415105,0.00462480359610264,0.00257410563175957,0.019184385860297,0.00166489086611559,0.0205137370799752,0.0129120071057952,0.00816086893663987,-0.00089090106141172,0.0099092868519799,0.00615445100675197
"1997-01-01",309.764018691589,0.0516321103250639,0.0223147756175801,0.0626097672832499,0.0293913702938192,0.0570832786493025,0.0448377746287121,0.0325447438463856,0.0487128396921094,0.0404104567451123,0.0580805934299961,0.0535288132649523,0.0287077578897934,0.0565471689467761,0.037927356043656,0.0231703001207706,0.0417013449762223,0.0450389477056936,0.0267646296838899,0.03484400240602,0.0605452025945767,0.0340723170970415,0.046268620983682,0.0247095530973592,0.0385562746782351,0.00860831028754673,0.00611983474937491,0.0208207445596962,0.00223729110853375,0.0203591426412992,0.00881698438195526,0.0171620177628726,0.0224803977724415,0.00979937612280112,0.0306901987605924,0.00350674550776269,0.00818112081082485,-0.0101573386756271,0.00332834011272617,0.00684549220735328,0.004726424861361,0.0125280126451223,0.00252271878304021,0.0109204322879245,0.0124581823059107,0.00847174278011403,0.00102129599532159,0.012009965199123,0.00814450665914495
"1997-04-01",303.113402061856,0.0458447959963426,0.0223256485734443,0.0631695550423803,0.0411760822588419,0.0520831696658785,0.0460285464254569,0.0329085584241021,0.0534148595150045,0.0411467149864431,0.0578084742102538,0.0475528428940809,0.0266260823267282,0.0612593397049567,0.0419700252163357,0.0215734203286314,0.0454204799612835,0.0438622270233265,0.0272598744977025,0.0352576652777886,0.0485129978194473,0.0376602246823033,0.0499386399207215,0.0251040957414019,0.0320956795071441,0.011468228246738,0.00630920310136605,0.028739956926934,0.00704676087479164,0.0208345738970079,0.00896143645478683,0.0153543584165108,0.0237436712454664,0.0135335410514478,0.0283633134071544,0.00253340142611594,0.00697998778616409,-0.00216312515546204,0.00865787185791355,0.00624009785590518,0.00548814406023737,0.0182520158061768,0.00917812416245549,0.0169064857196853,0.0162999410122129,0.0129441593111056,0.00304119843920934,0.0126940554772258,0.00929690593067875
"1997-07-01",301.314754098361,0.047703514229229,0.0229097541238635,0.0732189870889741,0.0330300971580473,0.0477986726617316,0.0486523456643057,0.0326212989347708,0.0532508697263476,0.0384782761644104,0.0668568636956145,0.0425551932116439,0.0306637614511314,0.0501250136302146,0.0400261222322172,0.0213554598487363,0.0414307925263327,0.046163355061654,0.0311887168725855,0.0372629496804749,0.0531870008861273,0.0412487531219967,0.0365603413704021,0.0273585163174538,0.0363533443417349,0.0064168673656694,0.00570348109353775,0.0218215374978298,0.00454700177762343,0.0158505243675425,0.00958954189314093,0.0158879113058601,0.0258987472610433,0.0116263176747587,0.0339169918199529,0.000508410674306896,0.0107617190170999,8.69357545238348e-05,0.00314821445231311,0.00506013999892046,-0.00561361951478142,0.0103024063371787,0.000909630368300211,0.0128743792385593,0.0121638813052671,0.00296250080092976,0.00364679680954338,0.0112458617931829,0.00706769515644607
"1997-10-01",304.211240310078,0.0489491948427957,0.021401580216915,0.0572440844631767,0.0345079423489404,0.0471870532241962,0.0408633438619727,0.0298550551774244,0.0476088258095927,0.0367488835458808,0.0519668142411709,0.0526136644430428,0.0254934845794302,0.0598142568734641,0.0637343698151018,0.0209790773582783,0.0397887593491599,0.0435562513556332,0.0437003709356241,0.0347828999290684,0.0533066747243102,0.0551851945536182,0.0357819923932147,0.0232521285325587,0.0316780974254301,-0.00741669721979034,-0.00215357659468565,-0.00170330020856466,-0.00835618081446603,0.00896368222771179,-0.00648775684019003,0.00523851047382281,0.00690110672702512,0.00342535088694092,0.0104604979473405,-0.011603369942986,0.0011449102669864,-0.0143793591569056,-0.0239796998835193,-0.00174076225058329,-0.00567224041444738,0.00507418600825783,-0.0144972132894098,0.00230822728014869,0.0009085858203583,-0.0182412212326906,-0.00638570490406587,0.00391271475110852,-0.00163129412823162
"1998-01-01",318.860169491525,0.0510400095503415,0.0224369488121574,0.05074339033412,0.033319291213254,0.0553401891489969,0.0401435488032849,0.031401626112771,0.0442590294377302,0.0381533556346909,0.0522214021793372,0.054436163333643,0.0270362451578759,0.0558444291503534,0.0647635457894198,0.0221256137161291,0.0392975793897865,0.0445367409865311,0.0396743895629514,0.0359449940334457,0.0560906199172789,0.041126368359719,0.0446932359928391,0.0243714413083669,0.0309998420749763,-0.00401524970220863,0.00125469169346349,0.0114675602867057,-0.00214566331044452,0.0156597211146517,-0.00269769841694437,0.0117227056489656,0.00935908731313199,0.00546596910552654,0.0224200260408927,-0.00490599034374609,0.0029568862020846,-0.00514718286191072,-0.0129539900470753,0.00277962516714397,-0.000555774439939469,0.00899912896071522,-0.009683954439842,0.00834638935619349,0.00553933445852211,-0.00530444993138768,-0.000838815596969047,0.00731110933804418,0.00341442177195566
"1998-04-01",292.219827586207,0.0528778158444644,0.0222650323235201,0.0516379488734541,0.0379945967667345,0.047084757742686,0.0362720304984147,0.0318789902094265,0.0414161931621925,0.0393667333222659,0.0526747657253253,0.0563161341936864,0.025001603666847,0.0646551896214323,0.0626062408927578,0.0215607447722254,0.0455518590087762,0.0522897779710638,0.0362286173625732,0.0363361654747486,0.0557975236337293,0.0430002406699055,0.0368349044608989,0.0227464343087399,0.0276056994941316,-0.00425383520995497,-0.0030918284397299,-0.0023942228409755,-0.00955874917536076,0.0048254196615399,-0.00897892539387376,0.00508857876253882,0.00299305501489263,0.000289083883137205,0.00913576137579007,-0.00948175701464107,-0.00130774022156705,-0.0168273926622633,-0.0177445034820837,-0.00285232703190647,-0.0116909079571447,0.00092882825200035,-0.0115636534328501,-0.00119296582862853,0.0015318441320028,-0.0148135572877956,-0.00787600772311625,0.000505903300656192,-0.00534255264887896
"1998-07-01",299.062626262626,0.0533226953256465,0.0220040390337782,0.0542126917795431,0.0366128224655095,0.0429342689400964,0.0472939972134855,0.0299957149327338,0.0481413143789281,0.0335967648271544,0.0479256890799264,0.0533170019944782,0.0239097677618686,0.0588497795924949,0.0662761304000389,0.0206755140773537,0.0371342871291811,0.0395350724205057,0.0475520483452833,0.0403279627466421,0.0526884984134532,0.0534054350660959,0.0357059268812157,0.0246056604189334,0.0299769167756536,-0.0167362328575862,-0.00555235256417478,-0.0151584092191504,-0.0142817386309045,0.0064985302054638,-0.0212410203360647,0.0027860180413194,-0.00529544252629208,-0.00126000430763107,-0.000646673814038619,-0.0221252400967152,-0.0056027021031016,-0.020402391007152,-0.0291039855868708,-0.00576525607387884,-0.0106112830694318,-0.00407619477000809,-0.0284302950542488,-0.0046022620751856,-0.0046377769167372,-0.0296848943620217,-0.0103643171645003,-0.0017674249153063,-0.00432880826651634
"1998-10-01",286.085889570552,0.0490640703710089,0.0231176727523871,0.0554643078031877,0.0442995967199157,0.0443676285955287,0.0467495974584566,0.0318268209247232,0.0441410876031689,0.0347221626161749,0.048204064949804,0.055184193045042,0.023003201623095,0.0571907374925678,0.055312099989594,0.0221575943921761,0.0389270561166789,0.0415317271161017,0.0446629144910669,0.0447350056567904,0.0512320870030217,0.0465413288070229,0.0473638423618496,0.0227967242573624,0.0274044778532751,-0.0107260019679745,-0.00531816080591224,0.00145333200528827,-0.0121546138032673,0.00571227822745157,-0.0195768967011153,0.00444685718632422,-0.00277281166165622,0.00213857289275184,0.00511613019159542,-0.0175546394971138,-0.00306644612299476,-0.0180727825793913,-0.0202968106269554,-0.00449860066134202,-0.00678040726000824,-0.000880715240033672,-0.0195512655808134,-0.00171002660371293,-0.0026796509565237,-0.0180560161104971,-0.0137702665014412,-0.00171220280901508,-0.00239693951057129
"1999-01-01",323.265010351967,0.0528342332448748,0.0212514626920009,0.0571080370350006,0.0360842149382893,0.0467882424292923,0.0421967188894252,0.0337729864690876,0.0431291998512946,0.0376148382436674,0.0481017117619517,0.0459089020031071,0.0257674737432109,0.0543954438214103,0.0508857789270116,0.0205166744557162,0.0411080701042979,0.0516631533397375,0.0386689091927733,0.0403195462113442,0.0566495300428695,0.0521287094374375,0.0502661181559105,0.0232613955988061,0.029578649411483,-0.00295212928714452,0.000211402545640854,0.00795796627559041,-0.00456642680221751,0.0111820233236362,-0.00585425792098514,0.00830786598903432,0.00529884105579777,0.00504896596565412,0.0119299521639682,-0.00478337098263324,0.00152429416012212,-0.00822103791646884,-0.0144041611119542,0.000291606124695257,-0.00241875487299851,0.00548235195233178,-0.00939365331861672,0.00593901580227751,0.00512377147152391,-0.00765451885322629,-0.00388781642614678,0.0047176863147351,0.0017417485721844
"1999-04-01",272.866666666667,0.0488558677858398,0.0237186449597955,0.0614483297299855,0.0353461347004651,0.0459692785490567,0.0478957622895529,0.0309959636982987,0.0403120093288837,0.0350446583463642,0.0575353941884272,0.0536624617405292,0.0287099838249825,0.0587883578148125,0.0519908515045496,0.022589976026529,0.041095730245942,0.0490959596917128,0.0367784839615278,0.0418473191305017,0.0508812887523439,0.0423286206017205,0.0381604494688712,0.0261136530515944,0.0308348206077136,0.00191632107700829,0.00269546887895776,0.0223973921074833,-0.00327724952934783,0.0134000099632124,0.0040623414338304,0.0136833364556246,0.0117955290807577,0.00737809518763245,0.0263058120054809,-0.000565927217690726,0.00579508058650319,-0.0104938719808228,-0.00211557296356876,0.00340465806082583,-0.000958398587630523,0.0123462164979123,-0.00118475797812376,0.010884955058072,0.0106470464545477,0.00114003097228885,-0.00305975576819623,0.0105924567274097,0.00375881861481695
"1999-07-01",259.506849315069,0.0466728796553539,0.0247897484835603,0.0628573784953661,0.0325955818872953,0.0449218073517816,0.0526848689840832,0.0370983001880331,0.0439949014279081,0.0367044481544253,0.0520296296843644,0.0504903855708522,0.0282084983596819,0.0477898435665002,0.0510940448248406,0.0231104092978345,0.0411682075393463,0.0462938562956911,0.0412327343200839,0.0426596874282891,0.0487141978324671,0.0487880270152813,0.0357048133773727,0.0257895463737513,0.0346062038858367,-0.000355661134287299,0.00453257496681988,0.0244131521909841,0.00660997294015312,0.0171824026001989,0.00312403482678528,0.0174386328466312,0.00959297443416181,0.00913378339662782,0.0273193803138835,-0.00330370465075529,0.00469324832904683,-0.00464084164336955,-0.00910553570312416,0.00484816592002154,-0.00125337577894237,0.0180099142176156,-0.00363322413040423,0.016090529262325,0.0105248011668189,0.00474044175863268,0.00435056945645588,0.0101897010077284,0.00519029885350578
"1999-10-01",282.881763527054,0.051167895721382,0.0248887409496932,0.0599925961958993,0.0297508223070711,0.0502148038868352,0.0487831696803022,0.0317731773159123,0.0396361457486331,0.0444006454390604,0.0543772877480308,0.0495984083256446,0.0313556074184911,0.0560778369999691,0.0504375562849526,0.0235335058701215,0.041966213324879,0.0507684831407723,0.0323201871764902,0.0401313890656187,0.0560488857823002,0.0368131853834055,0.0342048064099118,0.0278090336019065,0.0339496162227173,0.0137310276786506,0.00858677180826726,0.0205460206536205,0.00886551844030814,0.0226032696432966,0.0118402611426594,0.0144880727562366,0.0112047572716378,0.0167928962519562,0.0354819825017734,0.0078280331331215,0.0122473049792596,0.00727054128691603,0.0112846741558983,0.00880579657910755,0.00835126670860189,0.024027451836241,0.00653056912415339,0.0212142619702511,0.0208968426443665,0.0152749220226103,0.00863310314840933,0.016540320897191,0.010791280195266
"2000-01-01",274.344064386318,0.0509366058917798,0.0238923792270604,0.0661050095674101,0.0327069441449549,0.045120912785719,0.0548002419129727,0.0306343124790996,0.0394435756972565,0.0383033531538902,0.052547833320087,0.0499778378177155,0.0345915347870484,0.0556883534449136,0.0440120698242725,0.0233312091749442,0.0414787498683163,0.0462256037476833,0.0360955956317811,0.0390641693136039,0.0533345605607662,0.0310675977447605,0.0516106768379546,0.0263918566113718,0.032639016454638,0.00524298154975736,0.00701772046712198,0.0242613296900194,0.00623453589641611,0.0165288648037023,0.00984078578787999,0.0145602124802273,0.011311962529372,0.0131257372654373,0.030866352365912,0.00633227923727587,0.0100318072429335,0.00268198415490821,0.0048317138423175,0.00635573555563004,0.00217463687489662,0.0183955116615704,0.00178668510529771,0.0150054805023995,0.0134086231515992,0.00705025937148818,-0.000686170271561348,0.0109268750173223,0.0101819741084887
"2000-04-01",288.894211576846,0.0494591452332447,0.0237428434699957,0.0618386732899866,0.0322731383041544,0.0470181804641246,0.0468338045965551,0.0320207173237695,0.0370467020105746,0.0449707956330401,0.0557210572961961,0.0523167962859941,0.03126989230346,0.0578491818345504,0.0522026412350527,0.0231416250556806,0.0458289690466427,0.0479560985226767,0.0291838251432955,0.0362144293176707,0.0576273508091124,0.0354791535018711,0.0412595064024359,0.0247304128438836,0.0340150600760323,0.00753964755410549,0.00670602605774876,0.0147471239005449,0.00591143417886723,0.0159245916462703,0.00730852679334483,0.012946603042641,0.0104329327458585,0.0137098212095716,0.0271557752907818,0.00394336722733256,0.00786122671599421,0.000299658661317573,0.0049330906982775,0.00672627314041868,0.00301837877327531,0.01896770312853,0.00448164810661423,0.016287393024632,0.0133152880321251,0.00851599064639228,0.00430737392579293,0.0107601218567459,0.00757082531146536
"2000-07-01",285.382899628253,0.046540481425374,0.0228130113037665,0.0622309966850892,0.031677830874867,0.051785959400259,0.0437031565894151,0.0296362475253756,0.0322858957159617,0.0523426284310225,0.061275594755305,0.0456045346209576,0.0334765779540892,0.0545366492218095,0.0445603452571914,0.0230400891267359,0.0420515807416203,0.0517767957594527,0.0300649221157098,0.0446621518469315,0.0573778527288128,0.0361162849685208,0.0412705683018093,0.0298168372383109,0.0313530074116126,0.0107557905725315,0.00778627304690037,0.0247694142562295,0.00475107577627061,0.0224009578936355,0.0119206191441364,0.0117266701365289,0.0112496050940502,0.0106509123272679,0.0259428852208568,0.00144272821319006,0.0117019942244263,0.00235929030888082,0.0033686471929841,0.00661434812671848,0.00395070744786191,0.0116933220587448,0.00632312331278886,0.0153405449567446,0.0157764848524196,0.00900645043056574,0.00351573675242269,0.0149792454058179,0.00712488839767518
"2000-10-01",304.877470355731,0.0503883275379329,0.0237056255824806,0.0552443834016751,0.0311766846246351,0.0516649241618378,0.0507470989588167,0.0293525122761197,0.0353497822210667,0.0416382454754715,0.0494464266869113,0.0508655386246439,0.0312212277793516,0.0585453748793797,0.0464939587778082,0.0242531124184294,0.0425621350871155,0.0543038665061769,0.0303193720220745,0.0485261170946237,0.0589947774173,0.0326888744019528,0.0430741296057731,0.0285683615818384,0.030869142876585,-0.00197375899849583,-0.00172697452481302,-0.0101421823824492,-0.000228333025330574,0.0116965235166013,-0.0134646775303046,0.00531060366706676,0.00311639411252037,0.00597487685790211,0.00178486964128159,-0.00398531280183596,-0.00179261311398623,-0.00743438550521111,-0.00220776703259491,-0.00227194564318239,-0.00387462285229568,0.0027408833869073,-0.00546051909885262,-0.00368753514883028,0.00801578712074944,-0.00217856763118173,-0.00486782132223132,0.000264821987177686,-0.00339738782720947
"2001-01-01",281.455223880597,0.0546258624310972,0.023230170794722,0.0607228445944028,0.0297918266667042,0.0473735365763701,0.0610911197749277,0.0289503078025771,0.031711342797122,0.0378462816989956,0.0485790158274497,0.0495356968744313,0.0265173162541434,0.0471887687630512,0.0362092591485807,0.0238064873482215,0.0418395156049725,0.0559464506613227,0.0309323473382435,0.0534393292123022,0.0612078403377467,0.0346564743141284,0.0528371454230023,0.0290112910134106,0.0329497687420748,-0.0144663774948919,-0.00626284523282162,-0.0226578400297758,-0.0124941032078458,0.0053051709407803,-0.0321162162254187,-0.00016997185691397,-0.0024989288995504,-0.00344388813347411,-0.00621779442818221,-0.0173670857773342,-0.007057381378757,-0.0198776207192717,-0.00914114899654821,-0.00633754904254371,-0.0113932786495794,-0.0111346485248508,-0.0113827422779966,-0.0119824076551469,-0.00484760426494454,-0.0122811591753384,-0.0234623845063627,-0.00589363714474157,-0.0112301068815617
"2001-04-01",239.523138832998,0.0457282950287126,0.0236723140261049,0.0593527700718584,0.036773134920411,0.0447530502007759,0.0534279868806465,0.0333928889809232,0.0343353963350416,0.0385879993003805,0.0563065469604106,0.0461894690915519,0.0286390947952788,0.056252106986267,0.0422129111597004,0.0242231517742676,0.0425871781947162,0.0490328635265498,0.0323233670691023,0.056811355823234,0.0488088090407551,0.0333470716365298,0.048766914445335,0.0300206123672166,0.0344547113842307,-0.00840016124795579,-0.00628889027742356,-0.00638295192525049,-0.0114476959744417,-0.00211375199405538,-0.0191932533340946,0.00178582722986589,-0.00638570185065772,-0.00329223821993516,-0.0038155079966318,-0.0178806902061619,-0.0058919830495816,-0.0219192759001357,-0.0131989078164334,-0.00611944620778466,-0.0130099824768201,-0.00446003948987358,-0.0138521521000379,-0.00088347077533791,-0.00539084782593933,-0.0108817989186563,-0.0183014500873632,-0.00616751061692523,-0.0107944242123699
"2001-07-01",286.696385542169,0.0515059695945701,0.0217383284759073,0.0560212798336787,0.0318824049243094,0.0459769420002362,0.0497768690085505,0.0286166336410593,0.0302992295287241,0.0404078531670362,0.0585913954798675,0.049323718250453,0.0249583310761408,0.0527650829026772,0.0445804236590512,0.0230195849559849,0.0407181125911031,0.0544215548259818,0.029286041934103,0.0559418817017855,0.0585558054560188,0.0385263894759342,0.0466503019456241,0.0318991015301452,0.0345367640410577,-0.0101729952182542,-0.00587417023659011,-0.00763359077415452,-0.0109299392829824,-0.00101454718761932,-0.0178311231012194,-0.00067678922490015,-0.00311707159751043,-0.00401891404544735,-0.0078640393888095,-0.0117580319636098,-0.00522413948846142,-0.0200121492352302,-0.00941820490686909,-0.00522109756233168,-0.00908860232081229,-0.00403481538541297,-0.00841288172918672,-0.00692967978021235,-0.00538534807127549,-0.0124641255011887,-0.0167272600597274,-0.00319768426117702,-0.00959303287493907
"2001-10-01",294.196814562002,0.0539313860471669,0.021626905028369,0.0457594144796151,0.0296155458134659,0.0524996348880617,0.046437157264196,0.0294684146768733,0.0344053672609235,0.0419742120252432,0.0464473782579562,0.0530261805068934,0.0222884830700602,0.058568132769771,0.039064390967997,0.0224993542878463,0.0410620675149177,0.0610786684831896,0.0326036120579511,0.0484468659338596,0.064736253847233,0.0345785426331789,0.056508538853309,0.0247182488489321,0.0386552444829902,-0.0113422621948999,-0.00405636425878976,-0.00617315932217069,-0.00811699774650403,-0.00276357969384237,-0.0212434340322338,-0.00123396565735649,-0.00534007551054372,-0.00519767387555652,-0.010613822182633,-0.0148832575885027,-0.00574889642989264,-0.0193846874062028,-0.00879219744533048,-0.0054966828625016,-0.00810521368294084,-0.00160715879577579,-0.0105566298569727,-0.00998459393678957,0.000663553942223512,-0.0141769176865503,-0.0287870230671134,-0.00461835693546028,-0.0138429230661921
"2002-01-01",262.230215827338,0.0484168112681655,0.022667779667183,0.0484493472066381,0.0313010133848963,0.0545790892952657,0.0383741263879767,0.0316900782332984,0.0334884746276892,0.0451245176950171,0.0505650630073683,0.0569140151126849,0.0230158469137252,0.0560343996294346,0.0386123980406522,0.0219569552612522,0.0491743511106635,0.0501736799953743,0.0339795636088233,0.0496783652873585,0.0596410054831017,0.0379211707083102,0.0577962158419898,0.0264301950665791,0.0340155371665525,-0.00490355644935401,-0.00166915083082297,0.000821608700643812,-0.00439388703624307,-0.00058283204840893,-0.00592351645315708,0.00461840253603508,-0.000977352233006749,-0.00386822935429414,0.00256857728729696,-0.0138921731261536,-0.00165691577557671,-0.0172896092902075,-0.00518191714048993,-0.00307189024863398,-0.0157415907027277,-0.00417433161716129,-0.00780047139130171,-0.00411162180663681,-0.00459743835511474,-0.0070139008202067,-0.0229927381048101,-0.0012000507926868,-0.0060493295073131
"2002-04-01",276.570754716981,0.0500317362393145,0.0222348662737234,0.0598752060252598,0.0305205119765567,0.0553811889675887,0.0370031093249202,0.0307194050308965,0.0407049925589062,0.0467455303198423,0.0519513322223894,0.0470483234487059,0.0241965789549714,0.0554543289610783,0.0467585761576689,0.0224222804562832,0.0478334798912155,0.0509613753943062,0.0311437571606417,0.0453065733867822,0.0591989228500792,0.0346491951316037,0.0461314339420051,0.0263393827256634,0.0373879125995975,0.00154769734148603,0.00576770136999338,0.0129519838340515,-0.00228380039793127,0.0132301965949198,0.00319553469963912,0.00847447537248163,0.0165429000925815,0.00907733400773642,0.0206247491909183,-0.00102088999531272,0.00486098525634099,-0.00157030756451274,0.00414652106642023,0.00483035703179156,-0.00218552277485887,0.00700278419113596,-0.00115754254932182,0.0115864129053323,0.0108350207411797,0.000824633475761417,-0.00868920050726918,0.00804812439334768,-0.000586223220212311
"2002-07-01",281.127192982456,0.0523647410806499,0.0226879174511109,0.0539409979959142,0.0308486114540222,0.0554725521875449,0.0423109997145006,0.0344775044860585,0.0341654567674875,0.0437421296466745,0.0555689779958089,0.0480193349476269,0.0243564051865947,0.05500542688132,0.0453216650772449,0.0233466370377367,0.0483090335294955,0.0519477321691332,0.0327760699329591,0.043813468523843,0.0613279143424861,0.0375049945245917,0.0395412984347436,0.0257235443989573,0.0374265862334951,-0.00205172746412437,0.000144490152064707,-0.00613010513344479,-0.00622920514454242,0.00970135954883947,-0.00751497721754025,0.00544844347202324,0.00553568875756076,-0.00212803524472995,0.00866953280883601,-0.0092883402122652,0.000555734621071125,-0.00803538009716169,-0.00636609003134519,0.000952911988528954,-0.0112639872832638,0.00168040857723862,-0.00168267342932512,0.00316146867943384,0.00475607504886512,0.000191144271188066,-0.015417839144343,0.00380282621105578,-0.00581536502223772
"2002-10-01",278.769347496206,0.050806327053917,0.0222501470520677,0.0485614472292168,0.0326532325100859,0.0526996422661609,0.0451546492462995,0.0311835005209742,0.0337382645881721,0.0418415313847461,0.0484214386128851,0.0564953213961569,0.023039662275306,0.0604462279773532,0.0451473063655303,0.0221692606450652,0.0478430628412788,0.0518332261823634,0.0350716094998483,0.0455717156542959,0.0574706565893825,0.0368775056052815,0.0495455832509345,0.0259982640070802,0.0351804172455979,-0.00782231094461047,-0.00225772249924709,-0.00680105003886356,-0.00708632550298549,0.0075707388246346,-0.0151439634353382,0.00305255656197379,0.0020284881676908,0.000910742384465146,-0.00174542633328498,-0.00863839525132833,-0.00280783600999006,-0.014113947186228,-0.00530308034872575,-0.00331340671739627,-0.00684578745454368,-0.00234125796353505,-0.00729074490180584,-0.00528949440745225,0.00219496507239601,-0.00631051077638355,-0.0177430882595007,-0.00221751189403421,-0.00785838894109312
"2003-01-01",271.001828153565,0.0499213147779179,0.0211393324072123,0.0518274203173227,0.0341774951017129,0.0518474724543136,0.0389825003857105,0.0320828243672537,0.0379937746939394,0.0379511808392712,0.0558661130434264,0.0483426873260307,0.0257770592329454,0.0623146918796405,0.0466610399283344,0.0237380790298052,0.0442990420670904,0.0515598498513349,0.0303936775723961,0.0482921788266656,0.0498072150514257,0.0346828273585324,0.0609138635278646,0.0278980562449181,0.0335303037149355,-0.00405353972068537,0.000351095065464882,-0.00397711845154636,-0.00660608232663605,0.00556539875694437,-0.00667623122962175,0.00564303652479266,0.00355893794901679,-0.000399210381674391,0.00775773842132016,-0.00910727360494989,-0.00262538510195248,-0.0141026511583713,-0.00597201104430087,-0.00281951898415882,-0.0133419555985338,-0.00152556967021504,-0.00622636695983923,-0.00315442103043424,0.000255828626774686,-0.00302523752289342,-0.022345282396448,-0.000913008735877385,-0.00545316709263001
"2003-04-01",271.334465195246,0.0465300467547206,0.0219654355857515,0.054643437776432,0.0351085434593728,0.0498009988531359,0.0478074551539299,0.0356638755269776,0.0419209939319981,0.042304905952594,0.0567399531670885,0.0487734043910462,0.0248754866235083,0.0519505525266341,0.0462831550726311,0.0226017532163656,0.0447405717313505,0.0486721066072445,0.0322034530322087,0.0474622439898737,0.0531311806514546,0.0364144732031326,0.0489589188320628,0.0268499725624772,0.0345970813980092,-0.000132269035747316,0.00201940469191548,0.00943602066218665,-0.00255729776367375,0.0100033186184202,-0.00791222473774279,0.0113383766930086,0.012171240604131,0.00380179971193722,0.0143099102926831,-0.00287151398509917,0.00209392866246136,-0.0089435912400941,-0.0022794439295108,-0.0003376284189118,-0.00320964016008248,0.00822471261443513,-0.00215792438157599,0.00846600302455412,0.00798188561501187,0.00136219090850866,-0.0104223641529383,0.00330483989089088,-0.00254821956582191
"2003-07-01",264.212276214834,0.0459136693456394,0.0245395762526982,0.0560646080781427,0.0355602986103589,0.0509775883486536,0.0419982215838482,0.0354088934586036,0.0378813030901457,0.0469686363451313,0.0589466074461018,0.046545656126208,0.0264287904327997,0.0487781566920062,0.0478413371118123,0.0224316159317964,0.0407936887469968,0.0441267334126051,0.0357449198840562,0.0480877989684687,0.0582117393855975,0.0371280557355146,0.0442920216310962,0.0272688085711685,0.0380612748105503,0.00503181073027462,0.00480395187820443,0.0203696788339566,0.0023497832748614,0.0201419792056061,0.00520481444507636,0.0112943162769529,0.0131102473339449,0.008508666814548,0.0225094093006727,-0.00063477166724027,0.0052690106182354,-0.00257181655791384,0.00639543603374963,0.00498189516232964,0.00239443695739654,0.0139865646188232,0.00290045549994607,0.0194775415821314,0.014679715626434,0.00339984783454628,-0.00218149724407401,0.00847451825671675,0.00146810939770375
"2003-10-01",285.956066945607,0.0475664204032074,0.0218413977982659,0.0490406222055855,0.0361063745324732,0.049340391409232,0.0393288364361033,0.0310015287627114,0.0307405105169493,0.0422403409453562,0.0600011030145372,0.0484397392688014,0.0254453979910658,0.0537681526534155,0.0604498516706779,0.0220465363012376,0.0435724058315783,0.0516509413952756,0.02956510365448,0.0423091352616095,0.0635126564061031,0.0379096959765446,0.0416168321332704,0.0297493300698909,0.0427566953616282,0.0106740936901543,0.00576016010252443,0.0247817045642896,0.00678278850432416,0.0205322629886411,0.00819626797159086,0.0131634067855208,0.0114786045995693,0.00989247052445564,0.032306267729108,0.003682568007004,0.00933200138609833,0.00103868159437311,0.015777469798939,0.00626247234734022,0.000853778290043625,0.0185230038625672,0.00665589722433104,0.0142016780867152,0.0251446294563857,0.0119066463553325,-0.000180506459555833,0.014084809951155,0.00467572325599018
"2004-01-01",283.192079207921,0.0487763802769862,0.0229495755030214,0.0573491761383037,0.0313205957520084,0.0494927717201713,0.0418864398622499,0.0366770377898135,0.0323856248737322,0.0394566514877704,0.0598650200768459,0.0474755816247607,0.0294026797594583,0.0499527170676149,0.0519021671725569,0.0236993182934737,0.0423938102277359,0.0458854831168628,0.0318075298858134,0.0433902229424573,0.0526986032454358,0.0388240603558836,0.0527315961510038,0.0293911375939696,0.0402858190820705,0.00562973663340653,0.00437760655085592,0.0127149983055567,0.00235773839147785,0.0170023270639868,0.00427238084768368,0.0145108742229014,0.00721698618627485,0.00497248331971171,0.02529926142301,-0.00301695505144717,0.00685290714885777,-0.000330900202025952,0.00840493453256212,0.00430931529843987,-0.00602339194190871,0.0112398869139462,0.00160566670426208,0.0111852442326094,0.0106488105427807,0.00831919244149365,-0.0212288372112462,0.0137685603484079,0.00728180215861576
"2004-04-01",287.694779116466,0.0439957198850752,0.0210195439681109,0.0650703812900143,0.0325204259236591,0.0485004493208889,0.0512035133112277,0.0371670197816914,0.0341413986999996,0.0388111439978838,0.0638518017498537,0.0421612214608868,0.0391667187558907,0.0544535903568443,0.0515312640226208,0.0224015736448032,0.044494245501667,0.0452311046035336,0.03412406570438,0.0421699831304725,0.05171487087553,0.0307695598055045,0.0417134071852297,0.0279051319415623,0.0358818650826698,0.00716775015557131,0.00511758538049234,0.0140756913291815,0.00407760284963752,0.0170341802751893,0.00867364067746239,0.0122630092190811,0.0101626817133444,0.0046679900972288,0.0283329337996527,0.00246476201863163,0.00941519445155607,0.00533065492196675,0.00973192657969267,0.00645488522635917,-0.000447365155752298,0.0118183299370672,0.00386842681835125,0.0125937683906182,0.016991677935778,0.00836736560098997,-0.00397052048912004,0.0128239284560899,0.00806717360067469
"2004-07-01",264.162303664921,0.0439448194658707,0.0253232597950469,0.0663326522338573,0.0313072026380525,0.0472134944954972,0.0535449168908757,0.0352735798145544,0.0349985254985643,0.0375376049514192,0.0714612508884665,0.0358454253708366,0.0386981610817529,0.0427685956334962,0.0450426243360646,0.0245043618474143,0.0406639445978834,0.0428771872795612,0.0309220538050209,0.0573813460227206,0.0459830843787047,0.0327059943355437,0.0375950318902703,0.0354875577210653,0.0425873250274604,0.00216089892272713,0.00852264021191545,0.00103207863511572,-0.000459576855897139,0.0153204819589678,0.00353424101154956,0.0108187441710094,0.0117277404733522,0.00233528954902352,0.0212529094386402,0.00279286026039481,0.0048905310847677,0.00348077103636023,0.00825497053302716,0.00515378851130618,0.00171235878043479,0.0139791117230111,0.00406743759959125,0.0248777514486749,0.013897376857058,0.00728979392638609,0.000370610358631528,0.0115952943783324,0.000118582951349199
"2004-10-01",284.533487297921,0.046749718513961,0.0228073274756747,0.0622678441176841,0.0378805789390128,0.0464130831371858,0.0416819172693633,0.0344301646058547,0.0375715527344858,0.0431075036591536,0.063746625800136,0.0427830779318391,0.0353178447455084,0.0450643494797882,0.0482855910416663,0.0233532345107895,0.0455258580243155,0.0448914358630436,0.0306931790075888,0.0446458840137986,0.0500421302066977,0.0424598673627409,0.0455995016577561,0.0298179811260979,0.0348637487758576,0.00790061529542883,0.0084009109892968,0.0191218466733593,0.00293565107732028,0.0165234461650858,0.00597028056640673,0.0132391827432626,0.0118281306559215,0.0117699988910826,0.028043166351938,0.00254162357272205,0.0126784770018369,0.00231897504930729,0.0107786948700173,0.00595833467134762,0.00374988177082184,0.0134726822113766,0.00530201949209631,0.0149960637332879,0.0116232121976163,0.00187137597690692,-0.00465962866941009,0.00756670501797897,0.00338921762739357
"2005-01-01",294.848614072495,0.0538315393190967,0.0228655833942859,0.06621410877256,0.0300649076676315,0.0562968410780175,0.0415286001803507,0.0329254631866758,0.0429885914728397,0.0444869148698645,0.0605580994734065,0.0492519876874329,0.034933307558168,0.0471723847670885,0.0451751667354863,0.0216493164558611,0.0400704581031517,0.0400775699513173,0.0260887023105396,0.0437429160725238,0.0521188058279172,0.0375028140364443,0.0527361936821458,0.0279666488690333,0.0297530785281614,0.01108766832545,0.00767078672930542,0.0205750758600108,0.00726965309972484,0.0239873596865001,0.00615572741957752,0.0125127427006247,0.0185578015258284,0.00929659498134052,0.0279898410093269,0.00638912772124639,0.0111558561665921,0.00529775862796404,0.0125472084099706,0.00717161057211725,0.00414851947538186,0.0119487172507535,0.00601758703476459,0.0190328683632509,0.019230958691873,0.00645985102272812,-0.0064748974317655,0.0144309836530478,0.00833286347667641
"2005-04-01",273.978087649402,0.0504442852849828,0.0219064347978074,0.0631625988334532,0.0362666565896045,0.0499283591685348,0.0453525803794822,0.0383325294622947,0.0378381748530652,0.0449806835772702,0.0613275006141459,0.0448749520763183,0.0365026903008304,0.051222171349584,0.0485634891812645,0.0214590134727872,0.0467916237535595,0.0449323748785542,0.0299771608330753,0.0443876807980679,0.0500747311398654,0.0335248109913539,0.0367713318498134,0.029625867916508,0.0317522978977772,0.00402909058249904,0.00413974075328197,0.00537958417872099,-0.00116187331610865,0.0169695030628983,-0.0021908644008062,0.0101560126521127,0.0103768196982877,0.0118607283247472,0.0142342585533059,0.00348137763700973,0.00488344892672237,-0.00596713138517284,0.00512319578194174,0.00353809690036098,-7.63794232818771e-05,0.0126894065003203,0.0077567284232268,0.0135718839662548,0.0110049515084483,0.00568710196210327,0.00406163398665204,0.00721524025315231,0.00182570843810373
"2005-07-01",291.01312335958,0.0582021513781151,0.0222514411100642,0.0616694241702255,0.031239991267639,0.0542634131959577,0.0422722112903736,0.042384832502775,0.03867504084796,0.0429881211246372,0.0568938049986573,0.0397406633038634,0.040379337404904,0.0459055497308229,0.0482043950989239,0.0220931948665132,0.0424279315957709,0.0472483733598229,0.0309588401193776,0.0432742214240586,0.0592467143193113,0.0345458495398102,0.0347785005951526,0.0275109091668518,0.032845087588412,0.0118070055296396,0.00650558488816651,0.00864782164407714,0.00490473550775434,0.0188651874435404,0.00582755857869626,0.0155054241218621,0.0140428954782881,0.0122848060929855,0.0168255920106492,0.00138922260201044,0.00667132749362183,0.000719542475174183,0.00622087132955096,0.00449333513860341,0.00246779700697891,0.0139336232095902,0.0065135196121037,0.0184196271689535,0.0215915517083811,0.00531249352103563,0.00643032455679677,0.0112457206982774,0.0075053340503489
"2005-10-01",299.927058823529,0.0539529205295349,0.0220456175951116,0.0568549786239789,0.0308436557354595,0.0591178767906329,0.0459949412800877,0.0423246746613053,0.0391455471568172,0.0464442041486842,0.0511921500545872,0.0508175036487477,0.0401908570024917,0.0465896372990965,0.0443490236093371,0.0209060486433542,0.0438167492284984,0.0511739727696318,0.0294823985147539,0.0405320019712753,0.056989611636715,0.028150555963563,0.0444645119270686,0.0243760810452728,0.0302444801639947,0.0144032266583339,0.00461103431930002,0.0116705189927251,0.00735012455046182,0.0213704289692601,0.00475213005620898,0.0135649390644665,0.016633745680409,0.0108403404879235,0.0145080151908435,0.00258029999046792,0.00709058282017217,0.00291989628303722,0.00912402943148635,0.00471871507904635,0.00404284584854733,0.0192139185625381,0.00744634277783469,0.0131404553513883,0.0196857343391117,0.00448740900253019,-0.00092064728680631,0.00728659378027734,0.00698851384385942
"2006-01-01",285.57507082153,0.0538263264520648,0.0225448228021763,0.0652647843980962,0.0274671731956806,0.0516391496864375,0.0445513245442854,0.0369799877381398,0.0374854064297698,0.0503750782812196,0.0584901618978777,0.0457706939758703,0.0330763198185864,0.0456239952132451,0.0518269061689116,0.0218583652514048,0.0436847033209142,0.0460644785430181,0.0294227313061724,0.0448749458250642,0.0547203614744327,0.0323970073701071,0.0431944255257211,0.0263584811579789,0.0325023696228253,0.0171500867797532,0.00952386388945724,0.0253759757288408,0.00988028588217194,0.0226695569855521,0.0151574606760679,0.0166107856123239,0.0206034970346983,0.0177862572786443,0.0251640302631317,0.00650473913341865,0.0121825649450615,0.00799680679820952,0.0141611439363327,0.00866863360210092,0.0085344486160491,0.0227686918270186,0.010932066976635,0.0167056870078112,0.0206192535309645,0.0103802506827097,0.00892902796560098,0.0136649252751192,0.0115678208099244
"2006-04-01",310.80412371134,0.0536324873151272,0.0217292743554419,0.0737622998824907,0.0280744313870707,0.0512697583002472,0.0499405652021349,0.0371317681841133,0.0341361244789704,0.0457425875309725,0.056698463024949,0.0407686634841682,0.0432195853495578,0.0447657223006153,0.0457454390427634,0.0207679609620546,0.0431142396729109,0.047138963668432,0.0297609254871377,0.0425595807846782,0.0575679941972112,0.0326955601103632,0.0392505266295834,0.0271868665443781,0.033340212104628,0.0108853019867195,0.00565034571127254,0.0114555103238095,0.00455265878864132,0.0192021384528076,0.00390198430780453,0.0134869419142302,0.00887955693270668,0.0128071327071838,0.0198123291014625,0.00457381923048085,0.00879439218378198,0.000465816865607017,0.00982886056643949,0.00507258289524807,0.00395385793665637,0.012761968721143,0.00631108646401234,0.020676535777206,0.0187008413032925,0.00631542901931988,-0.00195305242733466,0.0097709002438164,0.00637335577598239
"2006-07-01",295.136246786632,0.0513882662657489,0.0223406583386823,0.0649257466154894,0.0256520047124224,0.0565090294165242,0.0505808680494794,0.0464624908394842,0.0295377246729518,0.0498953294498052,0.0604438818719439,0.048783752364007,0.0372995703410858,0.0470642390725618,0.0486799050210583,0.0218193612841088,0.0441755092136971,0.0406765672471955,0.0329613820500994,0.0422199669083858,0.053935655319407,0.030691911492922,0.030192772111131,0.0263954134873149,0.0373679938544941,0.00236089682577764,0.00178305268827896,-0.00398821084565711,0.00067951747065225,0.014993818188337,-0.00533243073420047,0.00570506086275997,0.00416821715570185,0.0108954301841871,0.00420920956311232,-0.00341882842324106,-0.000708996608844438,-0.00382849656941641,0.00183544364428633,0.000732179113979437,-0.00592081583258246,0.00372743849559859,-4.43144314273299e-05,0.000885180367809517,0.00496322923377623,0.0019467624279121,-0.00123821126863598,0.00256701457027202,0.000550218911180772
"2006-10-01",303.658711217184,0.0516763646603631,0.0221781293383843,0.0653052266061412,0.0270141187480776,0.0568748879386664,0.0427481340740999,0.0381481214879379,0.0352888726005696,0.048445791590616,0.0608857116170974,0.0419875707519354,0.0329452410771278,0.0506724200613612,0.0564793621362467,0.0223777742475823,0.0486513674859781,0.0463831758694383,0.0302277755211811,0.0401351783775605,0.0571586887730166,0.0304605605896516,0.0333398075164134,0.0264608920019863,0.0341548269285675,0.0121860228211309,0.00433598625811371,0.0135967003096432,0.00366402160362432,0.024030373482347,0.00094208256156684,0.010294295064174,0.0142043729681956,0.0133723186149579,0.0147162090107771,0.00337862929040417,0.00617401968148573,0.00333844045861096,0.00941741271875167,0.00393057675919469,0.00125434304391422,0.0131951009903997,0.00522037688161619,0.0099776014556788,0.0141658100500875,0.00523042351060784,0.00433985623229238,0.00613542942574137,0.00255180616934218
"2007-01-01",313.121428571429,0.0520483068125625,0.0218922697159477,0.0647590521437952,0.0248268387996764,0.0530160127297629,0.0436199652123433,0.045293091285262,0.0346670244416745,0.0527102548228164,0.0557215693490524,0.0438249849758432,0.0316165657370079,0.0477424726454878,0.0490189729031051,0.0210039013115275,0.0472848897822123,0.0457955452263667,0.041446083335435,0.0392592117799786,0.0502040431593702,0.0309146417590619,0.0448307711423323,0.028021574821933,0.030481956107445,0.00205925135933428,0.00271496852357224,0.00324365422666585,0.00259857208102874,0.0134307368623603,-0.00408625593341654,0.00503841511293496,0.00919280673279727,0.00482115417150755,0.00464011623088886,4.87287289470289e-05,0.00206131641954383,-0.00783136741907155,0.00516365020074419,0.000885428623451892,-0.0014202557466833,0.0114037661209145,-0.00162448240606889,0.00350562845559448,0.0066495314201404,0.00440124038395809,-0.00558071375983366,0.0041370939291022,-0.000891090885867953
"2007-04-01",293.697127937337,0.0464913357305246,0.0215665186236274,0.0657074099676146,0.027947808650187,0.0562969393354378,0.041902590039149,0.0424765412400777,0.0345966430993244,0.0538385442147078,0.0626561300270037,0.0408419020098229,0.0348897411033292,0.0462537688238315,0.0471028118698313,0.0218645233895814,0.0449917768694736,0.0465402033546142,0.0397029728356334,0.0396122040008957,0.0487375444290516,0.0296204994987544,0.0423082567700648,0.0297382174073248,0.0343151167101374,0.00538941097168102,0.00312070443023947,0.0185628411621427,0.00410287215060857,0.0176463434301981,0.00118192664291462,0.00742032089363598,0.00879764690284268,0.0127429311295388,0.0155246881378177,0.00221314465389168,0.00360348943795827,-0.000216735118512642,0.00800037708514309,0.00363301606909379,0.00342004731531419,0.0158987086533516,0.00206750300194041,0.0100938969274781,0.0100656109616749,0.00496208793580184,0.00478050310751745,0.00879188394092019,0.00450917379766261
"2007-07-01",297.132701421801,0.0524036119191643,0.0214309636670724,0.0630221920953526,0.0285342369506583,0.0469562849976549,0.0527702897665907,0.0523088418136457,0.0404511861974111,0.0444257336975735,0.0558202923726389,0.0436307573704916,0.0311164141555357,0.035725176732589,0.0376616552060512,0.0222340821909997,0.0457457025524035,0.0442086320633628,0.0664855770757716,0.0407428045826673,0.0522933952604517,0.0309161092480525,0.0370921732581913,0.0265043479393782,0.0275195388862915,-0.00868752322659347,-0.00295422493998067,-0.00729196752964515,-0.00546456790645847,0.0123722962351984,-0.0235319744806946,-0.00635498512718302,-0.000285353576467072,0.00260979198723254,-0.00159459262040914,-0.0102640046057053,-0.000108606568170374,-0.00653203886152842,0.000762842981226074,-0.00268368296635753,-0.0127819329640987,0.00264292955800412,-0.0254892907037522,0.00270763131065955,0.00038954694999028,0.00116819046387515,-0.00541272965305109,-0.000124087671024124,-0.00243445384268066
"2007-10-01",321.991228070175,0.0572761734653492,0.0212020405098029,0.0616763970143815,0.0281424061537461,0.0416780882662224,0.0504177214864435,0.0451727105964314,0.0363677918441249,0.042692126046007,0.0522397646610356,0.0447036581870028,0.0332261483835456,0.0436288278644124,0.0484234357042808,0.0228185976295726,0.0436999366535387,0.045281897677923,0.0654322041909491,0.0435063761560333,0.054116368334874,0.0302589849871372,0.0344135739148574,0.0246240242398504,0.0290007460324782,-0.00920856358538913,-0.00261441436172637,-0.0193016762061289,-0.00485314309654744,0.00979363202199764,-0.0265606449261714,-0.00938500363682808,-0.00537569713719737,0.00625844993431536,-0.00489774808778124,-0.00836692756081384,-0.005076839398329,-0.00737201026767058,0.00233055262309466,-0.00471473535146613,-0.00764414797579347,0.00206382414583075,-0.0321119132700634,0.000613277583629818,-0.0016446091541482,-0.00229663636782234,-0.00690223100233993,-0.00467738958647076,-0.00525074930704583
"2008-01-01",318.238970588235,0.0593892087393734,0.0197872880903073,0.0572111323751938,0.0275358767708433,0.0389329706457068,0.0577989843815019,0.0411196316992452,0.0344031753287797,0.0380570314781549,0.0478976826204141,0.0510928530731544,0.0317485530742306,0.0452069883687643,0.0371996739393122,0.0208437015593092,0.0429595593787797,0.0447451153110397,0.0563341026913008,0.0504595092888139,0.0578975911237397,0.0301080537820648,0.0531572335307001,0.0248603151800579,0.0312537675692123,-0.0228291018860625,-0.00506491468740468,-0.0209762726633297,-0.00939181304243259,-0.00312969227650792,-0.0322097622760069,-0.0122656060939763,-0.00730632366933093,-0.00643229602305074,-0.00727783720788293,-0.0134382966412244,-0.00810366348068664,-0.0111499873652106,-0.00521153962585959,-0.00602428659029661,-0.0117428776616635,-0.00383783318949259,-0.0310454394943474,-0.001446560505259,-0.00770352497719196,-0.0054636919593752,-0.0211893045673216,-0.00605180333123429,-0.014063923624781
"2008-04-01",320.005199306759,0.058998810392203,0.0196155498428922,0.0520759602543633,0.0295290166319189,0.0375813640408411,0.041512755204444,0.0426356441597708,0.0353457543480428,0.0485592921006755,0.0502509504809701,0.0473602174465768,0.0417000919154942,0.0471575212820024,0.0438110901102277,0.0209083401996092,0.0458262264312996,0.049754658780422,0.0515301384800702,0.0432712348793241,0.0630950186496506,0.029901644778033,0.0410099868113602,0.0231198200605784,0.0354489127192299,-0.00768530420299299,-0.00365901552472789,-0.010468563179792,-0.0054357087046844,0.00157683017421487,-0.0158628136468647,-0.00928921442133794,-0.000661235803884664,-0.000544395157060903,-0.00595866530879255,-0.0153927874763731,-0.00706344689731739,-0.0120289600362699,-0.00481082131886446,-0.00356433324243101,-0.00992411732666658,-0.000490482085329062,-0.0205172175417783,-0.00493646760069155,-0.00278480869394314,-0.00357544074411651,-0.0150336270437958,-0.00223102142216564,-0.0109564434538296
"2008-07-01",319.948888888889,0.0589855194295501,0.0208725413283934,0.048544530948821,0.0314314628277335,0.0435746966782907,0.0423352888610582,0.0470978945923498,0.0378470313132097,0.0437401089708686,0.050619731715265,0.0478063411161206,0.0354174354334674,0.04621818506856,0.0427682069109966,0.0205298948537498,0.0463175248919858,0.047194795984509,0.0577818607076583,0.0462292835884174,0.0607755023391902,0.027917901462537,0.0412084773667775,0.0235338513113659,0.0312519322991245,-0.0181241970101746,-0.0051737637735573,-0.0152029179637739,-0.0124041469084517,0.00295343495398464,-0.0194572027198804,-0.0107372486484475,-0.0036147931578163,-0.00030873035594189,-0.0064274164239118,-0.015096188301156,-0.00981005968705345,-0.0151470379731952,-0.00660899637122088,-0.00507293698814465,-0.0132744324727611,-0.00366535679991798,-0.026427527195443,-0.00489162526460363,-0.00332048527185871,-0.00599982563576864,-0.0143825652831903,-0.0033556124963375,-0.00889489975455901
"2008-10-01",340.816091954023,0.0640015327851067,0.0200377988253164,0.0387087906627273,0.0389150377051025,0.0446611270923397,0.0405255537922915,0.0366123502600549,0.0328706909666088,0.04111583830373,0.0419528789627684,0.0534848664864807,0.0246285134962044,0.0446787537039335,0.0429893234050384,0.0200171587615153,0.0437722673620875,0.053313618837554,0.0663904847263842,0.0450744016097504,0.0755141953251454,0.0281181472051576,0.0477111613335987,0.0220607049683471,0.0328448034227565,-0.0221038141017291,-0.00679689444382962,-0.0153162672586005,-0.0169916043432719,-0.00104299645855079,-0.0230565396487846,-0.00963275329436095,-0.00975205835176494,-0.0049766742803473,-0.0185035945062697,-0.0167431881625706,-0.00977778649581909,-0.0148357672993969,-0.0160572723192183,-0.00735908885653236,-0.0144212297511777,-0.0123782442931168,-0.0355389207978523,-0.0186357855527146,-0.00573416240250129,-0.0112817440806462,-0.0257443676871138,-0.00902879807407167,-0.0166597951964926
"2009-01-01",328.729268292683,0.0656670789970364,0.0193738100355757,0.0362093588795867,0.0344159601425038,0.046603028033595,0.0366580802437787,0.0390467641784459,0.0291996750668086,0.0449999562052346,0.0416038718068189,0.0546412030360661,0.022154476172076,0.0403806495333645,0.0413609712332164,0.0196803688348803,0.0499668996234093,0.0542020227446353,0.04997542488454,0.0434193223757292,0.0826305019695619,0.0275913105433257,0.0600996372394463,0.0203798279585998,0.0397398002617648,-0.0198497971268969,-0.00594090212620679,-0.0151756868312273,-0.0151349501961566,0.0013630620544669,-0.0159394055438045,-0.00530586948343846,-0.00518106399433488,-0.0069753559835002,-0.0201038993957805,-0.0185325506521725,-0.00728471509419484,-0.0134445037605759,-0.0135795395146329,-0.00562620751903084,-0.0171578886149497,-0.00758073629055443,-0.0254007527054049,-0.0157104109936546,0.00313590102923282,-0.0124154075737412,-0.0293804778526007,-0.00773796258759935,-0.021336213839005
"2009-04-01",311.026442307692,0.0600416407019302,0.0200326995523144,0.0417217275802072,0.0320394295409815,0.050944913466976,0.0367561821741907,0.0409601756343715,0.0309824907565224,0.0478736149823964,0.0463544209466988,0.045979418319715,0.0244642676092967,0.0417702749691643,0.0394896907994154,0.020239281283498,0.0494901954186479,0.0516011795305134,0.0566531053563742,0.0479128188981682,0.0805311651311193,0.0274410257085534,0.0442729120446822,0.0217874873639117,0.0406598822303509,-0.00701844079504289,-0.00398061424026872,-0.00937198749059058,-0.0114892337436506,0.00518974137733591,-0.0124168671039574,-0.00354791969917088,-0.00315173223141623,-0.00347738436977608,-0.014006947696901,-0.0103263863308797,-0.00492205801599386,-0.0102480640208774,-0.00540972382783714,-0.00472974250120414,-0.0103246228434909,0.000504800449462722,-0.0206772254632313,-0.0127713162942606,0.0112785934751119,-0.00552078613780947,-0.0200484290861344,-0.00347524209651084,-0.0166203688887577
"2009-07-01",317.00872600349,0.0606731652615811,0.020659721090101,0.0436472345831767,0.0300478546845717,0.0464154065761912,0.0410856349751199,0.0373169056503132,0.0296844300970037,0.0542332156504418,0.0527354444781695,0.0469677236375474,0.0241806740242465,0.0401581744007577,0.0382706598499214,0.020304919323886,0.0488976296552692,0.0496591576772256,0.0464152514125386,0.0490551559406365,0.0794552015414927,0.026694537149495,0.044014524799763,0.0233154406486031,0.0461119368919476,-0.00867169589916252,-0.00200763544045206,0.00585484994249081,-0.00108987695767868,0.00893756421146733,-0.0107629137554487,0.00360271424500551,0.00218339673276512,-0.00069981868378814,-0.0075855795438707,-0.00882564394338131,-0.000134402856339861,-0.00708438108358607,-0.000811730019233449,-0.00144354240260251,-0.00651269514975017,0.00694611843665598,-0.00906769903912576,0.000847549526939741,0.0107581653526214,-0.00289800737009509,-0.0147085949493381,-3.00337266143357e-05,-0.0193196490018834
"2009-10-01",315.457482993197,0.0597692732404036,0.0197234592851711,0.0389221206612393,0.0296002427832459,0.0484676368773022,0.0402410321690183,0.0382326012874122,0.0315336998494238,0.0502828361952258,0.0507416120510273,0.0451677671547665,0.0246066163016537,0.0436890894007553,0.0407188084301064,0.020576765668411,0.0449818172214337,0.0526321834762097,0.0447055640262307,0.0497526466304103,0.0764138206344392,0.030488550562872,0.0502327009180326,0.0249714706944351,0.0435476844807742,0.000756471372353714,-0.00219877777900394,0.00436145301577606,-0.00638075598947145,0.00883565843479209,-0.00645917062038786,0.00159699644534287,0.00172558591992044,0.00511108340288092,0.00572871018465959,-0.00810414387458841,0.00138181903892337,-0.0058608017125654,0.0037028842053865,-0.00124617652049768,-0.00653886751336103,0.0118641837975632,-0.01061468305261,0.00647959573375303,0.0170464317126351,0.00144717264202463,-0.0146594219858803,0.00317221759137404,-0.0067341885262433
"2010-01-01",318.289962825279,0.058110820829024,0.0233010799308387,0.0393518737084347,0.0474479462073612,0.0419126420472305,0.0466250916691514,0.0347576863232891,0.0279319732237346,0.0515440571129967,0.0462020002430715,0.051138808942997,0.0233317183473992,0.0469781639799269,0.0444006607738207,0.0207636240333325,0.0459098600637187,0.0389495202727063,0.0481421315432528,0.0462799372613371,0.0637668036003552,0.0295756718790486,0.0577878001441137,0.0231143235237945,0.0426758043390644,-0.00513360338150867,-0.000401832074996927,0.00551033029872788,-0.0185300689723518,0.00643238535338409,-0.00635981177897804,0.00143087951876397,0.00244445273103656,0.00205172804841774,-0.00080670192609224,-0.00943532374128925,0.00206265513924092,-0.00834061579438485,0.00517104065056003,-0.00097117671560785,-0.00740889418287462,0.00683745333209898,-0.0120261588667074,0.00805936092072218,0.00813549621084909,-0.00200790143717684,-0.0235014824269147,0.000796859311966254,-0.00743555827237508
"2010-04-01",347.973637961336,0.058587252214106,0.022380971191931,0.0352698339382108,0.066358917156682,0.0443632402978109,0.0416227475564514,0.038694285167805,0.0354329289633803,0.0431519357984421,0.0454242732378788,0.0466096707636884,0.021762770054597,0.0493620863805679,0.0395611309198785,0.0220390954330486,0.0530331249143869,0.0394580985325777,0.0521043386914322,0.0414554093144887,0.0631523212649511,0.0272984297703853,0.0515833029506965,0.0225827266329399,0.0387111088536629,-0.0130450758530185,-0.00429137926977003,-0.00503503799101834,-0.0331849468227668,0.00743443379322822,-0.0153810797090737,0.00318835706016254,0.00168644775118631,-0.00248760251086158,0.0042886173193993,-0.0107987932577559,-0.00180300784186729,-0.0114847606845736,-0.000467526379041325,-0.00391116976227475,-0.0109479959894698,0.00557286128096426,-0.0182819048592909,0.00993738299811948,0.00601339013536615,-0.00250854687409515,-0.0242407229546375,0.00307919173938251,-0.00886745186081958
"2010-07-01",342.121338912134,0.0611777556293618,0.0235933009450729,0.0419708904940136,0.0446107613964912,0.0430915460617156,0.0543040297632755,0.0359224590676391,0.0294553122072707,0.0430531971503387,0.0574601877146615,0.0452161581626179,0.0226062269958089,0.0411604279481267,0.039343181526036,0.02244731904535,0.0467798434640625,0.0397165397564692,0.0459407596574874,0.0427162731685777,0.0626049145096516,0.0340566130604511,0.0459738943146912,0.0296072130725282,0.0471911948883012,-0.0109465217729471,-0.00384644180458652,0.000335146280372442,-0.0113986016287964,0.0146657638044951,-0.0189079477961699,-0.000399858464803425,-0.000518801658432966,-0.000312028425472946,-0.00320803815699123,-0.00815254866362841,-0.000652110156096505,-0.00956375785776963,0.000715843623511867,-0.00350980453821281,-0.01128415661656,0.00549577223638832,-0.0140792964428132,0.0036095699221394,0.00845110773022366,-0.00498283625673101,-0.0204869580272449,-0.00043638697977284,-0.0149738403361006
"2010-10-01",343.117647058824,0.0642545799462346,0.0223391869922115,0.0401369221344373,0.0566039066479863,0.0410229580535581,0.0496484580780541,0.0332716248540874,0.0295034182084655,0.0488461380769732,0.0507351463213217,0.0488796515372351,0.0252062007190694,0.0497978816891053,0.0472348055048492,0.0215375297074849,0.0410012570123308,0.0389872723797761,0.0418804748510199,0.0402181857651082,0.0643893268910471,0.0320041315609457,0.0532160182238407,0.0221819141928476,0.0371030106520103,-0.0092848467186062,-0.000756470280784972,0.00355579760456077,-0.0264791461916662,0.00930214038226834,-0.0103172949166861,0.0033849489779821,-0.000173652067148722,0.00579123796309169,0.00557893241112233,-0.00535993844066531,0.000754673809662959,-0.0047051879323716,-0.000257693132109162,-0.000840478120920505,-0.00638624132797883,0.00822940723083639,-0.0110533885022668,0.0046866667178628,0.0110783608496878,-0.0022091481057796,-0.019753361780975,0.00085537427575986,-0.00535225061548831
"2011-01-01",328.976445396146,0.0655518726377396,0.0218200870075548,0.0437167693785976,0.046415358786577,0.0458073911443091,0.0403517995553571,0.0334848358367786,0.0341855316822734,0.0503049068418853,0.0490770008480664,0.0477441292374823,0.0331109457238674,0.0470036221280355,0.0457172750332992,0.0206547404229991,0.0460689157256108,0.0390884206260273,0.037460498226956,0.0409319070397549,0.0608641299986287,0.0293705705761623,0.0623432396773309,0.020857956916886,0.0380680949478207,-0.00824051496887379,0.000221541439898007,0.0099882119348546,-0.0126099211179554,0.00936752666782384,-0.00520396207087704,0.00270173072108613,0.00336315582417039,0.00558358943893968,0.0123653842552702,-0.00303896113206346,0.00246964129296919,-0.00980775817746388,-0.00184226770621933,-0.00136585654000545,-0.00841962539642908,0.00749365763312959,-0.00935174496035723,0.00670865791606063,0.00384172321145435,-7.95872514240726e-05,-0.0233011294877248,0.00412415152099794,-0.0023115091458746
"2011-04-01",343.81974248927,0.0586628332704531,0.0213482748023038,0.041656122337937,0.0638510531058298,0.0379749107749409,0.0430381194734733,0.0335671310852063,0.0283485954560195,0.0467210358463733,0.0525287719528384,0.0456165891761176,0.0342020891108587,0.0470853687678503,0.0397893196508603,0.0210118933221907,0.0455931969560298,0.0442930435759813,0.0390019562140489,0.0410214866573048,0.0544991477572459,0.0286912251074165,0.0648805739853219,0.0240033321847915,0.0426139294286065,-0.0211416777278799,-0.00542392546895955,-0.000579849926833755,-0.0378730144472526,6.7023454115402e-05,-0.0191348613321286,-0.00550373764332384,-0.0028399130075207,-0.00660739006199427,-0.00729010702552465,-0.0173465410279244,-0.00387164400374267,-0.0189257454172077,-0.00594375006316216,-0.00627764612606585,-0.0143862718297264,0.00832483245216435,-0.0159687572222587,0.00362052620727421,-0.00321082657594157,-0.0060065918720673,-0.0414653143911292,-0.00365400582636265,-0.0190895706079583
"2011-07-01",368.14979757085,0.0674377617771734,0.0230903514439725,0.0431695998438792,0.0732196320133762,0.0365111492812113,0.0537106960218563,0.0317677202334416,0.0364113134495909,0.0473213605845167,0.0471485693777678,0.0493037682694738,0.023177839381842,0.0473804468769992,0.0345257263559222,0.021731757052809,0.0426714704728414,0.0307962174667884,0.0476083312330012,0.0318334850888861,0.0578569624064183,0.0295683669954583,0.0612507135092906,0.0231267223038293,0.0393800385596544,-0.0326893022133176,-0.00878498226138552,-0.0168044721411385,-0.0508256813769202,0.000955193564564627,-0.0303356236791301,-0.00321821742475013,-0.00923648111523541,-0.0121080080361612,-0.0141607259356065,-0.0261763648022218,-0.00550227804288167,-0.0239167697109415,-0.00592419191088742,-0.010063740772928,-0.0201871504026679,-0.00101211960737789,-0.0278551146958242,-0.00509823683379742,-0.0106837927653668,-0.00888382380823959,-0.0445578547656837,-0.00734008709904636,-0.0182285299486822
"2011-10-01",370.584347826087,0.0667870881049731,0.021450152633206,0.0369526107769038,0.101257909734003,0.0380257156709102,0.0382828142914612,0.029631573337482,0.0355315618494689,0.0466734457592807,0.0465896945883213,0.0434530134213518,0.0224403212340012,0.0490726944827385,0.041054659283529,0.021168343350945,0.0446456509115346,0.040260591891412,0.0463553330288339,0.0392765319515197,0.0569493520354641,0.0274946633768051,0.046918900040836,0.022537303912093,0.0371900743329261,-0.0193692818513692,-0.00479380530230986,-0.0109602888247793,-0.0611658512280532,0.00510037179700801,-0.0145442516563429,-0.00369341072389101,-0.00746111194399215,-0.00251570268433499,-0.00125672278258908,-0.0113766557806817,-0.00276272926433475,-0.0146946085262822,-0.00446987744309703,-0.00499541971747262,-0.0126256698493431,0.00351302680787775,-0.0198036381145293,-0.00334542000291577,0.000247063322110967,-0.00706251037824531,-0.0176918536339102,-0.00242985738520241,-0.0112729726681677
"2012-01-01",335.717021276596,0.0545593564734606,0.0205371870005334,0.0376384564329681,0.0856218598831629,0.0424637529261385,0.0399517881001627,0.0317817970355304,0.0336387235514212,0.0460849468670353,0.0544447313723718,0.0463335567496152,0.0250472660535515,0.0504052261723205,0.0358297045956559,0.0222665495443091,0.0476737548628564,0.0411521493571125,0.0455378329956505,0.0419873458372367,0.0582777635071695,0.026157682973973,0.0473978204173486,0.0247902207329457,0.0404205265574701,0.000713660981386665,-0.00129268520010772,0.00699391020099583,-0.0431744246341802,0.00980614984315842,-0.00570970187101383,0.00615985423976915,0.00239912858069252,0.00542728882617514,0.0178954189392964,-0.0048640814559532,0.00338754742946798,-0.00563576259649676,0.000710908203519764,-0.000942360025170944,-0.00455985675229964,0.0114883868108265,-0.00981053663436078,0.00241701226777074,0.0100568408526475,0.000332192180816854,-0.0124495128091884,0.00370414266959305,-0.00227645186953024
"2012-04-01",351.418552036199,0.0567828993946323,0.0224533929312597,0.0403377784647146,0.102646840411245,0.0353759759917012,0.0463551608214969,0.0317961447196953,0.0350776514473971,0.0443041108261994,0.0503744434467146,0.0450463664310162,0.0233939633755293,0.0529572301116711,0.0399826423772864,0.0227979274394318,0.0426361687675473,0.036785240258679,0.0462816045069472,0.0353510829691731,0.0521454084078329,0.0253642822017,0.0512519407801658,0.0243351404861658,0.036166603431798,-0.0169600452537521,-0.0054293899638751,-0.0106926916616029,-0.0662345158812493,0.00241399623219205,-0.0159019087731498,-0.0011200864781865,-3.61484361863358e-05,-0.00314654702565905,-0.00465750838909841,-0.0144279915328111,-0.00422444609549754,-0.0169882157756805,-0.00531149533298663,-0.00609565579599941,-0.0104258107277447,0.00121461874211593,-0.0134419334929642,-0.00349392672691782,-0.00416780502003947,-0.00662756266467461,-0.0220297878619725,-0.00150531032755452,-0.0104182888011331
"2012-07-01",355.859259259259,0.0590450659020512,0.022666183269625,0.0375788728765807,0.085795637930552,0.0353380797134997,0.0447733077108599,0.0319821311049529,0.0342137943498377,0.0459062654389558,0.0447837757975045,0.0491489894837095,0.019498889088352,0.0542365710913103,0.0428214503196586,0.0214324348655263,0.0576338399444911,0.0371369079624457,0.0503252703937121,0.0410289044031191,0.0563867385963155,0.0243689668225585,0.0463301852216505,0.0235001058656641,0.0340676318470672,-0.0166887603512396,-0.00712641324662014,-0.00619900673782169,-0.0432244387928192,-0.00373963006553728,-0.0153332455128679,-0.000767797524991235,-0.00344271947909707,-0.00725879244535414,-0.00570727844251461,-0.0167620909285649,-0.00415395951597439,-0.0171257657103283,-0.00612634277281409,-0.00662449839497006,-0.0377907061249104,-0.00255170921889858,-0.024715299394744,-0.0040200935268816,-0.004612856474296,-0.00619998586172307,-0.0240503636748478,-0.0043526314091838,-0.0101643293884095
"2012-10-01",366.370826010545,0.0619399289047456,0.021629587646227,0.0391440676011807,0.0809794594915709,0.041868697420114,0.0434046497640295,0.0290329547102886,0.0342197303428388,0.0475259449526004,0.0453276754705639,0.0488237127767602,0.0205478578598529,0.0643565497408748,0.0429750444145764,0.0215059845977576,0.0426193810689299,0.0372759368281418,0.0384073104181772,0.0350116866079002,0.0511575241173132,0.0265208216044552,0.0668033409508043,0.0242270916284541,0.0346950610818429,-0.0111095043886959,-0.00309240513896228,-0.00588031457184784,-0.0330348725646887,0.0114783001573618,-0.0112367681122815,0.00634926259290729,0.00308180526210097,0.000769455018300771,-0.00461514952712228,-0.0109140458782508,-0.00241942749733948,-0.0115513716577563,-2.83388333643581e-05,-0.00385643204819129,-0.0133659524551697,-0.000337429899266588,-0.0088514776583274,-0.00348343490531155,0.00198699099348376,-0.00818780504224677,-0.0275200651860655,-0.00445753482472611,-0.00858997984907884
"2013-01-01",341.780126849894,0.0554885440099666,0.0224019864239959,0.0382663813936064,0.0749632715028587,0.0373662442419577,0.043528449855859,0.0308743092162895,0.0295079004553889,0.0528808448548467,0.0480751437412142,0.0455894053361134,0.0207084128647223,0.0580435216074433,0.044493460823991,0.022017251324359,0.0510697742906115,0.038663379252125,0.042491702416953,0.0346888991228007,0.0592180627912937,0.0283490849584208,0.0593334364130342,0.0242263497920363,0.0377541833101121,-0.00679923014718545,-0.00224205018131374,0.00680820424617109,-0.0293611767678679,0.00812775014964041,-0.0104533434729106,0.00701806075078106,0.00320882560070005,0.00577134967915386,0.00887007040134436,-0.00770920488304897,0.00134978306710676,-0.0143061093446815,0.00437043343617481,-0.00185605352798324,-0.0172885869281885,0.00661742045229693,-0.0153187665771188,0.00413985150267246,0.00652451332104894,-1.27767171320409e-05,-0.01651121660397,0.00282644609665739,-0.00178162999644963
"2013-04-01",339.222419928826,0.0575848882373916,0.0226436927085773,0.049876905322783,0.0711498926024299,0.0355605930055413,0.0550052121422982,0.0307268672268535,0.0316057819909122,0.0487159902167121,0.0535121653010911,0.0420307102502803,0.0223606988765971,0.0520284943990867,0.0452579008887659,0.0220905719525777,0.0473661444786472,0.041912757916876,0.0442013366722304,0.0383599580047125,0.0478504382201132,0.0325901946829413,0.0422095777344691,0.0273292621987034,0.0380299649694089,-0.0041010112341477,-0.0012890709130735,0.00833303817966767,-0.0268267206901081,0.00905381604432149,-0.00662956256788255,0.00935960548768929,0.00151495927335056,0.00637713984964972,0.00306205349180608,-0.00212879118848289,0.000381542380432289,-0.011118263234942,0.00236453254449613,-0.00152220067219504,-0.00823180763318151,0.0100938859560668,-0.0092935003749682,0.00764195316609213,0.00582982994025928,0.00507616495619947,-0.00701778434321532,0.00303718712254383,-0.00466513488728701
"2013-07-01",338.215083798883,0.0591145751996821,0.0222591993501296,0.0462209781752087,0.055771733243426,0.0436038498654511,0.0561004022018371,0.0321817052340825,0.0375304007498871,0.0472744234879037,0.0556620160376536,0.0513543749479504,0.0243264078300095,0.0504751687105955,0.0446891239783068,0.0207741578967334,0.0480575391537068,0.0373849660730769,0.0410724592677921,0.0375124514935266,0.053633338953333,0.0260145082903003,0.0411987645661541,0.0251391499458247,0.0426483053474286,0.000685391662377329,0.00219159405881274,0.00940104195449896,-0.011217865532521,0.0113818338874252,0.00472483864857115,0.0120816043609767,0.0111050006034698,0.00447127035290243,0.020027015501431,-0.00369292220756473,0.0055745868101572,-0.00737166637998097,0.00341413965867756,0.00192350644355623,-0.0096901951868532,0.00899999380419674,-0.00557375692472519,0.00813608030357523,0.00371956962024498,0.00350943566361444,-0.0100511324789671,0.00915413268604647,-0.00369561506598847
"2013-10-01",345.297008547009,0.0591923754199957,0.0237401052676542,0.0453150205868386,0.0620929227661991,0.0426335233926709,0.0526738484012676,0.0306969781322721,0.0313142362625721,0.0485330010204733,0.0488024142243481,0.0476671366712063,0.0244109539236074,0.0509653813857046,0.0452804624132444,0.0227987891798955,0.0514907422399016,0.0389137878869783,0.0438509966213509,0.0388785017600274,0.0549578333629349,0.0274484747099361,0.0422634925089743,0.0260199973518902,0.0400590245100564,-0.00761035496600905,-0.000955475890972587,0.0059552411650491,-0.0199491192005601,0.0100111723571962,-0.00331521121583097,0.00321692399269526,0.00194719629895275,0.00742529897533655,-0.00104077155935312,-0.00795910449198744,0.000373203794501671,-0.00721655807940688,0.00248720812388297,-0.00122447943659908,-0.0188505390657225,0.00932969486900405,-0.0119234745073202,0.00781002433735738,0.00717567762078816,-0.00392982822954115,-0.0145076096302557,0.00486444329077436,-0.0112076362034159
"2014-01-01",362.601503759398,0.0636791949093784,0.0225481479300957,0.0402137687571697,0.0566263572305469,0.040544714334604,0.052454257524854,0.0297572491979826,0.0317308549880151,0.0510576660195551,0.0485927597542163,0.0423527201844786,0.0220319769720327,0.0512311108326211,0.0501474115242911,0.0218453975019138,0.051730935743286,0.0435719877677205,0.0427458263017199,0.0352592773067634,0.0588336839826148,0.0315184118135921,0.0379009482994618,0.0263792252550257,0.0472461158680608,-0.00746521985198207,-0.00217855649982327,0.00182707508336264,-0.0161980286741565,0.0110787454793642,-0.00816670753962672,0.00534844631070759,0.00458241006175673,0.00561781285578483,0.00506465064900276,-0.00721813864714598,0.000392178600151121,-0.0114336871780867,-0.00756589140618208,-0.00222734985001315,-0.0158758960727811,0.0121362177299931,-0.0126768950477496,0.00403396931823141,0.0062119582620933,-0.00533167111585182,-0.000779279471036118,0.00232160251272604,-0.00220911792484152
"2014-04-01",356.912935323383,0.0629909388204927,0.0206794335289647,0.0410138043579163,0.0598849252345584,0.0418336439707239,0.0484915842291184,0.0312236066638861,0.0317544816048106,0.0568221549571594,0.0540145681910441,0.0427463832966923,0.0236890271069399,0.055185226247014,0.0511248614760857,0.0225274667261601,0.0453974110622697,0.0408481417391054,0.0395733614560811,0.0337933068720024,0.0548922611407341,0.0259224366062768,0.0383440839263682,0.0268451588993404,0.0504017318862552,-0.00260801331889606,0.0010608716109216,0.0158870487642148,-0.00780751758599436,0.0106540777021168,-0.000264238630657637,0.00736510709868476,0.00772475612694339,0.0109551041357203,0.0213854211582403,-0.00154302916602378,0.00584907084319146,-0.00646969458055118,0.00230601260523966,0.000770999988338908,-0.00467789990093353,0.0113877812431187,-0.00315194723698038,0.0073304166055477,0.00821448457414993,0.00217052648439985,0.00266129504706973,0.00851544286391758,0.00818152382040793
"2014-07-01",337.960113960114,0.0600554373851334,0.0242695509056483,0.0496298586786489,0.0622081876511497,0.0390635287517387,0.0532953543463737,0.0284254493269803,0.0345096585752691,0.0533952354486994,0.0520035724689611,0.0380810072629956,0.024267187885534,0.0521199763574675,0.0472031679466132,0.0239198787559437,0.0481501502844312,0.0416497175857597,0.041909039279683,0.0410892845164912,0.0505162634014037,0.0263956286645092,0.0357714404398342,0.0289699496908883,0.0431014743898427,-0.00432994330596811,-0.000150185815962968,0.0153119324350076,-0.0156927310937137,0.0120760180339397,-0.00365734476669523,0.00671291779354577,0.00734453618940844,0.00827305032980404,0.00941973806034812,-0.00319827552182219,0.00325996689103818,-0.00912249920653738,0.00125264165208042,0.000998211598158549,-0.0132779166249026,0.00975718298226735,-0.00879635297173778,0.00639341165806638,0.00765909337678953,0.000986687063038229,-0.00142865060691281,0.00799694578969128,-0.00145283365792203
"2014-10-01",367.473684210526,0.0605062907141403,0.0212890235187287,0.0468970839094958,0.0616135677380771,0.0350778555603173,0.0541154548992888,0.032866357790526,0.0299568260380538,0.0486516614885944,0.0494390065082637,0.0412012463830432,0.0281618173729045,0.0567037109273634,0.0523593759753272,0.0203711017393372,0.0515994606171766,0.0387072805923542,0.0491372380652313,0.0367320930264366,0.0555593895617166,0.0287729083692998,0.0387534141332454,0.024908614594144,0.036619220476934,-0.0115948458774807,-0.00179034147297618,0.0101099285889557,-0.0200825033101292,0.00676235215865021,-0.00985985134520879,0.00439232967079197,0.00333005167430654,0.00479565776862243,0.00945658551232289,-0.00453900386124094,0.00194354546894797,-0.00671725637804007,-0.00193766604544402,-0.00208925446626875,-0.0176834323270304,0.00654538491950525,-0.0210422943753779,0.00489064827864167,-0.000987084705001689,-0.00169177315475889,-0.00495204748161043,0.00395796667350801,-0.00470376264681246
"2015-01-01",365.703016241299,0.062130719221423,0.0220629736561895,0.0472935274592161,0.075702803532091,0.0366676098815249,0.0503542199120586,0.030697319913178,0.0300011642906683,0.0478174255569295,0.0442997303821421,0.0455665631267461,0.0305499584789232,0.0547909994442706,0.044410734113446,0.0208428397186577,0.0479112694232597,0.0366991993549337,0.0459649046079559,0.0348035740082499,0.0537114283221932,0.0319423356446254,0.0460395328718096,0.0231726655978334,0.0365665014816746,-0.0109938176139084,-0.00284358583796651,0.00348770525120402,-0.0279722090472532,0.0101037883939274,-0.00712891291083654,0.00414572157290379,-0.00119958578117127,0.00485603599068159,0.00226279584211047,-0.00765744789919813,-0.00257542664783152,-0.016286357731123,-0.00491012932560447,-0.00352427473006414,-0.0190898737592423,0.000827380286595697,-0.0104401078262541,0.001071778978803,0.00734572174438427,-0.00228277933935785,-0.00560938940597111,-3.61243814276663e-05,0.0019247609954231
"2015-04-01",357.736842105263,0.0575833604573841,0.0195223643829867,0.0519647152148969,0.0687967985439173,0.034783417251673,0.0425696255318283,0.0286498884935382,0.0359272266411998,0.0550692326295343,0.0539014093347806,0.0482757999407852,0.0285787510810008,0.048743150475035,0.0490352414254537,0.0200698671588848,0.0567843394217744,0.0387385338624117,0.0434847775764793,0.0329277789190991,0.0512922054789089,0.0319586334190271,0.035455295681416,0.0271832002294666,0.0387043868485181,-0.00619040798149353,-6.98497693664525e-05,0.0102980863121214,-0.02845183451457,0.0076767981415389,-5.16997236147201e-05,0.00557072237451199,0.00619472903189106,0.0133873554289432,0.0137728004891859,-0.00475554971737847,0.00253429907954208,-0.0092118153098275,0.00161881297649225,-0.000628244303625398,-0.0278878810361447,0.00759185231189376,-0.0156551964211299,0.00346133633497785,0.00131433293118451,-0.00134448035759425,-0.00361852513156206,0.00696948837090396,0.00535225641644698
"2015-07-01",367.324022346369,0.0644283651722065,0.0225021679213864,0.0600318125090864,0.0675837885277155,0.0316671651913552,0.0519981616810152,0.0291308889896012,0.0363083981625117,0.0450770393420887,0.0421388073458685,0.0414212819903663,0.026817607582361,0.0559131781469512,0.057008896155896,0.0227028035782036,0.0461674243219265,0.0385141400330311,0.0434994071558269,0.034707718822153,0.053065271002074,0.034843864646583,0.0325272074607649,0.0248167956338051,0.0371278086272221,-0.00479451856524046,-0.000593663368895859,-0.00707702252006747,-0.0236231427826084,0.00292886046511619,-0.00338403993393175,0.00680621615788557,0.00867212111067242,0.00939375954500272,0.00829365758713319,-0.00150127935422406,0.00143677061393226,-0.0100490349195069,-0.00912324474667934,-0.00132369607147227,-0.00790015565363209,0.00586872368606235,-0.00512242890907472,0.00641337168441063,0.00194234539230772,-0.00666912881352185,-0.00142724784754683,0.00330401608769639,0.00443656231106521
"2015-10-01",372.300505050505,0.0588223621797153,0.0222243388914094,0.0561398492892143,0.0440514126914543,0.0356163877029067,0.0584185562750222,0.0264161014301918,0.0392228440270165,0.0493863678485273,0.047712478345532,0.0446727412363803,0.0316630640405514,0.0495218659129053,0.0489038723308954,0.02111222204105,0.0504633073935199,0.0493027136397525,0.0418499004875951,0.0352100448271952,0.05295258224237,0.0353337454669235,0.0382305496059909,0.0279581635513277,0.0348145285425531,-0.00399333169862994,-0.000133490792992211,0.00791923752809003,-0.00877662229050182,0.00976932882838525,-0.00507037258512622,0.00657482423121192,0.00355895898756087,0.00558931839153903,0.00523184126128124,-0.0038368826159996,0.00100617148098521,-0.0122039823410071,0.00525234529241763,-0.00148962188713568,-0.0172920814258266,0.00824798035737834,-0.0115909971536592,0.00221319245844435,0.00446838333580289,0.00010766136626347,-0.00690489474173411,0.00275812153637645,-0.000560599132935673
"2016-01-01",349.388198757764,0.0631461219147547,0.0197033319768945,0.0637964141305009,0.0395616204520326,0.0374622004160101,0.049528582275066,0.0258882706184833,0.0342760834797784,0.0466549422226255,0.0466665997697454,0.0413086783919716,0.0306135254376968,0.0495295551596111,0.0609140721076193,0.0219477360731283,0.0471501016846195,0.0419724467992963,0.0435823349956252,0.0382953497543797,0.0508407477103318,0.0423546920287724,0.0347460263895622,0.0293733639281166,0.0406872022833777,7.97174899305627e-05,-0.00218437937861062,-0.00046749651628779,-0.0162545886790398,0.0119719319316742,-0.0103265016004357,0.00292719803991234,0.00229338528198969,0.00827266913895257,0.00113814580665653,-0.00294635657363488,-0.00315865742690723,-0.00933749155286001,-0.0120403713810872,-0.00260737742350486,-0.0140274000429641,0.007509590905537,-0.0209844432865736,-0.00393275926937093,0.00322197676294648,-0.00664989961457365,-0.00689602471925977,0.00205740801126385,-0.00178255022793384
"2016-04-01",363.432258064516,0.0655940224281472,0.0189389615850277,0.0583781198707356,0.0413085782036643,0.0391153200488019,0.0434473411249397,0.0239722152565145,0.0362613401939885,0.0616281730290523,0.0448307476202257,0.0440830701869114,0.0253480672240971,0.0592588730654229,0.0457215032378837,0.0228285735590492,0.0537660373574273,0.0416119426169244,0.0443993058866779,0.0334027135055215,0.06434304191055,0.0295728733362414,0.0341871134086234,0.024793625810507,0.0432084395330653,-0.00739138975703199,-0.000758722951145688,0.00667064967456308,-0.0110036962326565,0.00510516828100757,-0.00570611041631785,0.000647896757660608,0.00868042682736124,0.011192628919773,0.00467499671951879,-0.00705053233779219,0.00167921307453965,-0.0180800641161718,-0.00315310638424314,-0.00175772207746125,-0.0156947576764065,0.00391698796149416,-0.00670868689890437,-0.00245164597589448,0.00534326053458979,-0.00392724218027191,-0.00452915773649482,0.00186794635073042,0.000632877994391727
"2016-07-01",378.191304347826,0.0666081854513716,0.0214028691191641,0.0637484759851048,0.056855956758821,0.0447692068245169,0.0527053644798263,0.0265096534887174,0.0330936311632625,0.0558576605634147,0.0393960925909266,0.0421912531163066,0.0218019802279871,0.0645595896010653,0.0445767816864923,0.0217348695871394,0.0470457502539272,0.04045514991604,0.0350989427801589,0.0344594386034759,0.0615466255603151,0.0325378682924595,0.0354717551165121,0.0196334396625962,0.0379394591703986,0.00594548451587469,0.00321697733782539,0.0274612458831382,-0.0118928082263721,0.0166776981048662,0.00393746025900321,0.00757703287859103,0.0057478917032969,0.0210490833674183,0.00946211285821207,-0.000261404933969438,0.00424405813894223,-0.0069695166116027,0.00901932459730679,0.00307492084221928,-0.0110495581200714,0.0132243394685261,-0.00725712406668001,0.00700341134529588,0.012231826549775,0.00697751999236466,0.00406623058869138,0.00523621452695379,0.0111377514935845
"2016-10-01",378.16862745098,0.0650854530474375,0.0207255167542742,0.0613371679694696,0.0381024534866917,0.041519244805623,0.0464354823037427,0.0285085158011974,0.0384423920149157,0.0563524644694747,0.0393143775716043,0.0479500778317381,0.0213534425287241,0.0676991055234198,0.0430974030579471,0.0213501449859585,0.051531282563238,0.0470880356012008,0.0362235924311543,0.0307046126447713,0.0620436006329624,0.0339666609733454,0.0415102014815215,0.0202312142690044,0.0394275572505836,0.00468009736185174,0.0016604883884778,0.0249471027048681,-0.000235717294616717,0.0097149661999372,0.00357614398228907,0.00582620498677892,0.013464817900537,0.00987988593101781,0.0122288293346603,0.00270426572172545,0.0020183420454234,0.000153800473069044,-0.000422439903591475,0.00203291962438278,-0.00184695118453107,0.0125204245952951,0.00280318963626374,0.00571509262197527,0.00948786902278244,0.00162723389984097,-0.000594390161646064,0.0048736960150941,0.00406683197247399
"2017-01-01",384.151394422311,0.0705011895292414,0.0213451205827846,0.0613583614105493,0.0413411789672648,0.0371032460837248,0.0461780274928589,0.0284238643984992,0.0312395702965356,0.0521063308824102,0.0347939077130076,0.0698402760051251,0.0211522943108088,0.0667263230186152,0.0384372239042811,0.0209877730517402,0.0565688483187759,0.0459992234015548,0.0334679650607386,0.0269278217117265,0.0556944592818703,0.0339886756831731,0.0454441947815932,0.01779984412577,0.0425742799873506,0.00294996580249267,0.00277177800873363,0.0256956681168029,0.000616550866112803,0.0106874359079863,0.00268306737181605,0.00983655692644404,0.0113301544229793,0.00886754180698969,0.0108426384846543,0.00728899951888298,0.00363657786164036,-0.00158259295444261,0.00460406240773062,0.00246342841239838,4.1234196296224e-05,0.0101250863503906,0.00137203878859476,0.00393953460516537,0.0123850971396739,0.00359016185601998,-0.00132185620893546,0.00403859255500473,0.0127669801271161
"2017-04-01",383.862204724409,0.0634226503001558,0.0208833846848329,0.0555325185650486,0.0453627739868935,0.0389227341172157,0.0463971257091641,0.0293881256852082,0.0329079493811262,0.0471665318770489,0.0357641749514067,0.0652023249561105,0.0213574081325983,0.0635441071724017,0.046362267973799,0.0187119972963928,0.0493565553968737,0.0447383474913999,0.0408021100766348,0.028908513826114,0.0563616344677203,0.0313039002223986,0.0613104798668714,0.020832862555232,0.0354595213073524,0.00684020004007147,0.00106178580839624,0.0257295033332411,-0.000856596625411181,0.0139677032245483,0.0037050338249324,0.00714935302465343,0.0100280689776472,0.00531547753890713,0.00622223795710035,0.00458666103172227,0.00356958360687376,0.00303718837674202,0.00792412927687164,0.00293752005624913,-0.0090695673594332,0.0133594171814013,-0.00547814021512213,0.00777970868658154,0.00516280785903211,0.00437823841228886,-0.00543898653150462,0.00480307680963511,0.0061600941979991
"2017-07-01",389.943127962085,0.063880962949281,0.0190121741072311,0.0645380188603065,0.0378395694410969,0.0453284672948229,0.0459582608306039,0.0250682719607896,0.0387804225721793,0.0638996311756456,0.0328270865875464,0.0578615227151097,0.0212232614808012,0.0617706609655003,0.0406801566986607,0.0201720730953928,0.0494586017645013,0.0455893360647063,0.026332069330341,0.0257869281286823,0.0706505097831855,0.0321971926244855,0.0512075346993591,0.0217839737411592,0.0381533131286121,0.00243485823145033,0.0010720201862328,0.0302804235439984,0.00205651250274528,0.0138976541239646,0.00329059003817728,0.0049705970835654,0.0174846101953903,0.00852049167162228,0.00818306077117414,-0.00177565193058814,0.00219185082191169,-0.00303072475639425,0.0056366380133087,0.000521843196243089,-0.00365238371746683,0.0147082850013687,0.00043746108881208,0.00682613739222672,0.0121211601297558,0.00590043190318257,0.00611677680577983,0.00694835089272461,0.00470840072179826
"2017-10-01",444.384279475983,0.0623252162537343,0.0219197797927072,0.0507050375410962,0.0386384461704232,0.0424935962421399,0.054025421151032,0.0295601948019931,0.0287933706888378,0.0521999118518318,0.031473790214554,0.0566904135650728,0.0210958288774862,0.0684644062231001,0.0482392283766527,0.0210224280265006,0.0544325475736766,0.0466561830366806,0.0316613302284,0.0267888178298965,0.06374920792768,0.0260763761463587,0.0711562549092518,0.0170950385253863,0.0347371740455074,0.00245921224781107,0.00222075399534155,0.0308232948776379,-0.00331166462765664,0.0105250815518767,0.0027563779533195,0.00446366570397328,0.00816318471070358,0.00942830435691092,0.00576678474215239,-0.000841317751479645,0.00384707796076132,-0.0137363048918388,0.00640144095298427,0.00125765756898173,-0.00388500551732363,0.0143496146743071,0.000431524455616119,0.00723301114604343,0.0101080364617651,0.00452986641598475,0.00249299318153683,0.00319972610640187,0.00450565739883264
"2018-01-01",403.2,0.0477516912256801,0.0253969983620065,0.051872359266155,0.0207665303081722,0.0494601069405465,0.0700947320522718,0.0211713275068353,0.0226117143592411,0.111463842813499,0.0400031832538601,0.0349223584520629,0.0288897444810298,0.0317266594634435,0.0348791964636312,0.0200541688260173,0.066900243365319,0.0774729187577658,0.018479176805628,0.0206205467850474,0.0759676152399016,0.0114359761404976,0.0544889103882321,0.0331007795059539,0.0304692192372025,0.0379607062603016,0.014408661217382,0.0308140550708179,0.0125950991811084,0.0309563182697366,0.0314905544210027,0.0128937072076895,0.0120716711081188,0.131116619052652,0.0231896454575406,0.0151826408463351,0.0255260729228082,0.0194638351978986,0.0193596564646536,0.011564790692193,0.0348353319625028,0.0403326261463087,0.0098560749364134,0.0131399351552148,0.0461701645391776,0.00856782875796305,0.0417621129249535,0.023902703052259,0.0138384691365502
