"quarter","T1","T2","T3","T4","T5","T6","T7","T8","T9","T10","T11","T12","T13","T14","T15","T16","T17","T1_sent","T2_sent","T3_sent","T4_sent","T5_sent","T6_sent","T7_sent","T8_sent","T9_sent","T10_sent","T11_sent","T12_sent","T13_sent","T14_sent","T15_sent","T16_sent","T17_sent"
"1993-01-01",0.0365380483821303,0.1350064337013,0.137965121349427,0.0357344126813459,0.0725722677972956,0.042826601811589,0.0418872019376198,0.0391896250130114,0.0460766825955569,0.0319015757662043,0.133872822798275,0.0338103776639601,0.046350526786129,0.0447084142598256,0.044885964372821,0.0363060570719297,0.0403678660115792,0.00615331457242376,0.0451662038955624,-0.0041619340600514,0.00622356978479037,0.0234324868372359,-0.000499807187492578,0.00177776190007335,0.0109213830792776,0.00167108721251932,0.00398473477042497,0.0402182745673631,0.0044471264409128,-0.000418086311270147,-0.00597424915399414,-0.000841650672565413,0.00646873008706128,0.00703101161800724
"1993-04-01",0.0334861041618664,0.144920702087045,0.124188694301005,0.0389051156371077,0.0704610450224343,0.0414357785580881,0.0453225096108971,0.0393415563525198,0.0499028830460807,0.0314871888331924,0.140537848709198,0.034299897515256,0.036725554333496,0.0472515227454303,0.0396197927497456,0.0432305607123751,0.0388832456242617,0.00713847365961354,0.0519663675592697,-0.0308401023682006,0.00560750501999643,-0.0026178858830982,-0.00221828421439185,-0.000986108321755318,0.0118178296170427,-0.000999964548974446,0.00130147917523381,0.0383138453652196,-0.000696049012355641,0.00396688348493366,-0.00966780494526128,-0.000210114550956322,0.00466885800667755,0.00411603116651766
"1993-07-01",0.0404445710852153,0.137336576459329,0.125410250324196,0.0387788434671735,0.0719739333683948,0.0432291476638363,0.0433567215233626,0.0372086215168251,0.0462577593983449,0.0344805624807169,0.14155846229787,0.0346898741406772,0.0392062250156374,0.0446086940465677,0.0419454029745839,0.0347928690532074,0.0447214851840614,0.00633738686257455,0.0575182535479491,0.011800836141833,0.00648960280764885,0.0120323043299809,0.0045134833849869,0.00484534887386913,0.012055308524679,0.00218590093967903,0.00487271028537569,0.03034917390432,0.00694393168063757,0.00885546693077355,-0.00248492184309166,0.00480155744149227,0.00683242261865584,0.00444643708453681
"1993-10-01",0.0375577318459411,0.140773777996516,0.122160741008468,0.0380619747553489,0.0744998989240492,0.0400010933919665,0.0424774061431969,0.0410351976685767,0.0496703207236985,0.0308542400845968,0.132668169650849,0.0365986333726313,0.0401037694300369,0.046261562038203,0.0424996252322155,0.0361608290716661,0.0486150286620394,0.0255172872034504,0.0770396048335117,0.0570529726306713,0.0207670406044039,0.0520151499941439,0.0225569115795789,0.0229246592512587,0.0296869024562046,0.0228405525523193,0.0186652226915731,0.10438234859871,0.0179897420453329,0.0219652082310591,0.0185615716362025,0.0222065484413287,0.0185997845431996,0.0241165191330982
"1994-01-01",0.0382536897707212,0.142722825230282,0.124313348528368,0.0388332939008634,0.0745124015998018,0.0397666162906348,0.0439782272910392,0.0405318476676928,0.0487354030858024,0.0339269005745848,0.134259835353342,0.0349547726378474,0.0405693463943663,0.0438496657468269,0.03432766159647,0.0406534943102172,0.0458106700211398,0.0145735269410279,0.0768495224327931,0.02268712905986,0.0141763437942739,0.0267538049579278,0.00821817796158907,0.0139967494198459,0.0195062955900305,0.0155726591367373,0.0130028628231359,0.0529662813591675,0.0125678474869037,0.0100249029411725,0.0116066354826206,0.0124210683454537,0.0164670583446775,0.0103682127345963
"1994-04-01",0.037727156070018,0.126237345006347,0.116328465171825,0.0410717003331938,0.0816457220560607,0.037115696440629,0.0447395099460529,0.0389943178377401,0.0454074542469442,0.0322077651065453,0.150424705975519,0.0340413405809719,0.0413089729973794,0.0473556059485934,0.0350193185012058,0.0414054055010485,0.0489695182799271,0.00640604949788749,0.0523407810671023,0.0100445805748146,0.00196160613758093,0.0102268130501901,0.0049959463676884,0.00436104650954937,0.0106871658618922,0.00357275114303233,0.00392983178146035,0.00739397415866882,0.00517268837625034,0.00763734181043934,0.00344029680224858,0.00642327309881329,0.00690025759199805,0.00531857598765491
"1994-07-01",0.0376782661446671,0.138175516937269,0.125725994064189,0.0372895750210485,0.0736128302199235,0.0374805751611617,0.0398532060459802,0.0380375071086357,0.0476047507038368,0.0333473409747852,0.148697396173434,0.0353011778549132,0.0425529760921911,0.044564144749695,0.0354054740106702,0.0394923679043363,0.0451809008332634,0.00980932490384711,0.0521177563251113,6.82393792528244e-05,0.00846814351336512,0.0155596865648535,0.0048880798432133,0.00735343537832886,0.00873753770880085,0.00314130388162027,0.00684892588802357,0.0576006909390485,0.00650307375983565,0.00712111123107779,0.0112133312214349,0.00799496441504835,0.0094669051362236,0.00804172543826477
"1994-10-01",0.0395884532699403,0.141859120166309,0.124031453963928,0.0398494833788868,0.0710244429099306,0.0413288394750411,0.0402054588863551,0.0376091750405476,0.0527730993931749,0.0343445016685905,0.142730310697464,0.0337471237712569,0.0389457540529117,0.041934292974873,0.0367563334701362,0.0378980853259167,0.0453740715547376,0.0254826005603437,0.0639416833259497,0.0431199180086235,0.0206215719490906,0.0373514513468689,0.016606004174712,0.0216052811534552,0.0235163189073225,0.0232530985930826,0.0178093629946528,0.110251627742338,0.0165013989478472,0.0164574041508418,0.0244081194750752,0.0179255727063613,0.0185744136134221,0.0245141106249541
"1995-01-01",0.0368307461257859,0.133837692025968,0.125336217102693,0.0342843712324162,0.0681890525420937,0.0363609746218782,0.0432319615196687,0.0383750499813529,0.0498706315629019,0.0320540027662895,0.150065078396835,0.0340931119107381,0.0405916873984275,0.0497541399451084,0.0374522548330234,0.0418845523948179,0.0477884756400026,0.0107228917039844,0.0320374939926322,-0.00849202681123153,0.00899252365083811,0.020191682345969,0.000856359287868204,0.000777443207159829,0.00751696813915621,-0.00448188060474914,0.00570042504909859,0.0679231743314819,0.00693686487384611,0.00684869271190941,-0.0125641015583516,0.00447530740595552,0.00493697731104399,0.00789929204210022
"1995-04-01",0.0381366630216891,0.130146562004803,0.125475149009484,0.0366091153005482,0.0627798164389505,0.0354062529255162,0.0417272866283568,0.040709959812106,0.0472641305793112,0.0321929459687654,0.154170475042149,0.036948697913987,0.0450073270012566,0.0509502137669451,0.03956107215479,0.0360572858293101,0.046857046602032,0.00525397662240454,0.0446359610487496,-0.0153791167790733,-0.00148699831368011,0.00809055785703294,0.00235248975062028,0.00150484152477813,0.00657117523891461,-0.00720125732186653,0.00260126075426554,0.00770181969757589,0.00105755355631078,0.0082328093972825,-0.0111809907822358,0.0034684374462112,0.0065236218598544,0.0053219975966225
"1995-07-01",0.0365442830674637,0.136254213826074,0.133817486595187,0.0358748778964236,0.0701368068782096,0.0386251984874289,0.0436108602657892,0.0404206603416037,0.0487017244818906,0.0317900694213597,0.145702512753795,0.0339452064631013,0.03961028376831,0.0448609842447159,0.0402485190298284,0.0363621228714172,0.0434941896074014,0.00966891154533716,0.0627909581176005,0.0272512757716094,0.00971367361262972,0.00948973213505752,0.0126796505932016,0.00920005383310578,0.0151621185853208,0.012999315384142,0.0095595949190789,0.0466438164090524,0.00975690278570267,0.0127340323244135,0.0021132734660675,0.0117287193024914,0.013450657588087,0.0118408283105851
"1995-10-01",0.0383719868888166,0.136823321500401,0.133412649285129,0.0393925149966038,0.0658708489483587,0.0372374412726525,0.0421599758253568,0.0366203359153676,0.0498637173074405,0.0327765026205509,0.158660810543591,0.0336009453926443,0.0379588217148662,0.0419907637811612,0.0399208672739798,0.035812512377339,0.0395259843557407,0.0107236042575302,0.0590386133569354,0.0150475802995568,0.00980889974589013,0.0204989661953887,0.00540109151176899,0.0082581151847005,0.0107285345970917,0.00448680923282842,0.00703352097121319,0.0622369040866193,0.00833659850728066,0.00945777255841432,0.00117511112631426,0.00894134526247163,0.00984948213720723,0.0112002030436614
"1996-01-01",0.0412916858034136,0.126491826545511,0.135251809265491,0.0348638287676216,0.0730309080196742,0.041475399868279,0.04072334782254,0.0418273221477091,0.046608101377612,0.0347031137711847,0.146614021658774,0.0351567035296828,0.0392390893918801,0.0451632884034224,0.0379050159636435,0.0367667407761778,0.0428877968873829,0.00713502395318099,0.0565765273619946,-0.00839784770007668,0.00710089321671366,0.0121708151133614,0.00838041350572079,0.00414994524226813,0.00834972637057164,0.00477129427419134,0.00634133821509737,0.0125045459515439,0.00692383873834655,0.0063441875249469,0.00764386178741653,0.0108896239727197,0.0080014382675055,0.00536385026906039
"1996-04-01",0.0406814292052864,0.130463474981033,0.129068673969226,0.0419035829272331,0.0815792381207553,0.0384762471169986,0.0411523575779039,0.0383816258702804,0.0482050476737534,0.0311578332481498,0.143372630951053,0.0349477686591275,0.0384649090902259,0.0420529761482374,0.0358767056973871,0.0408153048680425,0.0434001938953069,0.0297908064772578,0.106666996771459,0.0574459260195531,0.0209056600318165,0.0413425430138547,0.0277329984277674,0.0268996737945901,0.0309901559538311,0.0230110183122385,0.0215671068210413,0.089439108838664,0.023935784336229,0.0290465750873295,0.0209105268529267,0.0188538949314578,0.0224667762802733,0.0230056263965786
"1996-07-01",0.0340662608942148,0.137896061126644,0.120920532575609,0.0396792955788906,0.0866413874638388,0.0367279721076598,0.0417376524282776,0.0393061547185451,0.0482570769380631,0.0334736902748447,0.147101812356622,0.0348776519270172,0.0411196736038824,0.0392826905266524,0.0363985062137984,0.037569276572673,0.044944304692767,0.00559698340750652,0.056521679299786,-0.00551924544985117,0.000936997053188979,0.00708404931892691,0.00543741617915617,0.00376780343923118,0.00892531777633381,-0.00456707568944791,0.00171123825266126,0.028038177861998,0.00352322776148331,0.00635786826022305,0.00171561537151618,0.00424087997668501,0.0022730196529828,0.00662405829401447
"1996-10-01",0.0357403407511614,0.131387501381405,0.126381373239762,0.0378692884684226,0.0838104518669858,0.0377843534192035,0.0452187834594227,0.038385869104571,0.0419265331709551,0.0312954514042056,0.162911854806124,0.0330611981668469,0.0393192870934203,0.0429040038845527,0.0356117283061504,0.035893518548837,0.0404984629279748,0.00966189347238062,0.0864344318960141,0.00961910322730736,0.0111583275419604,0.0205313511850839,0.0100808191545883,0.0110101768886631,0.0110055098729154,0.0113138244319889,0.00879723056605884,0.0254306707864,0.0100183970077944,0.0100676320033792,0.00971827875915138,0.0121068505055856,0.0115504609689414,0.00996646036134577
"1997-01-01",0.0393140052468111,0.126996647910284,0.136274692099237,0.0401430283965803,0.0800871358964416,0.0392669532286333,0.0430824399936237,0.0406962299654797,0.0474487760267463,0.0326883973613626,0.142995004943503,0.0335520516719737,0.0394706861117163,0.043703183872544,0.0364226638614332,0.0365702342930708,0.0412878691205595,0.0139067185554793,0.0454163032608732,0.0214635770335945,0.00686074752564087,0.017157128552829,0.0140219459027664,0.0123684361859346,0.0140153586803417,0.00901041976361185,0.00703911219290709,0.0428008205116859,0.00830902852319626,0.0102870260714747,0.0136126842451111,0.00804068270194774,0.0121431884734033,0.0109264960922013
"1997-04-01",0.035611851646264,0.120037948762445,0.143433500711996,0.0393370574781813,0.0771527750513587,0.0355056246719172,0.0431040022711703,0.0431308153970386,0.0519219150939617,0.0351152273327711,0.141256876626229,0.0358215552389389,0.0372872047556678,0.0443864207537212,0.0376664643202986,0.0392423953579106,0.0399883645301296,0.00792349900092057,0.0303125314388112,-0.0201532904906622,0.00206164176730977,0.0214643995192756,0.00888085868819301,0.0118556730042977,0.00667251524269124,0.000522821713671127,0.00838763627065669,0.0712256810644929,0.00452596972265501,0.0119232483232696,0.0120062556138493,0.012190204724838,0.00673634147492237,0.00962174365049871
"1997-07-01",0.0369128269646883,0.135638773771239,0.122088793284563,0.0417863464531909,0.0839963733093183,0.0375105707594726,0.0419974111001611,0.0401448256382982,0.0419393747836425,0.0324942025060384,0.14971083754053,0.0335524324256799,0.0370657633049621,0.0462685074694455,0.0345160204750209,0.0392471987459979,0.0451297414677509,0.0121729149539895,0.0380802226085912,0.0153143409547481,0.00803555073737367,0.0258732587950579,0.0104795831722011,0.0101422044765432,0.0152674032454008,0.00972486938629119,0.00986122896662105,0.0747319739373812,0.00996169933861623,0.0119157786088438,0.010430416860278,0.010004564889227,0.0106217509691718,0.0169695165626212
"1997-10-01",0.0352162476957953,0.127878202983209,0.124106137067205,0.0425491306553367,0.0731024206344914,0.0412043897696408,0.0427294915632394,0.0381156964353481,0.0436076382293678,0.0353907932880249,0.145722648211146,0.0336052219531379,0.0395984861473214,0.0596237827995378,0.037033573033416,0.0388462308724783,0.0416699086613051,0.0183947035943544,0.0356011549551487,0.0253706135415482,0.0178997898896964,0.0320875958102235,0.0147986870191367,0.0186309677635488,0.0205015942808324,0.0169532274715106,0.0154377383979177,0.142718655418417,0.0141290372225648,0.0169780419416289,0.0116532065354125,0.019613604461622,0.018789249862058,0.0199238961153161
"1998-01-01",0.0371262449582168,0.12024284779732,0.127374486622778,0.0371129793640413,0.0854879063496855,0.0380680716767684,0.0398712032288945,0.0388234155590351,0.0487143286985637,0.0334855140729385,0.150151466498534,0.0356253890031023,0.0407465220473679,0.053382214868152,0.0355740577413983,0.0337746519508041,0.0444386995623994,0.00739743101585982,0.0359966669419417,-0.0120387921242462,0.0102322488264265,0.00127506851830402,0.00932347450507929,0.00943721942908812,0.0110626985122564,0.00680630205694597,0.0048348495423086,0.0357972607141407,0.00680965444807683,0.011196005867042,-0.00115858776778743,0.00770693323656674,0.00727548131414764,0.00890877614526727
"1998-04-01",0.0348245657753314,0.120645934227733,0.133288806941335,0.0348228013749213,0.082039843034943,0.0397648613562628,0.0423095467055932,0.0354028408466223,0.0497018896405768,0.0319618337712635,0.152343043131775,0.0330645843223155,0.0418490233956309,0.0563954671880758,0.034010034844478,0.0368655184979309,0.0407094049452116,-0.00541544703520123,0.00777214890989379,-0.0358973442786869,-0.00415803032334477,-0.00457046443180137,-0.00388786345021882,-0.0063018963737292,0.00112304958522967,-0.0157147297153351,-0.00479187493145698,-0.018432954829499,-0.00629925219044637,-0.00507681527106713,-0.0231466813913848,-0.00622152409183874,-0.00611206214187812,-0.00573900973429574
"1998-07-01",0.0358908688877157,0.121664354824176,0.131295905567084,0.0402503497584781,0.0792657580177237,0.0433507714668186,0.0427794916379987,0.0362285391959609,0.0433983340522029,0.0328737161252653,0.155308599589522,0.033098343847729,0.0376049205073482,0.0604406807263784,0.0326534914931024,0.0339387275370596,0.0399571467654361,-0.00281052155586033,0.0109626399846019,-0.0391082654055063,-0.00119247828850744,-0.00361060516682787,-0.00600247945675666,-0.00350324930008269,-0.00036278242204809,-0.00599759920920284,-0.0039753923406095,0.00342295200385423,-0.00264519533136983,-0.00639538557638262,-0.0193408031538529,-0.00230815015100316,-0.000452768539297342,4.02103682412979e-05
"1998-10-01",0.0366284540686561,0.117438046858713,0.14201664446861,0.0378892676312677,0.0741508457718144,0.0396180762154192,0.0466578206511769,0.0406311098218983,0.0443941004569362,0.0325502384429974,0.143076954079679,0.0337075546487707,0.0421934491399828,0.054281094575001,0.0328432997169805,0.0374702498350804,0.0444527936170164,-0.00692825997629424,-0.012548194317493,-0.0494429568407982,-0.00333184451445752,-0.00268233774899288,-0.0015952446041101,-0.00430532296992727,-0.0011152494355429,-0.011486877826168,-0.00456435121318455,-0.0158035475909005,-0.00259757837377717,-0.00685962152158253,-0.0162603845887945,-0.00192745867266222,-0.00416571824498997,-0.00449571422785379
"1999-01-01",0.0371939325845496,0.109654266551838,0.128895410666381,0.0394657266344161,0.0800497280506785,0.0372804797644989,0.0449096358288514,0.0401323408300458,0.0474438840026373,0.0351851368991881,0.155169135465309,0.0337900464357522,0.0389515286572879,0.0540209764176663,0.0340452652151249,0.036061261624442,0.0477512443713333,0.0167522791759504,0.0209986108400213,0.0342339870679136,0.015495746646637,0.0261925816602575,0.0116395158231282,0.0152444669360635,0.0216349804267966,0.010623612284932,0.0126070370900046,0.0759806583881208,0.0117184886413664,0.0206019244751339,0.00161385346381234,0.0133321115236427,0.0118881928967524,0.0166200813690431
"1999-04-01",0.0370253943444336,0.111758936565167,0.12028849289594,0.0354042327832253,0.0956525222850019,0.0353188355624793,0.0424246694609932,0.0377940087420347,0.0472826398296879,0.0330642126160427,0.160262478992786,0.0354137995578509,0.0386308654582043,0.050934966318844,0.035678213430393,0.0359574150742788,0.0471083160826362,0.0147581339694618,0.0235593866827619,0.0322168861924612,0.0134616904755635,0.033738078665134,0.0151231268046152,0.0183539671859627,0.0167636025043331,0.0119701345043368,0.0135631478704244,0.0978903220689803,0.0130252571842505,0.0177682992535793,0.012735206164621,0.0135415728991318,0.0126681601272157,0.0136639501351955
"1999-07-01",0.0364472877932612,0.109592177077201,0.141154610818585,0.0386814165439586,0.0908799744131941,0.0351324465298933,0.0428923595997787,0.036099413211269,0.0434356516557654,0.0325981770818057,0.145754149807025,0.0360770326777327,0.036628252142615,0.0491811548098077,0.037250450516536,0.0421676875644076,0.0460277577571632,0.00989645285543607,0.0113670264490139,0.000961336662005716,0.00576201883114771,0.0284621467970044,0.00504173952776473,0.00739874008699374,0.00491869012093391,0.0053079111577084,0.00528631401115119,0.055607627186423,0.0059361910420795,0.0063346026239269,0.00773071685111209,0.00794237286355313,0.00521652021369184,0.00798500276470896
"1999-10-01",0.038833676086053,0.107090835858325,0.126035673366628,0.0382098392680712,0.089605922324222,0.0383705845132629,0.0453060580843762,0.0378079554994496,0.0469311987559264,0.0333283452769342,0.155690096243011,0.0362641523103032,0.0362981702573454,0.0513017946025594,0.0360685845974496,0.0389278312124019,0.0439292817436799,0.0186770811828716,0.0109705524358081,0.021184886270903,0.0129173667676687,0.0300846722762602,0.018070236486699,0.0171401057257078,0.0161066972777438,0.0129597055899134,0.0120564076783501,0.0915402004377832,0.0144681447074066,0.0144326303353822,0.0185201919833606,0.0142786523808939,0.013631410136907,0.01406644520022
"2000-01-01",0.0403905198968372,0.107713395254752,0.120215893435364,0.0400382234584353,0.0904498936358454,0.0430108847889236,0.0470568212814987,0.0401919664061063,0.0499628101140118,0.0367675375243717,0.13987594910935,0.0357042200839823,0.0402493994038506,0.0499670855713548,0.0344508373835361,0.0383312617877237,0.0456233008640567,0.0224976116501298,0.0371068925959,0.0543156748247398,0.0136556591942465,0.0464541768437148,0.0143592806242012,0.0202126030614107,0.0205374672682224,0.0209305110467903,0.0179194815591263,0.0824583569658979,0.0142962237709617,0.0177297705115883,0.0159562642221767,0.016200040718069,0.0131977791239201,0.020456214919326
"2000-04-01",0.03873115728517,0.101188383151955,0.138621503593064,0.0414903675457589,0.0819124604139276,0.0382012303166739,0.0449037149186217,0.0414093074018117,0.0527081929863314,0.0359360322985927,0.14007248838932,0.0361264683957479,0.0401053126869721,0.050886821054176,0.0357489963939994,0.0348406503716503,0.0471169127962281,0.0149647135249751,0.0175632184500836,0.00862829930915063,0.0130880138769379,0.0325536745986769,0.0090624917358419,0.0131634261669459,0.012443511266393,0.00733713272191304,0.011771163258307,0.0602359422397757,0.0094693930509507,0.0131103691114368,0.0145060654981032,0.0125523822610896,0.0105213005044006,0.00950915737824909
"2000-07-01",0.037531469684064,0.0998246482622854,0.14035428224178,0.0351340442892438,0.0973390499269348,0.0390630406488255,0.0418197412104794,0.0412595199800432,0.0479369320127531,0.0317232681281077,0.149132721296297,0.0360307107187828,0.038782571168551,0.0474861164491113,0.0323002725858228,0.0383947982027266,0.0458868131941914,0.00658419654343025,0.020458642268381,0.024164701771803,-0.00110043963456684,0.0187112611946768,0.00107952974457278,0.00159194076944071,0.00302114324579778,0.011200287798783,0.00536757584276785,-0.0191270980425252,0.00431233987568061,0.00186946598007552,0.00828341015255403,0.00496125804927026,0.00680659837084133,-0.00259795257304499
"2000-10-01",0.0374762023544232,0.09727920947383,0.146250128018546,0.0391861061934029,0.0861366291092518,0.0374511560587187,0.0442793740213321,0.0387841325469841,0.0480710299156827,0.032731659829642,0.160876748708321,0.0350757195926047,0.0393260201477607,0.0466548518663054,0.033600609323531,0.0350501129208902,0.0417703099187733,0.00461076772098239,0.00616694330666235,-0.00558527559969903,0.000792333705910531,0.00536165880786723,-0.00142697268263254,0.000152400650291507,0.0066312334975043,-0.00343056478556964,0.00390800424506597,0.0173066438993231,0.00216129178835137,6.23121614399238e-05,-0.00114568099312732,0.00258304076125338,0.00176269345797567,0.00157182939996279
"2001-01-01",0.0382882243033535,0.100577909663119,0.1421917187281,0.0379245045448378,0.0722527840436713,0.0409610655544505,0.0467686435359082,0.041203176318642,0.0457048042171112,0.0349242465185783,0.159261678153648,0.0341357870523247,0.0413735577927455,0.0458298788587562,0.0336425531761662,0.0395519128049009,0.0454075547336861,-0.0109213019378048,-0.000445452145443054,-0.0587727608192925,-0.0112588218242826,-0.00857372926396406,-0.0120952479838639,-0.0160006140265434,-0.00760073598713406,-0.0148138725623509,-0.00970255142826156,-0.0569223368630673,-0.00845064804804286,-0.00916168593414043,-0.0247918136145423,-0.0102241657781702,-0.0114005374766859,-0.0129276071237264
"2001-04-01",0.040894402022009,0.109743970247925,0.144803651781718,0.0376947893328064,0.0765882228221392,0.0394148511099351,0.0450009616381688,0.0400295665612953,0.0527658562269956,0.03370980311453,0.14126973985719,0.0349302004758491,0.0395726379981782,0.0494107175690308,0.0348105500197773,0.0367089609258315,0.042651118296621,-0.00652378374952468,-0.0293069977557468,-0.0538912394028702,-0.0118544703669263,-0.023389442486105,-0.0114917515701235,-0.0130558443779132,-0.00521983166209328,-0.0173248699615799,-0.00754595911930687,-0.05449817882964,-0.0106642688784245,-0.00644190081885173,-0.0303344745970871,-0.00795509302624034,-0.00955936855085588,-0.0145306563129237
"2001-07-01",0.0424612098608314,0.0936116904795389,0.14647688903554,0.0401529496178209,0.0649775364186547,0.0428103653567096,0.0504165620874874,0.0414751211562033,0.0604946735317249,0.0363599809888295,0.136675850209313,0.0369434534108534,0.0391002325941555,0.0484040517323917,0.0396531375745077,0.0377828593951578,0.0422034365502805,-0.019301226507136,-0.0181250094108904,-0.0835414852607922,-0.0256634047926981,-0.0320820208896775,-0.0196351952439994,-0.0304700304143082,-0.0122148005563598,-0.0335584579959837,-0.0172659059240321,-0.0891948355712279,-0.0161442818466154,-0.0184707610908473,-0.0287546297045984,-0.0185610392736018,-0.0185234709483811,-0.0236155730720878
"2001-10-01",0.0413668685158275,0.0991517155483991,0.146051821907394,0.0368135754512432,0.0699378003201473,0.0435381634798791,0.0477641659388183,0.0401273778593162,0.0631484478541712,0.040374535228012,0.125564254217187,0.036758249801159,0.0402210982570447,0.0465818369548271,0.0407385823752812,0.0369643326057373,0.0448971736855567,-0.0185527564287203,-0.0325615099261502,-0.0917493899198389,-0.020741641778653,-0.038817728684761,-0.0226601955287453,-0.0260542623603861,-0.0164569287896731,-0.0435174402372214,-0.0226618578409383,-0.0689024771718534,-0.0170644794745948,-0.016439024771821,-0.0219572519098544,-0.0193198329638625,-0.0169726264035442,-0.0266361730765995
"2002-01-01",0.0387817626930193,0.0945819817109446,0.148552057972316,0.0382100383825362,0.0663284622941185,0.041886435989498,0.0446363381679126,0.0400102144802849,0.0576305936837777,0.0359737731661477,0.142023343346228,0.0365448226948519,0.0394082615423791,0.050232955437143,0.0403520420120827,0.0394494170418944,0.0453974993848646,-0.0018006261885521,0.00279272139444749,-0.0145397226259481,-0.0100480945508871,-0.007992152128034,-0.00425184205978634,-0.00630013778890569,0.00295814046973987,-0.00311966177262888,-0.0039677288990489,-0.0146047274821948,0.00017618027807907,-0.00312542302808025,-0.00993804059797917,-0.00381653593027286,0.000320618069690453,-0.00404157711697803
"2002-04-01",0.0411054714989225,0.094678552539925,0.14207611767387,0.0407940531217495,0.0709718160906087,0.0424005417709618,0.0458031569366753,0.0437875860761248,0.0498953212665213,0.0372994294416875,0.141293269804965,0.0371507605714425,0.0397060474721597,0.0487839561216342,0.0424653716363717,0.0368017709097126,0.0449867770666679,-0.000454724917846785,0.00399905978185675,-0.0133727001869142,0.000191406483945568,-0.0057534931263826,-0.0141841728690781,-0.00948888422481156,0.00346129053476509,0.000253014987989262,-0.0023779817428337,-0.00948361575636619,0.00398545594183729,-0.00106355993605014,-0.00157962036781246,-0.00940036511388758,-0.000103284382376951,-0.00356482013648525
"2002-07-01",0.0390363036947427,0.0869563499097176,0.14893272804174,0.0428178027237465,0.0652234763985206,0.0413800489185358,0.0461163300116567,0.0472778054321914,0.0521250061226323,0.0342897070926299,0.148190479506552,0.0352991816293751,0.0402297728166568,0.0492805914877039,0.0411332027525027,0.0400055537302102,0.041705659730886,0.0046217723726574,-0.00398792670549313,-0.0256817304437675,-0.00685199422414874,-0.0201965063905964,-0.00228729161445593,0.00109691548673067,-0.00111716654921288,-0.00537128667859286,0.00136136893678752,0.0549400640881833,0.00233516583398835,-0.00219205738903047,-0.00881871852933893,0.000521688634730102,0.00205331754373228,0.000912577308801987
"2002-10-01",0.0424572407371541,0.0993321039620347,0.154706582533749,0.0377380285130123,0.0641946953901233,0.0438583730040145,0.0457475641613633,0.0428348072986627,0.0531632355154541,0.0395845486129251,0.12726393526005,0.0356657516905669,0.0421864073930801,0.0475095100685781,0.0447449899244165,0.0384795019477506,0.0405327239870641,0.00175475888143971,-0.000642831064452922,-0.0469366544842078,-0.00138961719080103,-0.0129412070863316,-0.00366647176061142,-0.00676136432799688,0.00220271031978886,-0.0157995790954836,-0.00404562991326846,0.00288549083531007,-0.00084333474064557,0.00168093351289204,-0.00780136575496932,-0.00197553275531955,-0.00130693146533679,0.000833790130338086
"2003-01-01",0.041224861146534,0.0919717189747539,0.154506929777191,0.0395191216107146,0.0768228117553632,0.0393424681685337,0.0443192411739069,0.0409835816863452,0.053054886047091,0.0363430748750893,0.129485700743257,0.0356755993440072,0.0387791576879112,0.0490737428901163,0.0461076938533965,0.0420122555031725,0.0407771547626162,-0.00549774994825974,0.0149699496641673,0.000444637221107005,-0.0112493046618421,-0.012953396366168,-0.00785664007008369,-0.00839519512575551,-0.00352590658397332,-0.00264083711345344,-0.0039291433137462,-0.026805239496055,-0.00261911865811784,-0.00475334278457912,-0.0241014914607133,-0.00908323538085036,-0.0059539904951304,-0.0106308396825537
"2003-04-01",0.0388650048644758,0.102114895455305,0.157351933489683,0.039039280223513,0.0638596793412261,0.044862277998223,0.0435822960755916,0.0422030113440769,0.0518246871406972,0.0381449529017375,0.12758508562964,0.0351347646617018,0.0409465130945733,0.0455906039440761,0.0470806415179862,0.0410866825599677,0.0407276897575264,-0.00856176183217326,-0.0177342856227014,-0.0333341495529577,-0.0132789827344775,-0.0227074500213058,-0.00636192709063358,-0.0100306577013833,-0.00444146283449311,-0.0127877938727583,-0.00481329483053993,-0.0228583838648129,-0.0101163001857019,-0.00429885053626699,-0.0159601673482482,-0.00226101929025321,-0.012471480891508,-0.00838681523883001
"2003-07-01",0.0381694858066821,0.100547502062558,0.143366956246112,0.040902528649604,0.0663507030221277,0.0436839600320125,0.0468433227508853,0.0400840111154872,0.0510494469081921,0.0366224881981701,0.141567139939974,0.0343341888112193,0.0398422512910591,0.0429318815820181,0.0449209371988823,0.0436372648736297,0.0451459315113864,0.00853716116154278,-0.00183258709110603,0.0295371054648456,0.0106021956145608,0.00997617071278711,0.0102297228956657,0.0126742424181337,0.0130167128829428,0.0106832811441449,0.00496079940051179,0.0669213657687205,0.00506193939124514,0.010506944449602,0.00843553227031953,0.0123487686692857,0.00296557100320984,0.0131267783136659
"2003-10-01",0.0393333545713517,0.104129150013967,0.140926835470056,0.0394916541752864,0.0738307016396843,0.0452264355748296,0.0459794303431396,0.0438732644362164,0.049379099560959,0.034970744605812,0.130839226637641,0.0377236173739106,0.0400366086130404,0.0439463121629807,0.0414345759670732,0.0430007084316175,0.0458782804224343,0.00464030369787163,-0.0178300877205896,0.0263949293159769,0.00516527470707902,0.00876988387713465,-0.00463865735239373,0.000799298746512671,0.00618485571138443,0.0012636817504792,-0.00586199741878751,0.054118046383471,0.000161141511594581,0.0035985478884428,-0.00174631977884801,-0.00152553203922233,-0.00439230979462949,0.000413540398982888
"2004-01-01",0.0370262964893482,0.112566348360738,0.110149932355717,0.0455213109646097,0.0829208304477261,0.0392068698913907,0.0466937434352809,0.0385997300847784,0.0463355110497265,0.0371179069840424,0.157374660715974,0.0360673647658515,0.0399126018040038,0.0370972605272698,0.0426075578762837,0.0402251882480065,0.0505768859992534,0.00901001402994316,0.00948416604353696,0.0172690174106065,0.00807920396927567,0.00861997411815892,-0.00150429943204602,0.0031766303021233,0.00917878718097635,0.00572999624338234,0.00369367364544291,0.105825923401519,0.00508523515982701,0.00164201827609816,0.00272425593557517,0.00389540122187823,0.00620427628278234,0.0105141317548604
"2004-04-01",0.0379242194455765,0.110520849123005,0.128234185817288,0.044383218933485,0.0914073174026829,0.0390598924291865,0.0438097421630758,0.0374270461162579,0.0436990442607013,0.0307040921991225,0.156245387962211,0.0324370899957402,0.037914652639231,0.0417641480737686,0.0415764916274996,0.0364186627285603,0.0464739590826081,0.019811742035952,0.0486497788831257,0.0633140809884812,0.0229244945715925,0.0463138675320563,0.0187014313319665,0.019411070513206,0.0215645763150978,0.0210432324902283,0.016730414566542,0.094015018041212,0.0165498069469633,0.0196542589447104,0.0205841205998034,0.0192863999536887,0.0183370787295034,0.0239190741030067
"2004-07-01",0.0383653609477295,0.111589786372094,0.12259304508783,0.0399202009032978,0.0873712827508261,0.0382178966182031,0.0448908996407529,0.0376172539472738,0.042597723193442,0.0311734855003715,0.172076257616174,0.0343645323329491,0.0373323025236562,0.0393954476439094,0.0370301506112907,0.0352556125990997,0.0502087617111005,0.00570069774574993,0.0388425232150653,0.00846093211714107,0.0057336436736927,0.00963836027392275,0.00684217383286232,0.00617480765432823,0.00864394765602285,0.00588407436196614,0.0055400320052414,0.0278099128856974,0.00561219217647112,-0.00204351044836629,0.00144311529219028,0.00935307434318705,0.00491448948513921,0.00392633460866882
"2004-10-01",0.0379376420363086,0.113471652657645,0.132052734687785,0.0437189318178354,0.090595235465559,0.0464479217925607,0.0413218527815827,0.03826063851129,0.0518939930212495,0.0344982263800778,0.137700663881727,0.0365598892439132,0.0389678804492314,0.0386136479851498,0.0394899120303179,0.0373257371720209,0.0411434400857463,0.0104608519058115,0.0657120562577301,0.0203041922046549,0.0104938050221982,0.00981525333151766,0.0113035896179297,0.0111269079780992,0.0152096634332367,0.0134448237028513,0.0110602291043702,0.0753048996198046,0.0110748931839442,0.0130316935994001,0.000186065960147577,0.00892001532230757,0.0133933422074627,0.0108137368426894
"2005-01-01",0.0398971311613913,0.109642654900944,0.125364797639073,0.0408144516280438,0.104579533954023,0.0397340365370741,0.0431464460245248,0.0411358838454474,0.0417482584451051,0.0336538012036224,0.146550229245206,0.0353094072302384,0.0423043575389523,0.0399138704216327,0.0354486667142165,0.03817773808602,0.0425787354244855,0.0185616026595534,0.0739941457798212,0.0417716124082449,0.0160641076266967,0.0272809874708597,0.0128906479643421,0.0140705292485982,0.0194280910661468,0.016785551970677,0.0110206863807777,0.0916490763101828,0.0117215334806133,0.0129790454295908,0.0131683884504614,0.0149559073148364,0.0167720040990533,0.0155069470861291
"2005-04-01",0.0357770342247847,0.123404313999739,0.122380602434391,0.0403075507508474,0.101607981375476,0.0436243660547527,0.046502610152748,0.0362267901720254,0.0468699963585903,0.0348561778392106,0.134898764321992,0.0377687874514077,0.0390431328128331,0.0383509735548391,0.0380166573431742,0.0357323721632275,0.0446318889899621,0.00719451114834305,0.0446418368936832,0.00723608187700609,0.00901442083198606,0.017037973006024,0.00792204855428707,0.00616899542080269,0.00862181623495257,0.00668766241838348,0.00506699308168935,0.032485083483918,0.00396123626500177,0.00336478795334985,-0.00155871267910873,-0.00172199837988131,0.00731081077393104,0.00877757477544193
"2005-07-01",0.0368283562589482,0.113236739228117,0.118614767029379,0.0379604248561877,0.10593373789273,0.0450522811590963,0.043529083847125,0.0424489738623275,0.0445303904353303,0.0376136862853742,0.134209996163515,0.0372147755692899,0.041577861588967,0.0365323242769905,0.0386479356865494,0.0406593721763576,0.045409293683716,0.0118568208464651,0.0786252494103659,0.0338359182203549,0.0114607454292191,0.0258286295518349,0.0184648856930657,0.0172158760942659,0.017487861467748,0.0153348497559332,0.0109628450622705,0.0454229673391385,0.0122727380723045,0.0111085715659212,0.00937649257060654,0.0127292633837443,0.0188790112788775,0.0141417487574671
"2005-10-01",0.0392732461276344,0.104414801614695,0.119505221651599,0.0387276191422885,0.110210369731486,0.0418563739186451,0.0411030353999516,0.0406278073066465,0.0460766026473828,0.0359736712575927,0.148478910822551,0.0387780777939653,0.0430875581464219,0.0375600801192777,0.034546079105488,0.0354485252839298,0.0443320199304439,0.0162684065710535,0.0294479653850615,0.0422399733154783,0.00610918850298157,0.0312590158839937,0.0157981868801495,0.0127454561784749,0.0131155273015521,0.0154953252293649,0.0137161698436625,0.0732703178268572,0.0134370194470579,0.0162791301624379,0.0217903582670637,0.0152716613975966,0.0141287556294367,0.0100252096637656
"2006-01-01",0.038970012906173,0.0996748259986553,0.116936498305872,0.0393491412350894,0.102947128663814,0.0430059820429604,0.0412153355522778,0.043010180901994,0.0450640122663034,0.0355212033348863,0.156380941276816,0.0364677913158296,0.0445565066643593,0.0382482381954298,0.0358362334349265,0.0366735807668712,0.0461423871377409,0.0158720973015287,0.0302197135160318,0.0210630398635467,0.0135457630478616,0.0258124330402736,0.0176540926084752,0.0137246560092341,0.010428368535146,0.0177443023037827,0.0144393024208915,0.0644299607181057,0.0104204814869043,0.0163580932091173,0.00851134556818554,0.012275524532643,0.0129610339220597,0.0139831183458449
"2006-04-01",0.0335369692120688,0.103934501365359,0.111717903687766,0.0358970866547646,0.107995913122287,0.0413057177338961,0.0420287848525582,0.0441105801247348,0.0435286967626405,0.0310228698979876,0.165628823909769,0.0344079066864064,0.0355599021396983,0.0443056447807702,0.0370129692855419,0.040570099177421,0.0474356306063312,0.0113155061019319,0.0232301459851598,0.0184714397940594,0.0149389619611758,0.0251822871278797,0.0110069631700498,0.0123544630355698,0.00999338541089776,0.0127522420902773,0.00845124713550633,0.107950679230038,0.0107235186676257,0.0101001701037441,0.00658765422262431,0.00893045728408686,0.00991187404913414,0.014269588260998
"2006-07-01",0.0383123493011923,0.0954088079092189,0.128486788764488,0.0383440072882758,0.0978325456070098,0.040789104521536,0.0440604450365423,0.0448694304605751,0.045145289443918,0.0329777772049927,0.166665654389194,0.0335056002686533,0.0363184979813398,0.039297703594312,0.0346923384620486,0.0370939588072325,0.0461997009594702,0.0135319155982973,0.0207635529503677,0.00148004268112806,0.00626163215983194,0.00605881190467549,0.0113669257806427,0.0117900708638441,0.00566862854554108,0.00439489071134576,0.00665791916428101,0.038903862129835,0.00724526287224591,0.0100688957440631,0.0180999678480373,0.0122678285566508,0.00917276894262705,0.00839435281549196
"2006-10-01",0.0388759416189173,0.0917293886670698,0.126656333855626,0.0370257759520041,0.0923337537247093,0.0403082299380796,0.0419528133319241,0.0467333492219915,0.0398283817591335,0.0330366189412983,0.186928846706488,0.0352051036838348,0.0376120443311003,0.0368087241449277,0.0345635439276991,0.0351637468389887,0.0452374033562076,-0.00387047619004149,-0.00368163748204161,-0.0336521084481301,-0.00765678960693568,-0.0334660387609833,-0.00912139169470714,-0.00996285671557041,-0.0151675584905085,-0.0108238706412061,-0.00787917124227868,-0.00165713541603208,-0.00905603605941978,-0.010371436045111,-0.0050785682131493,-0.00861100181517606,-0.00873259227425526,-0.00738091772605736
"2007-01-01",0.0378660407167865,0.0931021593133703,0.128563684676741,0.0382887953304038,0.092755055998567,0.0411726934376389,0.0416984664239198,0.0437487750297643,0.0417921807851253,0.0345179835462008,0.167798905997264,0.0324171530485721,0.0421241989579226,0.0382725714921756,0.0378225356029161,0.0359553770147206,0.0521034226279119,0.0112684743191138,0.0170028128465238,0.0213118223059323,0.00376835774864119,0.0100300568518175,0.00352375137348642,0.00569762589783433,0.00376128838325025,0.00894310617968663,0.010145835315418,0.0350121521444383,0.00617547942214069,0.00285617867808087,0.013543890676982,0.010907203564979,0.00909107372207752,0.00527733707577946
"2007-04-01",0.0331761451666126,0.100541538771571,0.139734512477603,0.0369449975648851,0.0931939793050428,0.0439326036593061,0.0437929076617619,0.0386265620644351,0.0373792746601067,0.030523388239751,0.176585429520196,0.0351815268311081,0.0370003105679672,0.0385852746883113,0.0330810015242939,0.0325942464260952,0.0491263008709527,-0.00169108891483455,-0.00791462875751266,-0.0245202867660862,0.00109522148312966,-0.00593188140679091,-0.00176323410707169,-0.00112682838249723,-0.00880936123130825,-0.00256989203140902,-0.00113845730479687,-0.00476081456010991,-0.00090384253656505,-0.00486851760257481,0.00082345615545766,-0.00187173316193603,-0.00250014570549942,-0.00470691008343735
"2007-07-01",0.0362917167642451,0.0912566533091426,0.136904951640493,0.0348605053755333,0.0775880642492843,0.0597272681907088,0.0404396322452077,0.0390317245049743,0.0437443193485788,0.0323082136867464,0.15573798316702,0.0326531718191176,0.0626530204831247,0.0426055198642246,0.0334110842537907,0.0358022585134159,0.044983912584392,-0.00210877325662895,-0.0137328236775897,-0.05598320514428,-0.00507892077600677,-0.00778927535301641,-0.0244515430162998,-0.00609753851776159,-0.0067484835486893,-0.0093202293924232,-0.00272835898866999,0.0182832658797075,-0.00390995539501661,-0.0288704598727268,-0.00202258194349283,-0.00428254468138485,-0.00558088170156489,-0.00655465741118101
"2007-10-01",0.0344522680870937,0.0989877436982128,0.139460934568909,0.0337956466324316,0.0896593494501717,0.0471457482802282,0.0433289718245659,0.0434915283489641,0.0424015577326115,0.0326485432668772,0.152841610074619,0.0334840202678538,0.0605938388141166,0.0406843437124717,0.0330300869121236,0.0336768141008028,0.040316994227946,-0.00572421097309281,-0.0310039870672554,-0.0824225256139664,-0.0063426430531769,-0.0128868160848211,-0.0206373080208638,-0.00739711313991604,-0.0178607107665206,-0.0129682771474623,-0.00710402954981089,0.0116684073449495,-0.00720690394344637,-0.0372942539935404,-0.00176395036813134,-0.00853879863676676,-0.00871433645847326,-0.00724095080822783
"2008-01-01",0.0350475687186573,0.102225974896065,0.129975027515364,0.0343065068076249,0.0956731422957028,0.0513266124989361,0.0426614788497449,0.0392754724692103,0.0473478060453579,0.0320916480489605,0.139138700536334,0.0341792979979119,0.055610817854384,0.0421367200035983,0.0393466572184841,0.0365968465458345,0.0430597216978293,-0.0207470489000463,-0.0567088109133571,-0.117741392112458,-0.0214967295662277,-0.0436929858082899,-0.0263849572233998,-0.0226845123286495,-0.0252686783970043,-0.0313819680498685,-0.0183490736062888,-0.0849147529061122,-0.0206920033276166,-0.0428536948023796,-0.0183246844498668,-0.0199872465986735,-0.0203115785497319,-0.0257614354653213
"2008-04-01",0.0352126865644402,0.101519221191278,0.141193476813385,0.035407734954194,0.0951692146094634,0.055309795444016,0.0402939567093502,0.0390876376548523,0.0453042104272735,0.0322501836174669,0.136295622451102,0.0330553768173556,0.0529131457392228,0.0412995098930177,0.0369173649564061,0.0356221099891826,0.0431487521679937,-0.0173497445858335,-0.0448466466966806,-0.080008490726327,-0.0198854252519646,-0.0309081160451648,-0.0238476665945117,-0.0201559370583959,-0.0229040926148983,-0.0254569781413046,-0.0156807582389214,-0.0862296640368189,-0.0168025797723874,-0.0284854735098263,-0.0172585481652171,-0.0180159947927635,-0.0184945188046332,-0.026826993393143
"2008-07-01",0.0364491808452583,0.0901789966648015,0.124407408535312,0.0363687855738763,0.0989399170960838,0.059581397954701,0.046493564949341,0.0436888757619383,0.0445944555600693,0.0329385947840228,0.127441608680054,0.0347045321220627,0.0621607536366316,0.045175559673026,0.0393002308008838,0.0373722136280074,0.0402039237339301,-0.0229498456893913,-0.0507032923150209,-0.104569262110599,-0.0237978979958426,-0.0483630397157322,-0.0473601365904749,-0.0318120610218306,-0.0268761284646018,-0.0304048477298232,-0.0199167956210945,-0.0743343141297868,-0.019304023898214,-0.0514906880070515,-0.0218422916061915,-0.0266006537865621,-0.0226954999272729,-0.0269119820201717
"2008-10-01",0.035173622177628,0.121855294341429,0.114535261461834,0.0326983789285097,0.0758047551190282,0.078804512299543,0.043576197463309,0.0369778139851159,0.0486278186837875,0.0319765168325513,0.113049628416007,0.0312299995956276,0.0733316475361206,0.0431546295776076,0.0393647456720467,0.0394577169632706,0.0403814609465848,-0.0300733483677333,-0.0637192505000171,-0.124940454046074,-0.0284416610656538,-0.0792205934966038,-0.0609961838412812,-0.0399938160846581,-0.030234091076707,-0.0436484601545286,-0.0250805105465177,-0.103294265160538,-0.0256821932967158,-0.0582916333047304,-0.0363785588547406,-0.027245583492521,-0.0275748381120447,-0.0356620097715001
"2009-01-01",0.0369599721086569,0.106677639471715,0.104045789990601,0.0369001234196394,0.0715241361682492,0.072343918216081,0.0479041796698473,0.0406300047284731,0.0436643921706387,0.0328550816754174,0.127357684588964,0.0327034128335214,0.0749349193313849,0.0438741399040968,0.0438121166623189,0.0370459970230797,0.0467664920373152,-0.0318593263477651,-0.0259832691703197,-0.098376345025003,-0.0363192082714506,-0.0619170203467638,-0.0480856227572461,-0.0455558824057325,-0.037119936538481,-0.0397005381061395,-0.0277969225099199,-0.154377243281134,-0.0256466443784658,-0.0636543274257084,-0.0410391732736396,-0.0300274537085284,-0.0296749332690274,-0.0420833034586357
"2009-04-01",0.0331587087598592,0.0981955767313279,0.132595258904965,0.0412757387775522,0.0690638793985462,0.0698128008888124,0.0452974507581484,0.0392472191678479,0.0446970933345964,0.0315420308555389,0.126474660257199,0.0340375837402417,0.0738147132929605,0.0437270398040148,0.0350265518923597,0.035223955680403,0.0468097377556267,-0.0181843025434881,-0.0192117309088046,-0.0859063675614961,-0.0289075963950801,-0.0413325993146869,-0.0163425542932043,-0.0166662018601493,-0.0242294939119167,-0.0222300370749713,-0.0167072362232128,-0.0642293272508635,-0.0178028623159608,-0.0381616087688292,-0.0170756402053265,-0.0170989664564764,-0.0205198203563834,-0.0281422625854523
"2009-07-01",0.0313249065760988,0.102345962286567,0.130990185840553,0.0418192913269307,0.0828173217397548,0.0632407974232415,0.0460660788409184,0.0409415718285421,0.0381712491852328,0.0297868049677598,0.138030161953455,0.0303898043106462,0.0688609762239745,0.0430468983126996,0.0347852714262872,0.0314624706189481,0.0459202471383902,-0.00727761079185774,-0.0110099876030889,-0.0254208345265105,-0.0226278101678145,-0.0392155524542206,-0.0267036992590986,-0.0108766548047718,-0.0105288573653326,-0.00822943295029871,-0.00810141626234905,-0.0221969824889277,-0.00730326089930072,-0.030062826704816,-0.000408929515258786,-0.00688746420354566,-0.00798996691896391,-0.0154426135407436
"2009-10-01",0.0335469234736335,0.110067294567317,0.125607945413551,0.0410279937519963,0.0721728259000585,0.0629102804041626,0.0430505993670707,0.038255028111706,0.0392159140614923,0.0296357977628395,0.138929981296444,0.0312037434656682,0.070209127905692,0.0479337455108041,0.0380667813133751,0.0328235936177337,0.0453424240764558,-0.0085993121005606,-0.00646666223280216,-0.0212894310926966,-0.0200455314256667,-0.0183991896469196,-0.010642382529591,-0.0116196003215987,-0.0071422766263475,-0.00657015582568108,-0.00699161633513422,-0.0128261007715847,-0.00582832979621038,-0.0402472314364829,-0.0050336607548015,-0.00668125276236743,-0.00764486467005347,-0.00939849678286632
"2010-01-01",0.034084776769975,0.117374231332798,0.11269803047492,0.0388670811550903,0.0862798211537107,0.0691760940614754,0.0398470280216696,0.0380059793412968,0.0401859170823967,0.0305356809884772,0.134735605084358,0.0300047077547792,0.0743660955331879,0.0420684396282793,0.0334286472411407,0.0341759941264133,0.0441658702500322,-0.0091421091379802,-5.48285845817512e-05,-0.0444103733835554,-0.0167692247478709,-0.0284949386579007,-0.0235951927858627,-0.0133772709591739,-0.0117422269709895,-0.00937520358070632,-0.00774067377525536,-0.0186473537189408,-0.00763033756013762,-0.0351492031379888,-0.0140719982154341,-0.00938331341751246,-0.00673817292163174,-0.0152234559569699
"2010-04-01",0.0343691179283842,0.10850227662661,0.128718772778637,0.0387990266969276,0.085588538071493,0.0627394340102009,0.0433127251682058,0.0394954249044183,0.0403375925578084,0.0318617218208371,0.13169105325754,0.0326149032092473,0.0606305311450022,0.0496844915557049,0.0348976091053262,0.0335883235144677,0.043168457649189,0.00372061556639766,0.00265371320416793,-0.0145690027434854,-0.00258569630921885,0.00704573566220896,-0.0112847878285301,-0.00062368804894759,0.00237370285509945,-0.000534582481403311,-0.000700249896869789,0.0478050878665869,0.00166993464171302,-0.0163343264677044,-0.0037456568823387,0.00118881022178588,-0.000992607801857556,-0.00421092827317082
"2010-07-01",0.0346822325581339,0.111918476393763,0.117156978788196,0.0416333336196572,0.0812855923849245,0.0658586838868322,0.0436073563300611,0.0398715515819899,0.0425345947081293,0.0314287930166505,0.127394292899612,0.033795139434579,0.063291000500517,0.0443084656398781,0.034314415160913,0.0386638984466178,0.0482551946495458,-0.00864187621834764,0.0090144001454483,-0.0239621895822986,-0.0162409504006596,-0.00599569991691307,-0.0120778684302471,-0.008598065248564,-0.00608526272022784,-0.0113396649583023,-0.00462402740895097,-0.0266604999148213,-0.00579325127916546,-0.0254105937554467,-0.00869153583938007,-0.00483870380985755,-0.00609304497129142,-0.0113806807089259
"2010-10-01",0.0346504894724334,0.128006470271085,0.104242626694854,0.0432610366716341,0.0837469911843045,0.065840485794105,0.0424022327403865,0.040280827576843,0.041848135487377,0.0323286834899308,0.122913237788047,0.0322832079275387,0.064349758196356,0.0462275704007982,0.0364896710738088,0.0352667592050599,0.0458618160254385,0.00242518094730432,0.0089129651888763,-0.0157131807215192,-0.0092965368879931,0.00745107618217189,0.000122288360641909,-0.00293924579500109,-0.00624718820540533,-0.00725686711451882,-0.00216276956747364,0.0116962516649612,-0.00117102251530169,-0.0164261218960439,-0.0062342996431009,-0.00276939588609768,-0.00270369938663467,-0.00335520853392251
"2011-01-01",0.035281236546699,0.107038841225193,0.121908114992452,0.0408791791226272,0.102464010231397,0.0633150351843802,0.0407237184830306,0.0407533609386687,0.0421500593641231,0.0328229433913506,0.123565706971351,0.032212788016278,0.0551763478861956,0.0438353587407613,0.0369489076990683,0.0359004975177373,0.045023893688688,0.00275909798754043,0.0223785963676323,0.00819888550575488,-0.00460414534497497,0.0173734540025434,-0.0012020946840076,0.000439864883404175,-0.00500817701234311,0.00151676044912478,-0.000272262160583999,0.0226715664063434,0.00242518512860915,-0.00561268982013029,0.000108980383684963,0.00135953276277815,9.43388568664434e-05,-0.00167371205451963
"2011-04-01",0.0340923429479779,0.115796907486957,0.115199227388435,0.0413138291222925,0.0996860527894055,0.0572606581491287,0.0414953389181242,0.0408419690031432,0.0412328297859281,0.0356286472858093,0.120001898208597,0.0354345705418663,0.057299281579706,0.0448172310350898,0.0382446992102249,0.0380923674286613,0.043562149118653,-0.00732532284843136,-0.0106273570588548,-0.0433393833791057,-0.0130537680099212,-0.0162496231534347,-0.00833191847690043,-0.0142310220525902,-0.01236808705946,-0.0132043348908633,-0.00671955341054125,-0.0287570849928749,-0.00982192268814532,-0.0218475971221734,-0.0166364927808665,-0.00984868877713426,-0.00809913661849882,-0.01130968541588
"2011-07-01",0.0358332112212594,0.1162122940439,0.125725559692281,0.039093634777876,0.0780538387276698,0.0681058718056979,0.0438522143471658,0.0389750504287703,0.0420521711655675,0.0316118411336893,0.121190894978407,0.0345035474964466,0.0634069868344012,0.0448467114173097,0.036287722095713,0.0373024670073503,0.0429459828264945,-0.0140433239604138,-0.0186357385500757,-0.0815873079172825,-0.0179539098374125,-0.0289402603054234,-0.0320817518662908,-0.0184871523487337,-0.0178150299438876,-0.020644189440191,-0.0132255612983771,-0.0372025571775656,-0.0142478203173632,-0.0362330653015085,-0.0290262516506442,-0.0136855727628481,-0.0159382444116745,-0.0193434768827837
"2011-10-01",0.0344203827025209,0.114960556024469,0.128222007734166,0.0402346949848376,0.0778780604770462,0.0673010594861829,0.0394902839925492,0.039301971957332,0.0429548283653656,0.0329687733340727,0.115245736069954,0.0317939375026647,0.0668089616239145,0.0497159436438309,0.037529645438151,0.0384003680938501,0.0427727885690916,-0.00451939851272404,0.00187841258240677,-0.0412477757419007,-0.0119760443951907,-0.0124745688024218,-0.0134155428472088,-0.00791802486443068,-0.012790556192987,-0.0095959998003475,-0.00400878932635594,-0.000977169446683491,-0.00496876483441638,-0.0293281886912512,-0.0112882050791938,-0.00505527734446562,-0.00557660717698768,-0.00882138748487464
"2012-01-01",0.0352962583190364,0.122707012188719,0.130577865666651,0.0386201327617598,0.0758798636630035,0.0682227838643698,0.0432649514244202,0.0399167386796441,0.0413964787616715,0.03335460111591,0.112368485438099,0.0349845970748162,0.0625457100535267,0.0467120075635074,0.0352957884908311,0.0349580920159297,0.0438986329181039,-0.000262997891179856,-0.0206917459788671,-0.0298074921152476,-0.00784908797303519,-0.00164666232615673,0.00343428232083304,-0.000650688141468472,-0.00342667601183094,-0.00685280352012527,-0.00223509310207037,0.0081486629503457,-0.00302925497649398,-0.0076401627503917,-0.0108037732074485,-0.00232559568437821,-0.00226034050811698,-0.00261999506074218
"2012-04-01",0.0352454468990161,0.119352823921468,0.135998854766817,0.0381762675269623,0.080539248822857,0.0688072486337075,0.0431065920656391,0.0369473208257212,0.0449251579394161,0.0345758203335772,0.105376320226321,0.0341261536314605,0.0568766044360771,0.0473864181602501,0.0363198584772106,0.0404274431057368,0.0418124202277626,-0.00382572387700942,-0.0123285686345427,-0.0476207656606099,-0.010333654728338,-0.0122153524043998,-0.0148682680695788,-0.0114247399095504,-0.0054955334999346,-0.0103019580028714,-0.00488181128286753,-0.00438342662242786,-0.00631838201991083,-0.013839953060457,-0.0232777320366827,-0.00610204826201506,-0.0048101282718947,-0.00815224567930397
"2012-07-01",0.0324166268118984,0.127002243889659,0.137082933047255,0.0376987560878036,0.0779337488775856,0.0641378454253786,0.0445160843627927,0.0404222611887793,0.0416884072291816,0.0333114685168485,0.107611398042826,0.0350220363329207,0.058205522539218,0.0448696659735212,0.0370732430682961,0.0390356495620457,0.0419721090439895,-0.00387970753198163,-0.00129371746885079,-0.0298406582712281,-0.00822416003523973,-0.000134455491040319,0.00103050901539881,-0.00680222399311737,-0.00309183845540219,-0.00583533989818142,-0.00465540462008974,-0.00363979305065875,-0.00469620767235812,-0.00331895981905347,-0.00998961125339806,-0.00684142368626666,-0.00210551210648938,-0.00263847015564551
"2012-10-01",0.0366920694668377,0.134646719590624,0.12268326349203,0.0407784548113019,0.082040828122742,0.0633672450815923,0.0414610517678293,0.04210598608828,0.0403616934195303,0.0333625500380539,0.109406404642248,0.0345322050690614,0.0590316759037532,0.0410863727807447,0.0380508167582742,0.0393582614674291,0.0410344014996689,-0.00907490171887442,-0.0139585272165448,-0.0427976697581207,-0.0150338842608982,-0.0245174129319057,-0.01100114894845,-0.0106461782145605,-0.00867424086903774,-0.0117303037397129,-0.00911418602371177,-0.0167783128952617,-0.00863799006899315,-0.0191683204487076,-0.0159871603484009,-0.0104701299275174,-0.00791404296172045,-0.0100637528999754
"2013-01-01",0.0358527172456806,0.146086063682455,0.129762351075537,0.0409497771757643,0.0673252779576695,0.0580765723569981,0.0426232054397197,0.039641485976775,0.0447478493716066,0.034621033645686,0.103022932293192,0.035684053547989,0.0548154239127273,0.0420076590683005,0.0410513852779836,0.0410390746989522,0.0426931372729626,0.00176053103308036,-0.0192150586910684,-0.014985327822638,-0.00118585823632364,-0.00255196098139187,0.00321555273213022,0.00244570503826575,0.00664855481070591,0.00131181387270077,0.00148493383517289,0.00949759728410361,0.00164516662714402,0.00641858331698819,0.00114832706256719,0.00437340130617806,-0.000666829651152217,0.00253908934648043
"2013-04-01",0.0355435452031549,0.146082032217682,0.127274844227461,0.0410166808354866,0.0767609595017244,0.0606622446597343,0.0433839032218239,0.0390113477670661,0.0447600258198003,0.0330713012158347,0.102035284209761,0.0337210916201089,0.056966550147514,0.0404396418159439,0.0369362600207768,0.0346797034811015,0.0476545840350256,0.00597839029590835,0.0119264939375101,0.0134013560997082,0.00341588657009256,0.00269959979901569,0.00633262888912755,0.00610298421565266,0.0089308427305272,0.00279889945377919,0.00374141105701159,0.0229838176328968,0.00412187020474418,0.00697522818388857,-0.000892132408161292,0.00498175454706714,0.00270871594405304,0.00647935300947274
"2013-07-01",0.034026938878162,0.158918911726604,0.135073336435954,0.0378441426958595,0.0698852372168027,0.0631927335100754,0.0377043343265534,0.0365421624852912,0.0438641957744113,0.0347296544735145,0.0985397422529318,0.0333701088895241,0.0547447404508382,0.0388210285459725,0.0374374081890938,0.0393095248837004,0.0459957992647119,0.00492105585155168,0.00178732247378633,0.00697806901883018,0.000574197740854468,0.0156515109633969,0.00109380465144261,0.00657561030964692,0.00912048665782337,0.00277893907694884,0.00408074797846748,0.0391655057929169,0.00381439943003211,0.0129571425007217,0.00480647300210498,0.00513468192176523,0.00471437189618288,0.00551086610148791
"2013-10-01",0.0360805458923581,0.166154410244921,0.134161272048664,0.0410122093134857,0.0714864995499899,0.0560321059950256,0.0390711466339828,0.0372766694158533,0.0450772719707517,0.0327233761823702,0.0947376085867184,0.0359218733986319,0.0518738285161381,0.037149304247148,0.0373008093037695,0.0396179455593971,0.0443231231407953,-0.00362229882401887,-0.0248764737371869,-0.0290547492607705,-0.0120205448588754,-0.00633419708768249,-0.00455481577454173,-0.00534859209701808,-0.0053475233957873,-0.0109857619226622,-0.00431200890717847,0.010638260366493,-0.00637315760469602,-0.00800136479247827,-0.00239796808144901,-0.00604465084866387,-0.00783120392228706,-0.00503107949637458
"2014-01-01",0.0347134761473316,0.169955111555047,0.130523366134996,0.0387355091036725,0.0710324903297004,0.0597514167602396,0.0394690869328957,0.0390948927953602,0.0442410600696541,0.033266931703824,0.0983758898499727,0.0352069142953108,0.0500860071793688,0.0389207070860195,0.0356187634227704,0.0379020742791851,0.0431063023546517,-0.0017907583958485,-0.0267182059401636,-0.0559483659972249,-0.01079078513698,-0.0190675510920168,-0.00755921960985364,-0.0076056602441788,-0.00457606506173983,-0.00853675532155638,-0.00442280642632125,0.00849415818265916,-0.00518569563912153,0.000588817322616557,-0.00787733030231924,-0.0038009165478758,-0.00626795563960165,-0.00687497964359316
"2014-04-01",0.033411746947647,0.165609033392418,0.119383367664152,0.040052735767641,0.0746158360088917,0.0637570965834451,0.0437868644765878,0.039238844811568,0.0375052285660339,0.0343916147464344,0.110925082383114,0.0332932806386772,0.0502074737154096,0.038353730031811,0.0357022379907262,0.0334629896351492,0.0463028366402934,0.00227770771739833,0.00187304757606023,-0.035022092858719,-0.00994611090290155,-0.00534534758862732,0.0087458397313804,0.00365924440529435,0.00283648723783618,-0.00101582719284725,0.00146871418358331,0.0257033318004348,0.000782626987173109,0.00446719588477521,0.00247910394428238,0.00207485454834245,0.00111564716629779,0.00124274076497408
"2014-07-01",0.0349220300076917,0.176435675474049,0.122362269357707,0.0460895664810766,0.0724957772320835,0.0534964887935322,0.040959406203139,0.0398039329845163,0.0402869940119882,0.0345518580902994,0.0993204297522536,0.0326186895752369,0.0499509455489466,0.038080044895813,0.0351487118135607,0.0370992188200785,0.0463779609580281,0.00409587304488634,-0.0081178825415912,-0.0256758604436016,-0.00638658979827613,-0.00347662954979767,0.00728543879635667,0.000666864063358589,0.00173973939448653,-0.00299825000593516,0.000355148053172137,0.0267960539514483,-0.00117498316081141,0.00757572021846573,-0.00355060369783077,-0.00193498766025251,0.00199603530198065,-0.000902334807115131
"2014-10-01",0.0358122633932082,0.159460109933152,0.112617704710781,0.0426377838613917,0.0894172003212011,0.0576279115834425,0.0459305870935912,0.0371812554398354,0.0429364815996412,0.0335312541362048,0.104504706110491,0.0368083435559771,0.0467909267072055,0.0407020538146977,0.0341678726547495,0.0358518303375121,0.0440217147469182,-0.00277381513807069,0.0219283952840242,-0.0344081597478957,-0.00723622584706619,-0.020101750190919,-0.00798774648433204,-0.00787078193899953,-0.000113017038711326,-0.00704486472776363,-0.000755691235749735,0.016178265865512,-0.00137344493555617,-0.00197627644583663,-0.0052288120539942,-0.00267985843456045,-0.00322324441786686,-0.00422338330859412
"2015-01-01",0.0328367595731768,0.162488034864199,0.120474197138527,0.0404261965956068,0.0971976757932098,0.054904487539772,0.0400940875664697,0.0362899796709291,0.0418242821322671,0.0332241168351805,0.107107103149308,0.0317852363101852,0.0486578012698276,0.0456213736190349,0.0302483237189296,0.0358897013282229,0.0409306428951544,0.000142302379073872,0.0299291769503812,-0.0222443724000659,-0.0046936359700318,-0.0198519752397768,-0.0068973129534773,-0.00250083670626573,-0.000280153994845968,-0.00240851772053681,0.000688814571187469,0.0136994990411172,0.000298630648614201,-0.00339441117379337,-0.00630542501691265,-0.00084900526646329,0.000403573169396689,-0.00185279635024466
"2015-04-01",0.0323345520292969,0.167233402101526,0.12105481320924,0.0409509896331429,0.0923703206017972,0.0510957891221561,0.0433583438855514,0.0377534605358759,0.0403608248588554,0.0323862918111292,0.109088087813563,0.0340910495221391,0.0446824059213078,0.0422416291189084,0.0328191181475827,0.0355696612579309,0.0426092604299974,-0.0018794401402926,0.0259650817857575,-0.0252439153376941,-0.00228720815011366,-0.00654093676418063,0.00144292878376219,-0.0025306059870498,-0.000556471807326546,-0.00136483423299214,-0.000299462418613368,-0.00901431051103361,-0.000271897158920621,0.00293448375762987,-0.0100112323299808,0.00100609771326948,5.03185417465477e-05,-0.00157228337800466
"2015-07-01",0.034770905972649,0.150611291253103,0.127654017202937,0.0429501078281383,0.102247033312052,0.0522157342497381,0.0405655223790138,0.0390529118095143,0.0406695147061625,0.0327268928104453,0.096034253462262,0.0312910898777785,0.050762917985288,0.0443677221154456,0.0341312986716016,0.0356163536761071,0.0443324326877639,-0.00313736511988999,0.0148767293904481,-0.0295145894912028,-0.00899527865391678,-0.0165533262987523,-0.00275447979628306,-0.000985883702440921,0.00255648593040283,-0.00272252605150264,-0.000420954209780348,0.00371551122841282,-0.00111782465923813,0.00161262693239616,-0.00688890093418632,-0.0019453114653839,-0.000801928432527055,-0.00352654518624916
"2015-10-01",0.0354592412304592,0.152070217111598,0.122146104618806,0.0413055061062087,0.10055042584887,0.057335155169033,0.0427604182100824,0.0368234521862301,0.0405030657348195,0.0331086844445004,0.104636981753652,0.0335090812735465,0.0481820244624595,0.0395048050844554,0.0331836032166189,0.0358418203338964,0.0430794132147635,-0.00599771303760427,-0.0067507462283862,-0.0397829984042527,-0.00658132445570209,-0.0232308048289665,-0.0122201769645102,-0.00578608507640149,-0.00108375033144794,-0.00942155402898911,-0.00294123647785876,0.00333779011678454,-0.00382857567014971,-0.0100625795413427,-0.00733122961059687,-0.00141308955832871,-0.00363358365281662,-0.00591429193374694
"2016-01-01",0.0345238588659602,0.137732273966841,0.133101915343805,0.0377136698367611,0.0991323988603606,0.0602677112928036,0.0406981845985426,0.0371012064664555,0.0419315696114997,0.0333292179279215,0.106669394504823,0.0321479308624313,0.0502892806568247,0.0444026954567605,0.0338049877257636,0.0328059252902739,0.044347778732172,-0.00697156520919966,-0.00916519714660949,-0.0456215196754054,-0.00802147623005553,-0.0233070482729641,-0.0208470706615578,-0.0117051817231966,-0.00215739237718457,-0.00941780020324894,-0.00482394183927331,-0.0151266541016775,-0.00696530965419283,-0.0107054877230472,-0.0209579420381282,-0.00601326681753974,-0.00473542646716434,-0.00939648260796763
"2016-04-01",0.0334687281120927,0.150015116431763,0.124610439433061,0.0437408290098758,0.0943848932851213,0.0573240527540995,0.0413081520391759,0.0387373995642255,0.0376134272897072,0.0323462374064598,0.111541889922697,0.0306316879653933,0.0499084686990839,0.0406944585201638,0.033515136821764,0.0333330070931738,0.046826075652143,-0.00669137836944268,-0.00821833215049603,-0.0334223028021965,-0.0122737423963689,-0.0115122372808042,-0.0099379089284679,-0.0077007507177999,-0.00451093399186029,-0.00802368101142546,-0.00567814069758925,-0.00607479622946763,-0.00378169526485062,-0.00554536272225369,-0.00469533685775573,-0.00628931296673126,-0.00696647886496473,-0.00891622096836256
"2016-07-01",0.0319495798664453,0.152390686037239,0.121867115920841,0.0431079258816633,0.0928165270636965,0.064780210714943,0.0418996849364341,0.0371719997644105,0.0407916043322559,0.0359116546352119,0.103872316837771,0.0323151756001834,0.0508940475369222,0.0386560912135816,0.0332099435394135,0.034682859568848,0.0436825765501395,-0.00238029550706867,-0.0145321309482123,-0.0272194913760624,-0.0126143112203682,-0.00133200213784293,-0.00595736544950957,-0.00716846548404869,0.00213597313898983,-0.00488766482449206,-0.00364457256739954,0.00638793307096886,-0.00372813997282059,-0.00570867019365933,-0.00467631425395482,-0.0041119289400264,-0.00161410810200813,-0.00533688901110292
"2016-10-01",0.0355175344245528,0.156262925163231,0.11432720703547,0.0446126256500763,0.0947949332063941,0.0625593623563088,0.0415309783122688,0.0373985243689381,0.0360476753118839,0.0338307472826601,0.103909260741397,0.0328646299485294,0.0485599225899599,0.0402703062724472,0.0360823070157384,0.0343872948202882,0.0470437654998563,0.00390403848682803,0.0197339722031289,0.00911274760968491,-0.00832460367945384,0.0060844623547261,0.0112102149843034,0.00473515657110434,0.00457422837445234,0.00266743021115973,0.00172602180089745,0.0253159376854944,0.00425333398530349,0.00555874144368861,0.00436733128897474,0.00616267621691833,0.00495952695103289,0.00360993936919941
"2017-01-01",0.0338483073890247,0.164856278992688,0.117981542135184,0.042396907279621,0.0937472099867835,0.0590293976772856,0.038666016769877,0.0376503413998547,0.0362843830464331,0.0322310674441151,0.107494060161926,0.0322139142581746,0.0514064319661971,0.0387379343926133,0.0333072362090025,0.0348915965305875,0.0452573743606323,0.0054991799003349,0.0160070512886127,-0.00740934457937898,-0.00328627034140179,0.00513982241316031,0.0124087480179971,0.00570933411761588,0.00708808689716924,0.00438112824574994,0.00408622913264848,0.0269235156685414,0.00458783278651394,0.0022817158097254,0.00893355352712616,0.00565600727561767,0.00373335561961412,0.00593010269925105
"2017-04-01",0.0339593089731649,0.15607357112967,0.11634644911798,0.0409356339732424,0.0930425616704885,0.0567963569129674,0.041315893300194,0.0357417632378869,0.0370033145245283,0.0337429850877245,0.108109723868335,0.0344568842105339,0.0542257490318887,0.0407309936570537,0.0346279939657757,0.0339569114576615,0.0489339058809038,0.000209415743624623,-0.00210211684283697,-0.0225691751726668,-0.00692464867403942,-0.0129872600794008,-0.00347232997654078,-0.00431453304029281,-0.000627778232121224,-0.00189367651953924,-0.00156348243863883,0.00168289596219335,-0.00115546027789978,-0.0115050179270586,0.000805420658167229,-0.00125613009463811,-0.0012001967805901,-0.00504743195594169
"2017-07-01",0.0356020251847921,0.145570607759671,0.117848404668517,0.0425865659721501,0.0938665643890524,0.0585256578514104,0.0386951678328736,0.0393779169349138,0.03946106967768,0.0350644192096137,0.0998977666373807,0.0345896544514777,0.0529682891829795,0.0401649924403471,0.0379026090657801,0.0385918261138168,0.0492864626275437,0.000854782126245519,-0.0109263563032599,-0.0277601603547838,-0.00417535451331047,0.00102638037453159,-0.00107950617381425,-0.00142077751167007,-0.00210723287350619,-0.0030322680022989,-0.00157265111796341,0.010842802503235,-0.00272470647327863,-0.0124182634136638,0.000104219724443409,-0.000587773714260756,-0.00243635542696228,-0.00315203354378567
"2017-10-01",0.0369214758502426,0.14760234728705,0.111944991013605,0.0436061721632129,0.0979188088585309,0.0597736888212827,0.0417761786236476,0.0392902224912628,0.0422410703168808,0.0355752836144101,0.0928669843801837,0.0343468297647429,0.0514581867755809,0.0392295019858558,0.0390591783616247,0.0378254298711265,0.0485636498207603,0.0048462574577082,0.0043828055916274,-0.00511015599157332,0.00143123898495767,-0.00299311316632589,0.00755004726549501,0.00563198665195103,0.00555918635476616,0.00210674313002857,0.00401460468587571,0.0270759416314713,0.00257713107614287,-0.000712901986418994,0.00394122142057,0.00824716352732927,0.00366640209867234,0.00155534318961366
"2018-01-01",0.0367874091582447,0.143593595525256,0.119514194042249,0.0456527058419772,0.0900343685182141,0.0617556258042967,0.044947366712259,0.038257038458667,0.0402035093400882,0.0359489195557105,0.0993887839057997,0.0323128376601849,0.0483394449092632,0.0421131609001814,0.039052515816584,0.0361274480657859,0.0459710757852384,0.00661022007724828,0.051205888696422,0.0135738833704312,0.00327542570580107,0.0261558247085708,0.00927042137111017,0.00354289387017681,0.00566795976392861,0.00707804862868113,0.00683749749080097,0.0284006991457436,0.00663943099759897,0.000402366418534785,0.00691479337029668,0.0101002125651557,0.00804924341708789,0.0105462115122689
"2018-04-01",0.0356516502571611,0.152737704537976,0.118038321469163,0.0400267259509672,0.084538159991354,0.0597252026269813,0.0425422124227675,0.0369530704746005,0.0423996946963227,0.0352800147373471,0.101523355564723,0.0321135746984558,0.0487077380044873,0.0460372811183886,0.0387735783450781,0.0354694202566373,0.0494822948475906,0.00665221850313935,0.0420643848500554,-0.0040860842921616,0.00321746511052202,0.0137575671959914,0.00342722766161402,0.00506527736107469,0.00401012160251998,0.00512370105179192,0.00409201411410499,0.0261066723691051,0.00529926830486621,0.000385115418542113,0.00200272845060568,0.00860493635754813,0.00711001019599244,0.0046847654524175
"2018-07-01",0.0356502037845505,0.139505288422773,0.117122931683394,0.0432830234036818,0.0787654043996258,0.0583432000704352,0.0444454482724486,0.0394542657324175,0.0434997133953006,0.0363635310437961,0.107580635479044,0.0342740873014719,0.0520684281436757,0.0453718663520395,0.0366407662750489,0.0372844594120734,0.0503467468282236,0.00978018459079242,0.0272029062657387,0.0159475903871123,0.010465646006418,0.0233600987767642,0.0141458875206577,0.0128181671562354,0.00759329155810901,0.00730276784725681,0.00948396882538416,0.0547174117840883,0.00818218477331797,0.0104029467286008,0.00592630532258301,0.00988568561991803,0.00984141843594409,0.0108994488139525
"2018-10-01",0.0375358163097346,0.128649396827745,0.120644152700206,0.0457683435677731,0.0846458469147584,0.0610422068317187,0.0438663137334748,0.0395322352234357,0.0409427019465053,0.0357439652526386,0.105944721983411,0.0352814217734162,0.052944302002823,0.0459344113503605,0.0369193779188221,0.0392779873172631,0.0453267983459143,-0.000899875697105847,0.0168994604160531,-0.0325680984285968,-0.00290073722330334,0.00504166337354639,-0.00881867928924323,-0.00543525315081465,0.00173527177497992,-0.00245350848342504,-0.000161250785565983,0.0245376566437515,0.000681297538618552,0.000777068610922843,-0.00682501251547694,-0.000469819063834782,0.000596220237207574,0.00122439154078774
"2019-01-01",0.0356915097816997,0.136494644356187,0.131173504722739,0.0417141252861461,0.0865544008151787,0.0596215448315968,0.0418794564827646,0.0383744813838246,0.0400356271416568,0.034445027329328,0.106433091403952,0.032908078198782,0.0494738044482224,0.0443283597057131,0.0370019494045026,0.0366915488229229,0.0471788458847833,-0.00239760846559733,0.00391872178774493,-0.0298689682429395,-0.0049881979623613,-0.00117840819450839,-0.00808135319924612,-0.000108531938257804,-0.000301575369943799,-0.00424510387163877,-0.000688217129678393,0.000396416935594105,-0.00161378585893353,-0.00545867205850557,-0.000848847725478812,-0.00331230763891628,-0.00184487692588196,-0.00535600262782142
"2019-04-01",0.035920561500378,0.132772473444547,0.126741500893079,0.0414438612205196,0.081275360388352,0.0566823491675037,0.0479525316902176,0.0373026300556739,0.0386984805363603,0.0336750382261068,0.113514532726227,0.0329792925811749,0.0493857931419649,0.0458085751295878,0.0352249531283988,0.0365358952831752,0.0540861708867328,-0.0030806598206501,0.00154381655978098,-0.0255545237922781,-0.00603519945811729,-0.00988124880794103,-0.00422367976421899,-0.00902297278847812,-0.00123138249784868,-0.00463538647567292,-0.00253175846081906,-0.0145425170880513,-0.00158931385547226,-0.0022736449537412,-0.00860693861326038,-0.00255507540773337,-0.00260638373714554,-0.00749621939378009
"2019-07-01",0.0353431348903316,0.144548223380124,0.125073192243473,0.0429690090636985,0.0882286357297338,0.0627855284072011,0.0438230498627966,0.0367002125347167,0.0443793045859062,0.0326656710936934,0.0961624345388314,0.0336202056709714,0.0460821884829816,0.0465545153764339,0.0342855276477124,0.0388362905342389,0.0479428759571563,-0.00792757057031529,-0.0232794920420178,-0.0402590792238763,-0.0106178928156741,-0.00731328507462144,-0.0167003571997434,-0.00820974395289796,-0.00541182422211109,-0.0149958253082793,-0.00617205188860132,-0.0130590563714118,-0.00648720958952179,-0.00956068958956296,-0.0173497570334233,-0.00747436550067959,-0.00746491549655595,-0.00926732452061883
"2019-10-01",0.0367108442584511,0.137687160106734,0.117611071445074,0.0420075709986076,0.0855199678206035,0.0600051243146658,0.0412671970332947,0.0379502136618093,0.0425535238478914,0.0343225647569113,0.10920100642456,0.0328627042571846,0.0529823666845278,0.0477561961411386,0.0342743172299605,0.0381401627182667,0.0491480083003193,-0.00525732238769636,-0.0248807636704815,-0.0368882548432588,-0.00655187560920094,0.00271361695779966,-0.00904795642179205,-0.00551638700401197,-0.00321789572762391,-0.0116465389038296,-0.00429739416941997,0.00453909609981498,-0.00513136985619579,-0.00360872584149305,-0.0148880593449087,-0.00288692375798466,-0.00258629964556601,-0.00358003026545838
"2020-01-01",0.0395176854586197,0.133243778531611,0.110198432406429,0.0425653720617079,0.0798868480133853,0.0667781393377433,0.0452309455750421,0.0396374875633577,0.0447903056234354,0.0369686823747276,0.091950801415462,0.0357353732865573,0.0562114364229845,0.049822528436986,0.0385017122147713,0.0418835486695562,0.0470769226076237,-0.00669106109590911,-0.0112645741105631,-0.0446427566245744,-0.0124173415235652,-0.0128068281431903,-0.0311468416633207,-0.0133989448034219,-0.0074250867636833,-0.0157204034744575,-0.00758120494618256,-0.0150931282186742,-0.00934415496033697,-0.022610649231661,-0.0149216224259155,-0.0071299843486802,-0.00997157195010892,-0.0115285433117058
"2020-04-01",0.0438894251944886,0.131420015558262,0.104749442595471,0.0477995060859002,0.0725899532123545,0.0719168303893184,0.0448442875502027,0.0431027653863602,0.045844734201631,0.0379584755147512,0.0766156922321285,0.0350807403930872,0.066588996588174,0.0463294881645308,0.0402608243731383,0.0466143983908087,0.0443944241693928,-0.0311769380194857,-0.0184965558045066,-0.0753725408819509,-0.035613995504325,-0.0418333238137587,-0.0374907333515415,-0.0291246382702725,-0.025312339212828,-0.0255234532276848,-0.0195519751086594,-0.0502644180536871,-0.0199151223466789,-0.0450857881241483,-0.0279781688674491,-0.0220683151114776,-0.0234741481345406,-0.0288370171453086
"2020-07-01",0.0429524870034017,0.144781193809052,0.116668372274793,0.047101503683334,0.0691770009007429,0.0631647902989124,0.0407232215660041,0.039987682768097,0.0453055047914571,0.0383164492012687,0.0832520469299023,0.0362355932794673,0.061349715037763,0.0415081624151009,0.0375368441617487,0.0438073384340251,0.0481320934449302,0.00764161698896925,0.0495167745222933,-0.00527143146571698,0.00611130287439425,0.01733716547966,0.0085965305213115,0.00759880608252678,0.0111368338296977,0.00697958284529271,0.00742982084809641,0.0213753269624869,0.00892418798630839,0.000443816283947289,0.0111920142344106,0.00720890644831048,0.0107582057916502,0.0101979760434035
"2020-10-01",0.0425163808948874,0.139111827085833,0.11427622247915,0.0495890133828667,0.0720483565770144,0.0646945296132067,0.0420431595776775,0.0392540157787047,0.0461473540361455,0.0406589059936105,0.0810059565821178,0.0347689493651551,0.0632763648360353,0.0427065956129734,0.03913471289532,0.0451340998154623,0.0436335554738399,0.0067013810420152,0.0560828618144679,0.00703179637002713,-0.00296649212008855,0.011009454737108,0.0154016461304659,0.00603000239514908,0.0061031679503798,0.00861837036062507,0.00762107856320234,0.0161869541153242,0.00787068863475691,0.000476376018525634,0.00763773251080398,0.00845398043227314,0.00995584844582543,0.0062210830916885
"2021-01-01",0.041121406558073,0.134908835885996,0.118259686285773,0.0492339425376107,0.0746799756176998,0.0614311732972229,0.043580907581465,0.0387162492253083,0.0472572923055649,0.037282350579858,0.0881285924866153,0.0360230529229629,0.0577244423540546,0.0405189494491239,0.0421699630910494,0.0410766366760321,0.0478865431455897,0.0107253105585038,0.0660745306770032,0.0255874343325957,0.00781170637322463,0.0130679734372275,0.0165130969133939,0.00885573714515322,0.0109202822583489,0.0137276725882936,0.00811834920726106,0.0151255431139848,0.0121290698572735,0.00277802853601002,0.0129042054473828,0.0139385611534601,0.0119075857355327,0.00990642678891043
"2021-04-01",0.039122887827542,0.136270531077384,0.124870981483104,0.0497933614265216,0.0810844381867665,0.0643303760411447,0.041461193437929,0.0360950609540132,0.0463656190653519,0.0402881136844638,0.0890344637676985,0.035224663120236,0.0554687794418108,0.0381357992629309,0.0365324047287162,0.038334033992369,0.0475872925020176,0.0135299833766965,0.0807015104762716,0.0467489774965853,0.0184322403887146,0.0243166556105721,0.0143017998297061,0.0140872514037373,0.0124258329653645,0.0202422147828336,0.0151022471656669,0.0240428836652351,0.0142893122293306,0.0115874294410686,0.0158054928637424,0.0164815814796998,0.0148436083057699,0.0147525981811621
"2021-07-01",0.0396957761459406,0.137901332083781,0.124448748738896,0.051948397493704,0.0802855297518772,0.0616336849296384,0.0442903073713864,0.0383139920736102,0.0461117851798616,0.0362347626949953,0.0840035633488738,0.0347348690519713,0.0583486579762623,0.0403072845637956,0.0367244339589447,0.0410358922722626,0.0439809823641989,0.00556335898307278,0.0603364785480227,0.00611844207885229,0.00836604255229366,0.0128875662649568,0.00769587309946257,0.00766280845853943,0.00779657342221364,0.013007330147487,0.00709569156970169,0.00234585068456616,0.0063492357200755,0.0123439161279518,0.00703480946138412,0.00946239079484613,0.00749304727937907,0.0122260089113973
"2021-10-01",0.0427718988441957,0.140702754433631,0.120433205044277,0.0469693671537159,0.0781866626102252,0.0633305233475347,0.0423016539151115,0.0407823792875329,0.0438344740588507,0.0361587535601519,0.09088929430203,0.0347259264278334,0.0564430185558959,0.0376611379259313,0.0375674852228027,0.0422723984328223,0.0449690668774585,-0.00121911560307421,0.0541868956810762,0.00506312733256359,0.000703159721893876,0.00966976058085119,0.012645671633875,0.0054708120384605,0.00734655642758882,0.00680111109215783,0.00781828563597109,0.00668268419182767,0.0073959059458925,0.00250860180983753,0.00141431478090071,0.00821370262970483,0.0057076648660521,0.0108641612534868
"2022-01-01",0.0411426222881676,0.133704829913348,0.129093755063928,0.0464804607233266,0.083286574154111,0.0617465251993184,0.0441674332442034,0.0359693046388784,0.0426434448758755,0.0453940306542957,0.0833949663177645,0.0348915576393475,0.0582316427992979,0.0404359328230844,0.0362042979439927,0.039901625433036,0.0433109962880243,0.00194823446890631,0.029817320450555,-0.0135795791456648,0.00394618162314453,0.000245609817027154,-0.000599111387249097,0.00286250057702686,0.00569894036926465,0.0057959329612613,0.000185685724690091,0.00897948055749682,0.00791814784633367,-0.00500067152006385,0.00456748698355491,0.00590858084763876,0.00744034603938645,0.00695267213067845
"2022-04-01",0.0425662975015207,0.127796973204836,0.1228338269862,0.042403512083979,0.0822969644998429,0.0667387230093649,0.041126136333085,0.03990208444801,0.0433355794357406,0.047322736685547,0.0816427289937799,0.0350203610905156,0.0625373236246718,0.0413653829494248,0.0396300234577485,0.0413884681602189,0.0420928775355146,-0.00558965797564056,0.0156767435709854,-0.0401490310239425,-0.00666535537215218,-0.0190860881257634,-0.00779009281262606,-0.00488648401741324,-0.00385251934847724,-0.00408647844157624,-0.0116001158962899,-0.0117003766817551,-0.00209427321713768,-0.00826091932683405,-0.00293553759482512,-0.00267316462994345,-0.00227872540468841,-0.00242506488753672
