"quarter","T1","T2","T3","T4","T5","T6","T7","T8","T9","T10","T11","T12","T13","T14","T15","T16","T17","T18","T19","T20","T21","T22","T1_sent","T2_sent","T3_sent","T4_sent","T5_sent","T6_sent","T7_sent","T8_sent","T9_sent","T10_sent","T11_sent","T12_sent","T13_sent","T14_sent","T15_sent","T16_sent","T17_sent","T18_sent","T19_sent","T20_sent","T21_sent","T22_sent"
"1996-04-01",0.0382683218103278,0.0608865781755796,0.0280715090457777,0.0319292376880157,0.047033892353217,0.0410958238950602,0.0348082783290678,0.0425088464175974,0.0320914383441333,0.0620076769853095,0.0250332435875597,0.0390347165774482,0.0619233003811814,0.0306303395276027,0.0520872022281999,0.0488819179261421,0.104167193153736,0.0400385686688205,0.0378719180220021,0.0693513189296968,0.0406488894656683,0.0316297884878559,0.0077752579016262,0.00428173759133845,0.00319295716188098,0.00156763451310937,0.00449518454370729,0.00430179423507095,0.00323091161663881,0.00255564098944625,0.000853424631367108,-0.0052021632735984,0.00307563437611629,0.00190556163977811,0.00632003007843964,0.00426143660984758,0.00249884541226518,0.00926747852246302,-0.00649718835434358,0.00794324241089767,0.00221656232137085,0.000814610106353749,0.00335642135801984,0.00534215618977817
"1996-07-01",0.0360336608156708,0.068925984815519,0.0301682030748433,0.0548606957529456,0.0428122914291948,0.0545827496410741,0.0490109928950172,0.0364420700113793,0.035707115137955,0.0590919112014607,0.0308765365506384,0.0470797000800325,0.0500674083427634,0.0370936953711868,0.0418288906926923,0.0440279441657511,0.0600748856423505,0.0347251096218011,0.0354723675189189,0.0719658624099267,0.038883196572352,0.0402687282565268,-0.00489665844208385,-0.0129630968087106,-0.00609791678760369,-0.00809949475880788,-0.00408548362431231,-0.0109362881140338,-0.0121325207647107,-0.00438999215521434,-0.00657288106020601,-0.018330156308943,-0.00578157996562014,-0.00601087002513245,-0.00746682257012684,-0.0055719037127101,-0.00624693130143221,-0.00339220106505774,-0.00227468614072572,-0.00402109712809604,-0.00604738170685885,-0.00677665144019468,-0.00782488518639841,-0.00667590059727203
"1996-10-01",0.0390862156374461,0.0486333394308966,0.0326264936043296,0.0362241231960419,0.0534080462209286,0.0420728297921841,0.0391155981706343,0.0458641600227854,0.0388081733174266,0.0558386737311164,0.0339755382716586,0.0435761183915289,0.0582029943793342,0.0361693880934611,0.0439748293612541,0.0478424050887816,0.0812847367219689,0.0368219504395588,0.0406947528275185,0.0671096187244273,0.0392263645315748,0.0394436500451438,0.00436544200130263,0.00694981461168704,0.0029508551629664,0.00344167377448943,0.00269142590710488,0.0024344173514657,0.00300536407902816,0.00363975150341948,0.00195160147824393,0.00140900472013438,0.00320968401897942,0.000942517062830861,0.00732109155173984,0.00481958442660302,0.00174761469715377,0.00757234859327093,0.00138860077591297,0.00454289010530707,0.00256482051805582,0.006136762774593,0.00388296637396982,0.00342195710297426
"1997-01-01",0.0384695612378711,0.0547778793862899,0.0322948001681631,0.0408718117336222,0.0438402701287522,0.043545063526931,0.0401822227098182,0.0414651406346886,0.0356425596433821,0.0605651717766561,0.0306389246629409,0.0421623971863063,0.069350242053405,0.0337222702242753,0.0473066538369986,0.0455953444085664,0.0810222614490215,0.0367850497260275,0.0380194739499733,0.0680991019238519,0.037238059020606,0.0384057406118528,0.00317992334337255,0.00131556942119305,-0.00156139118237143,-0.00510652589200933,0.000149121972392998,-0.00381532445938312,-0.00214684092781943,-0.00161174650627263,-0.00331580041654823,-0.00410615266488678,-0.00173586000464574,-0.00106753089564951,-0.0015829237874467,-0.000292418039264731,-0.00134501764547501,0.00375051114192035,0.00118817528937704,-0.00100357645500393,-0.00108848966909174,-0.00122150459272892,-0.00143633135458121,-0.00607807549618354
"1997-04-01",0.0386356202545376,0.0530915960927117,0.0320868376323588,0.0396586460195994,0.0461033657820052,0.0486467691520986,0.0396787181193832,0.041190467380754,0.0372288357774186,0.0643573935858933,0.031090098795698,0.0436179447602795,0.054768649185096,0.0363785291392299,0.0465169098675263,0.0491742895945021,0.0764096001853125,0.0354190923398572,0.0373460325661664,0.0704871970928117,0.0382676221366571,0.039845784540103,0.00373729769393519,0.0022774973035133,0.0023838279943999,0.000378224039648268,0.0052967859834423,0.00178540214707009,0.00317761636750179,0.00328864601564691,0.00172227655811034,-0.000107032736315964,0.00209332956299435,0.000837697061644064,0.00315324712096827,0.00280136664238855,0.00292225348490201,0.0088223658244182,0.00517331819207514,0.00345533040986774,0.00228830583057856,0.00498024869428047,0.00407753638100487,0.00142689811458692
"1997-07-01",0.0408479104918649,0.0679821522739702,0.0350627262899562,0.0434911352021755,0.0486578539614005,0.0533832172615505,0.0447426508323249,0.0398264713374892,0.0398607118224346,0.0640733202016142,0.0324460402945122,0.0397473925563934,0.0519427105876546,0.038881501619054,0.0411348942115438,0.0445055669952638,0.0601826409144864,0.0338527837139408,0.0366218732207144,0.0642335385070232,0.0385296035253454,0.0399933041792874,0.00489600485858468,0.0106999880201123,0.0041890863588594,0.000906580211168588,0.00790446633341966,0.00149578021285538,0.00310330624694549,0.00422923149993571,0.00409677233667864,-0.000105102369468165,0.00291253874438313,0.00403572809014927,0.00761720967379597,0.00328048231530211,0.00403849711728355,0.00938387535811381,0.00684122429261131,0.00458446517192538,0.00368768667393001,0.00652289171942788,0.00478906938913914,0.00373058692467718
"1997-10-01",0.0471437265229384,0.050446492341194,0.0336716864038079,0.03967536326325,0.0544348962642988,0.0421630857047693,0.0392399219910556,0.0411230646075143,0.0387987735142688,0.0549640457872323,0.0315130028041487,0.0414470180750499,0.0538494927967494,0.0393358833103422,0.0462735981280272,0.0517533118039172,0.0666240237724258,0.0474910315311314,0.0369495732119314,0.0616415634298879,0.0411915407151136,0.0402689040209459,0.0100078210578261,0.00931014059579762,0.00584043790004225,0.00807554184656388,0.0121892845820199,0.00547253809771577,0.00775649250839884,0.00764071400479242,0.00295938061098787,0.00728598196093849,0.00528425053815007,0.00391609102632782,0.00802125360098239,0.00814200396139811,0.00424785107474761,0.0116145863235435,0.00901953460921905,0.00605021287269178,0.00486646465599792,0.0105240145498417,0.00723927185509443,0.00857433998475834
"1998-01-01",0.0390746248959338,0.0565481499895212,0.033094662545106,0.042257771653362,0.0493725370475802,0.0454987434712835,0.0413461457489879,0.0409279410203829,0.041195785508016,0.0567619287778417,0.0322991559628966,0.044243896055336,0.0587448360212366,0.0375635643910721,0.0450812539212882,0.043738416022494,0.0663321986088964,0.0394951973461236,0.0389759013187974,0.0706672823804581,0.0399106016202888,0.0368694056930969,-0.000620169430952881,-0.000931708959816404,-0.00145344326686891,-0.00365417606696635,-0.000902195417539685,-0.00362523822244207,-0.00433583978521029,-0.00300674994175338,-0.00606396368493551,-0.00781116447138047,-0.000572829024807837,-0.00302575458795927,-0.00115657990846382,-0.00131365671321598,-0.00552931861196346,-0.000731686264787052,-0.006793007693302,-0.0052519117758702,-0.00107328276402377,-0.00337693436751802,0.000140062133416428,-0.00264424885779203
"1998-04-01",0.0417081673581614,0.0568081824086522,0.0327155472756096,0.0386392752704743,0.0471011442123486,0.0485523743507217,0.0416584309031372,0.0378611605142852,0.041429177864167,0.0545506922904001,0.0321435997821347,0.0446174458122011,0.0551769105164865,0.0371397698808311,0.0480715322597937,0.0442698749894838,0.0673031051416837,0.041149253311352,0.0397207779615104,0.0703281364801334,0.0412340492206298,0.0378213921958026,0.00329065770419673,0.0024237723294134,3.65473998267392e-05,-0.000617254205796358,0.00264487573347863,0.000550477002740211,-0.00146267299887111,-0.000736628258939463,-0.00589235279527846,-0.00456919335948299,0.000329455776384964,-0.00172710655762287,-0.000529372194305035,0.000584129296148821,-0.00605740980950261,0.00386691432077972,-0.00438074826512246,-0.00374794282013753,-0.000660010142453575,-0.00277668866192194,-0.00054362439516653,-0.00115289320274687
"1998-07-01",0.0352793033048852,0.048108579853064,0.0332476068707274,0.0423179145726549,0.0487324947516664,0.0437547832955532,0.0421159276445971,0.0396458568285509,0.0426023461343833,0.0623422710739431,0.0332416890979597,0.0402205821576891,0.0493302963168452,0.0435999243230054,0.0458611921895197,0.0476127641167131,0.066459623159859,0.0446803808123362,0.0370631160572472,0.0687308948434062,0.0424271556763878,0.0426252969190062,0.000167059213938376,0.000857212770295037,0.0007043982072922,0.000512257351117337,0.00348947248006091,-0.000518122290255415,0.000185492809892645,-0.000398230643580578,-0.00470752299184292,-0.00414972942135344,-0.00117735185677668,-0.00253338645761477,-0.00058768413265162,0.00114776336655031,-0.00433293138405195,0.00471975302834693,0.000424307975823218,-8.18159749433711e-05,0.000374785866933442,-0.00215811494729149,0.000488045201181329,0.00168122955279995
"1998-10-01",0.0372578644834513,0.0479224814494868,0.0341356273436206,0.0367827024338751,0.0454469566408537,0.0450711579450868,0.0453209866608435,0.0381669785467668,0.0448892261105562,0.0589867266339282,0.0349017467934494,0.0430628169368827,0.0569628249338854,0.0392840814615658,0.0477667456451821,0.0478001451972963,0.0673052374984418,0.0452362209103318,0.0389985922664157,0.0636837541360372,0.0413831243972256,0.0396340015748172,0.00156958927428577,0.000742348288871451,-0.000206993276966119,-0.00076468146971081,0.00110385934573446,-0.00653917980923154,-0.00710117017017536,-0.00139040572729277,-0.0104319226971822,-0.00608524475668842,-0.000213485748922006,-0.00232332440527787,0.00347591725313643,0.000670021018248018,-0.00159122878469239,0.00190362829866866,0.00723152521751682,-0.0053569837728023,0.00233576903845463,-0.000415209195799173,8.02252202079123e-05,0.00119522561499905
"1999-01-01",0.0394357326300935,0.0507739969013166,0.0328206482865871,0.0396315184361892,0.0489485160735854,0.0432261928448431,0.0411644143160486,0.0396189809510656,0.0420063040723681,0.061423181900052,0.0334048634651274,0.0431675854828783,0.0553062358004161,0.0387575369561906,0.0459670956396224,0.0490904328092238,0.0700717337119026,0.043607320641125,0.0360646732575606,0.0662358872641679,0.041111337898789,0.0381658106608473,0.00916035549626894,0.00843497326648482,0.0063772937919761,0.00556074174902746,0.0105308182399967,0.00630260259912482,0.00548554914207887,0.00628635287059245,0.00295757639963641,0.00713693303297994,0.00600733981905124,0.00661090243805851,0.0106099856124516,0.00711118563275971,0.00642690652300046,0.0119972800692522,0.0109485842655122,0.00650247014345871,0.00590021604191893,0.0108011452187332,0.00647435081119271,0.00732091457592996
"1999-04-01",0.0373225222727095,0.0535787778335756,0.0346482273407249,0.0402572958269472,0.0481195397557656,0.0479102724577685,0.042648539530852,0.0400482753367055,0.0440529760946725,0.0572788667361679,0.0339248697317857,0.0420769612087438,0.0529266732214183,0.0377530057293031,0.0496939049869339,0.0408255574609543,0.0553169022287801,0.0518769481979518,0.0436220140265196,0.066279159631771,0.038471685904018,0.0413670244859314,0.00382963621233217,0.00373629396043969,0.00251090401549592,0.0019583566596622,0.0042334539963502,0.000601326062638705,0.000745586182359012,0.00124881919904449,-0.00233208069132871,-0.00148464066202994,0.00176801956178634,0.00136555237520127,0.00269431450218035,0.00289174079440286,-0.000122147591476511,0.0052914409656756,-0.0019523442658048,-0.00313562980102209,0.0033961352804963,0.00674449341958268,0.00364238975041686,0.00189176300422207
"1999-07-01",0.0376864978623038,0.0553634587330821,0.0335609374216268,0.0396764599157896,0.0492314087638573,0.0459674961538985,0.0417951712945558,0.0403613181173131,0.0403916033290216,0.0599465435832373,0.0330755953962558,0.04233194848033,0.0535943882898506,0.0399763572095599,0.0479386708028585,0.0496739738075915,0.0597550421891356,0.0443974981358893,0.0373900318335543,0.0633903264351426,0.0424121898928563,0.0420830823522898,0.00427071792738553,0.00852602216551675,0.00464829077593881,0.00240864466568791,0.00810614181653316,0.000838609194315885,0.00307546027322014,0.00105916239396272,0.000941268450396791,1.01239263041859e-06,0.00415638294217771,0.00437374690237892,0.00797603897451709,0.00484508062840064,0.00669699352336855,0.00853120895142237,0.00261134688008352,0.00796068334946874,0.00378883538058003,0.00601817475584167,0.00467728072040563,0.00474369204338552
"1999-10-01",0.0374733934424417,0.0594399417846232,0.0334828755561028,0.0409020575185481,0.0445164839074271,0.0497152500501044,0.0449666107619457,0.0450644954383291,0.0408104062864617,0.0577676228347782,0.034286859928153,0.0416778827132767,0.0539627381780953,0.0400854451317257,0.0457521322973412,0.0434150604320671,0.0696192013453657,0.0421254502642068,0.0373710204935441,0.062868059134102,0.0372150829074493,0.0374819295939111,-0.00053039471952225,0.000686663539242416,-0.00185206409585431,-0.00128846939651917,-0.00195139459176336,-0.00462654525710616,-0.00121212557052145,-0.00745450862247551,-0.00643977779247907,-0.00151316827515593,-0.00145710298616696,-0.00352311621833302,-0.00105028561336704,-0.000373129096664768,-0.00296236440986099,0.000357336462798475,-0.00805785000156176,-0.00422946426215237,-0.0027228741850901,-0.00580265664710725,-0.00166159807010035,-0.00241014840965015
"2000-01-01",0.0358836736201363,0.0578093672757024,0.0331207516107129,0.0393809824134743,0.0525782635359025,0.0464690676118437,0.0436783842399192,0.0407458591991515,0.0423026583740709,0.0636615196052482,0.0340990287865343,0.0415439540345901,0.0565893836171118,0.039768216428958,0.0429426289478733,0.0441877307636095,0.0519175776530451,0.0431241085544983,0.0424846251003852,0.065614075512642,0.0401313435675487,0.0419667995470421,0.00302577115049391,0.00385065947354082,0.00170977094442949,0.00121552065619877,0.0033330611515904,0.000118433972113402,0.000402245701340593,0.00274190234101762,-0.00266827941754718,-0.00359086606815238,0.000780338348225972,0.0012641403395783,0.00264823389311497,0.00246330366032259,0.000742190043634997,0.00605679257380843,0.00267822664437431,-0.00157455190137896,0.00398904816581021,0.00153891466976737,0.00160721574215868,0.00158354376276604
"2000-04-01",0.0388059470212462,0.0543328153616351,0.0330581843693413,0.0431949974089822,0.0497419715818502,0.045178306569041,0.0450278232664411,0.0393338492094617,0.03977746753756,0.0625117132347564,0.034133801017018,0.0403386753638108,0.0524766542320726,0.0441659020440575,0.0399752410391954,0.0529558354961088,0.0642688941477186,0.038850376395462,0.0360618229326456,0.0629321718013678,0.0393738016066619,0.0435037483635659,0.0122658068814399,0.0152210458318477,0.00830187240034896,0.0106443696649238,0.0158397960401262,0.00806028456472381,0.0110324409904783,0.00691752053235344,0.00876743348782926,0.0102014902078905,0.00897513689862581,0.0106158514498326,0.0108817093019122,0.0153758422702333,0.00943269000522467,0.0212699503595993,0.00601674196994964,0.0127820449887307,0.0085208193991491,0.0167680071018889,0.0127009896080036,0.011080636438069
"2000-07-01",0.0381500257395471,0.0444688124066788,0.0326526860585815,0.034668432635908,0.0600235508126467,0.0398730378619195,0.04119885441883,0.0448276973379578,0.0402494758568621,0.0649584171029955,0.0305872440415285,0.0457333970884844,0.0500106315915397,0.0365869454897227,0.0454440674311444,0.0494959375401492,0.0720156451475006,0.0451176063310019,0.036784767048546,0.0646071710054943,0.0394043075336531,0.0431412895193084,0.00664493332348537,0.00935804400831108,0.00612528342839803,0.00609064900325295,0.0181047548617293,0.00682381017379266,0.00924667410026954,0.00497013038740584,0.000670202304830688,0.00351459876296924,0.00434602743814643,0.00345832013031759,0.00254331848875515,0.00695577984447263,-2.33531682975398e-05,0.0121335145428708,0.00356104302344864,0.000879361491525482,0.00520926044003547,0.00929122549541955,0.00755863976335351,0.00696741560163524
"2000-10-01",0.0403343911441259,0.0625066694196784,0.0336199037950954,0.0463323317279511,0.047924554568729,0.0523242156315542,0.0423684199522412,0.0376373496203088,0.0400890958932823,0.0568702610496079,0.0340009226317722,0.0447634595832574,0.0563021427049344,0.0433030665791343,0.0430254756006381,0.0469098476576119,0.0602209808666412,0.0354763378880084,0.0394581264904864,0.0600866949495812,0.0386747886821706,0.0377709635631896,0.0117139969901339,0.0159405520332001,0.00727071518634132,0.0087838530987005,0.0116102292941415,0.0107563817257467,0.00747252791555084,0.00790497007502811,0.00667749106599364,0.0106246066509787,0.00785363305215988,0.00966056193502068,0.015519419328447,0.0106440109045775,0.00970458398293517,0.0133535440202655,0.0109205280839093,0.00873715430834354,0.00979924508852925,0.012743841440509,0.00965872369593828,0.0090210722220678
"2001-01-01",0.0375823348383789,0.0592591701094245,0.0339023024642812,0.0409150667314894,0.048877706891634,0.0476232086178876,0.0438479161207349,0.0391181546518159,0.0373643043300391,0.0604255567685738,0.0344522780529077,0.0380588453936868,0.0596679018263836,0.0438991605116763,0.041541730524382,0.0487051393120675,0.0728007790846255,0.0366024442102951,0.0379957336015911,0.0635036754719482,0.0378389861833996,0.0360176043027774,0.00633061456904847,0.0101604313576688,0.00637521912146718,0.00763110245388281,0.0112433069180832,0.00868120058978038,0.00735387789573105,0.0073551866712463,0.00584191332093303,0.0110033701953861,0.00649399097795753,0.00721860439793907,0.00870017457951244,0.0104779166182313,0.00748866924094088,0.0166791038330345,0.00989110417097976,0.00701080691054135,0.00667954959062351,0.011709073462108,0.00698775883032034,0.00755251152429177
"2001-04-01",0.0358712243707059,0.0552989895482513,0.0335299343637327,0.0420333759789987,0.0589369896855582,0.0457823338587974,0.0430507808889443,0.045696370267755,0.0420693538984726,0.0613286814464229,0.033018981852958,0.041160408085003,0.0513762929334371,0.0429391085916169,0.0451268014472233,0.0448415703687651,0.0563432420597672,0.038690271059741,0.0432268252274584,0.0609998808215701,0.037704621081589,0.040973962163232,0.00198513566258573,0.00273295733854808,0.00160237743051088,0.000797685968340886,0.00896363541669519,-0.000439232427061941,0.00101321155301163,0.00203983263757183,-0.00200481807512606,-0.000962241972344217,0.00259844794419855,0.00229946555355999,0.00492641209808843,0.00102576740898348,0.0017184835938844,0.00929642604278711,0.00124304833653577,0.000482494616566745,0.00363086635287249,0.00252431194263779,0.00254492964063892,0.00475380499084633
"2001-07-01",0.0367020678391534,0.0938230652032331,0.0348536182824065,0.0455674671805049,0.0462377487268819,0.0479994100559774,0.0391244590339207,0.0361201333056425,0.0380305218067176,0.0556041466241639,0.0334331949778689,0.039117959282746,0.0490318649967506,0.0529458059992097,0.0392729452630065,0.0481459252273706,0.0541625147661461,0.033394277436809,0.0391511839236535,0.0605601369116719,0.0383761204817771,0.0383454326743882,0.0163926953981039,0.0244477148474717,0.0152852319000442,0.0175749028068207,0.0226235093911442,0.0164521927197309,0.0179006028793166,0.0150301638825718,0.0141285072249176,0.0203609303068493,0.013771670714035,0.0144601881761244,0.0165522512340525,0.0260958321318725,0.0133025312027041,0.0226827016813235,0.0233681051829342,0.0132100501738551,0.0173200155807635,0.026535046774906,0.013960990293241,0.0155912584365653
"2001-10-01",0.0384700715001267,0.0551552782013103,0.0340739060139058,0.0429762097483833,0.0485170512678306,0.0475297373007124,0.0415813728000843,0.0482137456413837,0.0388676564165256,0.0590121386587792,0.0314992880756879,0.0428335232122338,0.0537669542921988,0.0384075335636174,0.0487489973875261,0.0420868938738756,0.0662998510859987,0.0439633374082379,0.039857947004166,0.0633012651212127,0.039359783250632,0.0354774581755712,0.0013773411610085,0.00386920914178092,0.00138205684863734,0.00208374312385252,0.00368654113690936,-0.00197844094819623,0.00051087140420283,-0.000590757245534244,-0.00358262351329513,-0.00236381482586934,0.000756310460045804,-0.000429390001669527,0.000930248434637172,0.000963251264535812,-0.00121365829126678,0.00230571122130245,0.00146552910032541,-0.000178306746190442,0.00092783352013658,0.00101989070205804,0.000284793501184369,0.00154868112795211
"2002-01-01",0.0381612688510066,0.0581252586504072,0.0347979948101014,0.0403466139998369,0.0512604175326478,0.0470893268104062,0.0458772442859092,0.0420661360589036,0.0444596824259404,0.0588404693413856,0.0351365273675091,0.0395340925290947,0.0571885169358107,0.0446875551470307,0.0401535660866114,0.0455755257992227,0.0658763158947795,0.034936095244207,0.0400612422770239,0.0604338364222496,0.0364486411344466,0.0389436723954691,0.00313690752977968,0.00728403242701262,0.00153237003740736,0.00194478731067536,0.00472031511990967,0.00216258824467663,0.00225639872076974,0.00364042498038782,-0.00177337552254535,0.00216259757327848,0.00240463598458178,0.0010636094547267,0.00328465141454581,0.00199489722975445,0.00356773324412045,0.0051271816833173,-0.00183928513274599,0.00287368292759103,0.00121249935006124,0.00420381797084709,0.00241920501784237,0.00188480529393572
"2002-04-01",0.0409718055108349,0.0501625720591356,0.0352257626144948,0.0338903756719785,0.0560726468963949,0.0383860381270233,0.0378540123368475,0.0451854204466721,0.038839676941247,0.0588669367212386,0.0343299189166452,0.042112213339494,0.0632604335486635,0.0348195466479019,0.04314881329214,0.0563173200685921,0.0796325725388056,0.0366117562798395,0.0373199850443014,0.0616690789432876,0.0383269981409733,0.0369961159134886,0.0116553637051879,0.0165386386059411,0.00759798356618999,0.00812641982656879,0.0185496828995461,0.00793034824367793,0.0100025379371687,0.0109259892087534,0.00750483261558816,0.00950131724426,0.00830048904313239,0.0110979232142548,0.0164508953658857,0.00888533619111407,0.011119800485592,0.0150919798337665,0.0205698476593967,0.00885534397781075,0.00840254443678266,0.0145128736633286,0.0114390318568352,0.00887522742643855
"2002-07-01",0.0403035819646873,0.0610794760433055,0.0365838951248351,0.0378495930362635,0.0462379901097467,0.0463536988836312,0.0432666439622001,0.0448005377339609,0.0413764039772994,0.0626559404147204,0.0326140184069706,0.0421961122355298,0.0557756044435919,0.0359373277229067,0.0536547366806401,0.0430171207155021,0.0619257844862664,0.0395971870423659,0.0347540581232922,0.0627439965985214,0.0409114181906852,0.0363648741030777,0.00871801091753986,0.00572726467017888,0.00625298396451793,0.006319389542115,0.0119567956792504,0.00089643091589748,0.00575446172535351,0.00709861675983105,0.00355902629450888,-0.000999062451557225,0.00520471358808133,0.00518915628037325,0.00878849677197281,0.0067497143237866,0.00647380389752142,0.00727742195780932,0.0082157040209651,0.00701522505833252,0.00623080444012248,0.00403406980745629,0.00708227991063548,0.00679217108528271
"2002-10-01",0.0438058384675198,0.051094586374984,0.0349394070582588,0.0370258398801309,0.0526270975961934,0.0475022391431542,0.0406173063691469,0.045211361982686,0.0436138166984928,0.0640819403791893,0.0332521917703494,0.0435573240793698,0.0539709851103697,0.039338071729478,0.0413538275318359,0.0477324727781243,0.0654637184182733,0.039451900877581,0.0369243139993323,0.0616528348973232,0.0384077267985079,0.0383751980596993,0.0105982026127802,0.00930832753678093,0.00293807012581634,0.00465942394381982,0.0112840802650649,0.00221919917728142,0.00512887748117615,0.00697753459516338,-0.000987176485386993,0.00449099349664862,0.00480812312300126,0.00559948029278217,0.00898582455661135,0.00497760197067757,0.00370021557264274,0.0100666017988313,0.00622502606859537,0.00516058834041671,0.00441762512182239,0.00524647910376595,0.00661424115772499,0.00561065083827362
"2003-01-01",0.0392722985507962,0.0699639483698229,0.0341272034429161,0.0437558622158311,0.0450692418664247,0.0498923977866671,0.042949858160355,0.0472465041209799,0.041905657264964,0.0583686935446547,0.0353626359099388,0.0413390180589451,0.0533754732062307,0.0390886768551557,0.0438498123914167,0.0411678457570961,0.0651663926092392,0.0361742615550417,0.0369009103862653,0.0617023125009415,0.0371568714142236,0.0361641240320939,0.00538450153199821,0.0111544002440658,0.0036135784300308,0.0060823782438002,0.00585170836842183,0.00306166013447246,0.00248742551737186,0.00266879356812569,-0.00113276547958154,0.00102183532609748,0.00460919456808598,0.00308339186318216,0.00566210061972934,0.00317211708978377,0.00499992341961152,0.00578711973163898,0.00625884069229368,0.00395304009786586,0.00418647195723173,0.00886910550451856,0.0037703813170481,0.00298194345422511
"2003-04-01",0.0396010197635139,0.0524149863041475,0.0336316616327715,0.036820312705835,0.0458832058984901,0.0444735969378438,0.041541437381965,0.0430480855341694,0.0385672388846483,0.0622632567946657,0.0335214970772931,0.044842834417318,0.0686082370901093,0.040480717146614,0.0435265507600754,0.048853516703547,0.0654816035402369,0.0387457335294719,0.0395390500427812,0.0648883018034212,0.0362918423010067,0.0369753137500752,0.00395979353775537,0.00339639983191363,0.00204792678622538,0.00107512581213507,0.00601467897942947,-0.00135383678924591,0.000496158849528297,0.000669655481249208,-0.00268910466983706,-0.00151009230688946,0.0015155996798202,0.00195973376598112,0.00645155755656299,0.000824801777820689,0.0011134831275188,0.00484907222121557,-0.00431544649642127,0.00122013970405541,0.000815301394545152,0.00160841803046822,0.00197618530608508,0.00122827372713778
"2003-07-01",0.0385684747626806,0.0607938117397505,0.0321425890310521,0.045158590930435,0.0545770545346024,0.0504150162693954,0.0475648049634742,0.035345321401323,0.0385410085930506,0.0691520871983307,0.0357194217371537,0.0410962319238128,0.0665047740561289,0.0439939206753607,0.0378574870969147,0.0466636374707939,0.0538239747306094,0.0327978191581209,0.0351496341642135,0.0614105321406144,0.0364076377511166,0.0363161696710659,0.00986416432114072,0.00666406737066927,0.0059691677205201,0.00309603830759709,0.0193564985992219,0.00124872976207089,0.00424511652961183,0.00663526453652171,0.00345019746769282,0.00502150447254789,0.00715444137373644,0.00829988859401654,0.0112020723134181,0.00848683153920291,0.00734008781508791,0.0125956318512677,0.011856653960875,0.00759720453319872,0.00770057052541343,0.00685624289037664,0.00641742326890818,0.003752890911566
"2003-10-01",0.0388712207791678,0.0586437908991189,0.0374916616098677,0.0420055431523385,0.0500767493164483,0.0487137772262979,0.0423388121807764,0.0407478610078038,0.0426475715757429,0.057417018047254,0.0360591915195169,0.0400772683230559,0.0551559894359501,0.0408158003160922,0.0406907983694402,0.0430162028305115,0.0596983146919734,0.0426498945470632,0.0408833558429866,0.0590724504520014,0.0378077796726343,0.0451189482039581,-0.000461019047930486,0.00464653526474927,-0.00248581909768907,0.000806991653858208,-0.0024228385418945,-0.00431084310506397,-0.0019704460307179,-0.00132759594509478,-0.00529441267637274,-0.00648891636514072,-0.000125630473068757,-0.00124950477066414,7.01786217251299e-05,0.00137917312059296,-0.000693421893469795,0.000881250889321362,-0.00293348374936242,-0.00212612470518969,-0.00199804407683612,0.000428327196711438,-0.000208788267086983,-0.00518746252628654
"2004-01-01",0.0379443221945779,0.0547818752252798,0.036407246876922,0.0436971230677878,0.0481200146665533,0.0490536380561701,0.0450440054240615,0.0454862331655604,0.0444485623376878,0.0622383064330679,0.0347620775760016,0.0402737565002849,0.0479867696509099,0.0426973444717972,0.0409771468528508,0.0443083858547276,0.0515934115813664,0.0459656843737367,0.0359586568947077,0.0620851236229861,0.0386951398891263,0.0474751752838363,0.00340485003814859,0.00373936808820009,0.00164582719924583,-0.000914385469774627,0.00480900777373157,-0.000339316332720628,0.000100320597618249,0.001297754681687,-0.00249037868877892,-0.00103071004608547,0.00155070451080869,0.00139009124049649,0.00450506141127044,0.00421650250605703,0.00110349724517761,0.00703162504092887,0.000744592637352815,-0.000641359315082892,0.000566726911012039,0.00503979915435502,0.00382187748357091,-0.00256743197674005
"2004-04-01",0.0383639637238859,0.0592923150968331,0.0334141265143451,0.0447611381614596,0.0470302450756813,0.0449799531017312,0.0457425950114929,0.0440560670922581,0.0389012952368089,0.0625439721177331,0.0362800168205119,0.0420758939604574,0.0583544937534811,0.03855084109379,0.0438840598364178,0.0449668569448034,0.0605293182191724,0.0410748090635162,0.0413324401458155,0.0567210096921833,0.0373616107981707,0.0397829785394511,0.006031028874533,0.00768376440567282,0.00483069686803351,0.0029933025124507,0.00768070418402475,0.00321938880524516,0.00372577457252691,0.00601320181008274,0.00212314746665902,0.00418606000531525,0.00470593026116304,0.00510780580456121,0.011644078603135,0.00604101967273937,0.00791073131566274,0.00916994194498923,0.00427670744571696,0.00396057229954668,-0.000108433463613192,0.00635979024437858,0.0055932721545568,0.00437164612813159
"2004-07-01",0.0364565330977577,0.0511715780109502,0.0342104778281422,0.044954116501194,0.047164906739674,0.0400203101007021,0.0452415954252233,0.0461812911749978,0.0487774285453797,0.0601323418810821,0.0353189906143393,0.0410030128058447,0.0541487224920963,0.0494079475875634,0.0362939620359395,0.0498528613244826,0.0650542010173597,0.0331631380115035,0.040132698866641,0.0616678410811938,0.0379928793210645,0.0416531655368689,0.00400117487375731,0.00703806448583131,0.00392869395626208,-0.000341035387145969,0.00675445039322945,0.00037428814351707,0.00294466832202554,0.00375860793222535,-0.00591061557958689,0.0037670959569762,0.00156180438057532,0.00312662948963786,0.00665658139352256,0.00691163097884148,0.00345149700153343,0.012542859273136,-0.000563811654290878,0.00319926265075991,0.00269609716990849,0.00363871210516256,0.00247705407064429,0.00377957920319151
"2004-10-01",0.034757604730806,0.0656942363636664,0.0339085870047894,0.0528430266615519,0.0438722200438824,0.0506207858803405,0.0464434955183562,0.0426465337875489,0.0395933193257655,0.062612935597236,0.0346497129749043,0.039876587137381,0.0497929127147677,0.0433307385235714,0.0440984274432693,0.0425557725346026,0.0553843565226219,0.0444491203168075,0.0366798930087714,0.062095730202885,0.0361551419937591,0.0379388617127156,0.00359180234475181,0.0111087006369874,0.00257818819626779,0.00167859822612696,0.00380526724109956,0.00247685127291393,0.0026868605354953,0.00238462315937832,0.000130400007579149,0.00258942635235326,0.00240133422293826,0.00263299003086901,0.00772537849790807,0.00407673805502477,0.00510500325072059,0.00659472127927796,0.00421377191827583,0.00230243692683878,0.00288026973261207,0.00517715777478469,0.00361180824929515,0.00247092765417762
"2005-01-01",0.0366079922393092,0.0588685389515834,0.0333489482585113,0.0425284142897632,0.0485927996582948,0.0470257350158301,0.0465592958808314,0.0399364446503853,0.0441991483169304,0.0609753055865533,0.0350515717666626,0.0420713777982641,0.054444843855851,0.0414894262159246,0.0424720575307232,0.0399000869709779,0.057988955959021,0.0480566768058394,0.0420438081650504,0.0603769841992596,0.0366340117338148,0.040827576150619,-0.000605878149055071,0.000395728571358657,-0.0031129091914742,-0.00409342594788164,-0.00122609518180703,-0.00378477442614682,-0.00494090287303536,-0.0034764638647284,-0.00960451133702943,-0.0110806446112084,-0.00294466499242182,-0.00298904971530622,-0.00594642230154199,-0.00437859142089675,-0.00421068278658819,-0.00217202823051459,-0.00685063441060775,-0.00314782470245725,-0.00590006552381327,-0.0060754464232845,-0.00213748271320909,-0.00923197390676308
"2005-04-01",0.0386788468990066,0.0555440635098522,0.0325207148012741,0.0492042425687431,0.0485628347595636,0.0433921071526372,0.0443611035676624,0.0464806192760724,0.0387114441511473,0.0625234075897005,0.0347364819344644,0.0379033935832355,0.0534639963079175,0.0379715323399893,0.0416032311587677,0.042522237515696,0.0711860463887533,0.0450448267423936,0.0409362580085007,0.0605380848081889,0.0366660175924932,0.0374485093439407,0.00449054381028348,0.00619930683776361,0.00316964740597044,0.00149531611028273,0.0052060935131021,0.00208998402716183,0.00238291355404215,0.0021330762150023,0.00132333456527988,0.000615842374487796,0.00307283329704375,0.00255385642194227,0.00593489964763265,0.00436179569505303,0.00512074709329813,0.00665854418579754,0.00666793328225013,0.00157735689700196,-4.28169275504709e-05,0.00506226577033955,0.00332578986543892,0.00309057192895201
"2005-07-01",0.0417173860307957,0.0620821340251639,0.0344081677841267,0.0454269474812213,0.0443238747030387,0.051077453803694,0.0440493209904372,0.0440305848955121,0.0423081032921125,0.0679062034174951,0.0345692544225924,0.0409127826734428,0.0502338853404547,0.037755550634079,0.0424138794637314,0.0403139009845929,0.0622499348164755,0.0380931861446354,0.0344763236398043,0.0633951685857927,0.0385219960051986,0.0397339608656033,0.00509232012507627,0.0087646465941541,0.00303245489493264,0.000252640553544552,0.0044690943947458,0.00418107096915664,0.0015570589838354,0.00289598152838121,-0.000230495090550334,0.000238919176184723,0.00587568861101362,0.000934926160696761,0.00659617817029277,0.00480062019894234,0.0052324906733062,0.00700857733561144,0.0079813741153062,0.00417368203424834,0.00267813867840099,0.00713666153413719,0.00373526726706803,0.00236216339020798
"2005-10-01",0.0399131400087918,0.0530841650385468,0.0338512321555129,0.0561828955504453,0.0493165629182696,0.0433622226409584,0.0462753907283712,0.0401331248394994,0.0410543564088995,0.0645985591539984,0.0346717538075175,0.0407130139024947,0.050257366801939,0.0383594459324818,0.0400730804208029,0.0409235598992004,0.0610496561907533,0.0463987810413895,0.0426046153490077,0.0604658422513789,0.0380727407398967,0.0386384942198442,0.00383173191434931,0.00698905245887438,0.00108899597746341,-0.00170732761326627,0.00524997834009291,0.00303650734646972,0.000377571685938928,-0.000351317713185764,-0.00110567494906412,0.000874037608816831,0.000901349017615975,0.00239690866387897,0.00745406242627174,0.00300915181931202,0.0046206284689129,0.00605187774354774,0.00645319745007189,0.00404412298559082,-0.000780956767667798,0.00555387406199295,0.00230497833934264,0.00245609369512908
"2006-01-01",0.0378529331396567,0.0584059140214793,0.0324055892077477,0.0465707734646949,0.0519362880471978,0.0482270664263509,0.0459805618859998,0.0447851724223607,0.0382524499110545,0.068792497716129,0.0330120362497923,0.0365479698986346,0.0616862354935739,0.0403682600746003,0.0414691719587327,0.0455686213421879,0.0676382041335518,0.0344890846161401,0.0357222839780663,0.0591440831434349,0.0359833559370961,0.0351614469315178,0.0110651712747501,0.0201014670948978,0.00892113575000711,0.0116505267312354,0.0199982678436233,0.0116904312520464,0.0121103274621529,0.0110890530517987,0.00860252387162753,0.0147513320931289,0.00894091784860757,0.0120250273787769,0.0169945309469589,0.0117671393991137,0.0138217204525574,0.0168657729680307,0.019411016014648,0.0104781381196242,0.0108444831826088,0.0157411321523295,0.0118184835406151,0.0121553245974594
"2006-04-01",0.0441894243395457,0.0552796433229666,0.0313240217479128,0.045794246263419,0.0482979642431669,0.0413584378125422,0.0428150317702991,0.0447329250960155,0.0365207855057287,0.0674929181300041,0.0331858727864429,0.0380825924839063,0.0682237022538465,0.0390985324788832,0.0410339190986815,0.0472595881917984,0.0697077771933481,0.0378181633794782,0.0369141228032505,0.0579246303936196,0.0374267113266636,0.0355189893784807,0.0162009092745986,0.0186448339833791,0.00885396947407369,0.00944960374959984,0.0183345567661859,0.011363596516395,0.0119614320350332,0.0111744665273965,0.00760475957552186,0.0159188401714954,0.00941593540858128,0.0109200037332021,0.0174197409717864,0.012459878474163,0.0115908859925945,0.0153016572574863,0.0174389798514975,0.00984064826527181,0.0116925942611603,0.0174326310940928,0.0111773294565484,0.0117209271099258
"2006-07-01",0.0356699414379599,0.0497696358888999,0.0315941745598304,0.043426111830876,0.0461745204120817,0.0426303992765121,0.0441866290595571,0.039919790439318,0.0411846908426421,0.0661928304774311,0.0312871523746469,0.0389577115587234,0.0518003309790631,0.0538518875181994,0.0399745978745761,0.0561895924077525,0.0537587683082431,0.053648300061403,0.0379724157178515,0.0603342071043485,0.0397116944345015,0.041764617435583,0.0137803159259188,0.0157023287289719,0.0118085442524364,0.0145649325125842,0.0211567864424337,0.0134049749980336,0.0144318203074327,0.0141935236182022,0.0131566258249387,0.0181157426413158,0.0112679963100145,0.0145919401271121,0.0187526658256979,0.023440777312954,0.0157338146410457,0.0278015674834933,0.0219486282052284,0.0206895733560564,0.010899837392907,0.0236013629913483,0.0159230685263934,0.0147722133389532
"2006-10-01",0.0391342482033338,0.0595167109908669,0.0314892011970104,0.0485749720110325,0.0519261872327025,0.0477213428764315,0.0503665563789715,0.0381082593215951,0.0367142122263491,0.0685639562323558,0.0337746501680918,0.0387928406446131,0.0559600044389784,0.0420283078876837,0.043013407336305,0.0395276404596043,0.061463950137517,0.0460010508410841,0.0405830713976127,0.0556768250490591,0.0345450469925983,0.0365175579762035,0.00677906793719656,0.011910227833587,0.00563297079445382,0.00444188736379532,0.00774978718927048,0.00831508945912864,0.00539961829872554,0.00873425886694475,0.00507408985717831,0.0055339819574149,0.00438488545009388,0.00618531320829123,0.00897205209194325,0.00817844852478331,0.00899138809437345,0.00819029523307306,0.0136209287670802,0.0138224323241998,0.00597519510545496,0.00754338659477554,0.0055949798521268,0.00529134688168347
"2007-01-01",0.0366064740050565,0.062365186769249,0.0311503193006684,0.0508604600584732,0.0448131818057437,0.0483923057186313,0.0440117622351835,0.0487660199296726,0.0369135867051071,0.0696374571071197,0.0311083863166179,0.0366176251287659,0.05519935055732,0.0376947190176944,0.0431943709324048,0.037392063298151,0.0792497595663237,0.0364127559187436,0.0337618696497124,0.0646641586475104,0.033933487419576,0.0372546999122751,0.00425157543044929,0.00422895890082811,-3.71792216224865e-06,0.00166245770824241,0.00448898629655656,0.0018922936361427,0.00210515741614501,0.00184726324679746,-0.000575513527905903,-0.00287457967856016,0.00249686850619271,0.00174114170122156,0.00395143977171535,0.00429804990400527,0.000284871666608898,0.00396862881077113,0.00620352951000211,0.0031243961068631,0.00230635345618652,0.00115867131573187,0.00236855209886092,0.0026584872430311
"2007-04-01",0.0362845149906211,0.055644332533336,0.0309329232984661,0.0414980941586747,0.0472326503685677,0.0408408332567498,0.0413345907985592,0.047320676687974,0.0381476267684075,0.060559023989149,0.0315074921209039,0.0407705218678065,0.057195357144541,0.0409144476776441,0.0414291638657451,0.0400785686528226,0.081070937509828,0.0520949123480011,0.0364761001403653,0.0612817209731598,0.0373039267604708,0.0400815840882069,0.00418677597550114,0.00837846845606517,0.00244329289475378,0.00560709974215447,0.00945105682810085,0.00283872916769216,0.00480208279747904,0.0033127941144141,0.00112694519419741,0.00203251653726513,0.0031285569169124,0.00562587373447107,0.00463936991511672,0.00644787108338507,0.0059408253794451,0.00821062715191682,-0.00618222401043618,0.0140527152515997,0.00413874438305418,0.0100210365072685,0.00644276556128833,0.00405536239101262
"2007-07-01",0.0369509936129135,0.0617197557740481,0.0307872530078856,0.0492024690303026,0.0436747275668309,0.0493606637573775,0.0485155055480594,0.0412982249541184,0.0424488930740328,0.0673777544189539,0.0323549098072082,0.0362792766618648,0.0511851474561354,0.0378630642157939,0.0472357389308349,0.0366474152959126,0.0777411429824252,0.0469952472042494,0.0381356164864027,0.0570536442798329,0.0341367206462272,0.0330358352885899,0.00268126220887747,0.00893923317615836,0.000936189376040176,0.00604197450486833,0.00505308561057803,0.0019195110888822,0.0011159189965304,-0.00293302756160576,-0.00428392602766363,-0.00351346734528226,0.000421465270788267,0.000323553693680762,0.00352500313447114,0.00298259943974678,-0.00169108990194163,0.00286402528277248,-0.0114534809120342,0.0028163512012304,0.00183616511839592,0.0016612014677152,0.000377933155195131,0.00161176495736938
"2007-10-01",0.0363435456815667,0.0816069516615288,0.0312524878674648,0.0490391070997421,0.0424726876437073,0.0514701930834806,0.0461273433718035,0.0420485633499262,0.0384200074198298,0.0717689719233532,0.0317526665590112,0.0371933273748868,0.0544355900042525,0.0356057369242338,0.0410166327521258,0.0365184024024397,0.0755252937181097,0.0323877389098707,0.0340640548422851,0.0580321444389452,0.0373847721750841,0.0355337807963525,-0.0017243961528461,0.0056136586126119,-0.00248642312945288,-0.000574542271011728,0.000142111428400176,-0.00656453655475912,-0.0039727153894022,-0.00649060892104335,-0.00668318171027266,-0.0121261962617214,-0.00269862754264955,-0.00331745314548014,0.00229103153210997,-0.00263311709465883,-0.00476375699429421,-0.00069263411715139,-0.0214798678897044,-0.000850677067933454,-0.00100253100318596,-0.000837891526304993,-0.00178224278453408,-0.00265629851422823
"2008-01-01",0.0369162143206917,0.0703325040595831,0.0332588055012899,0.0507116641073106,0.0416881190729806,0.0489011733300101,0.044939249531869,0.042451073418905,0.0388606167504483,0.0689774297576429,0.0328894581269752,0.0376085996164371,0.0515936843441771,0.0380406208790472,0.041984539275461,0.0361260598032928,0.0782738289904879,0.0370861731928194,0.038080600153152,0.0587117977712021,0.0367720136423565,0.0357957743538607,-0.0100735916245224,-0.00875129527583864,-0.00795554370898599,-0.00687106477313918,-0.0066700079252387,-0.0116764802041874,-0.0107717397006721,-0.011140694045825,-0.0119492939124646,-0.0218855394920033,-0.00812018497363797,-0.00725610883514225,-0.0105976617159834,-0.00949196539991668,-0.00824107648686796,-0.00598506765279726,-0.0366757049962804,-0.00657594524836933,-0.00924867275714348,-0.00905616096681566,-0.00723863136865959,-0.00778239543603429
"2008-04-01",0.040683838718112,0.0611528432285456,0.0318658243898996,0.0471204081512171,0.0492372921907376,0.0458684011464009,0.0423120373030789,0.0501190589379727,0.0403459998667161,0.0645566678874351,0.0319400524733809,0.0392501502114034,0.0547153705641163,0.0369110076050682,0.0449189506928524,0.0384277475090792,0.0778185308299622,0.0376938375849003,0.0366611113316149,0.0567111671425167,0.0361576244447806,0.0355320777902094,-0.0012784852469287,-0.00111180577833512,-0.00132225991667082,-0.00378011447527233,5.24384644757554e-05,-0.00205104705311774,-0.00209339714292467,-0.00728029890281821,-0.00615740727215193,-0.00720450077806736,-0.00146925311280433,-0.00237466388706282,0.00319586120633558,-0.0017212703546338,-0.00178588042029015,0.000510690964882527,-0.013670123981619,-0.000820217541025999,-0.00148818828908094,-0.00265684146219988,-0.000895142352121964,-0.00140940073858399
"2008-07-01",0.0372918863871854,0.0710299759115381,0.0308689622374179,0.0383270041872929,0.0462355141409731,0.0442872612293551,0.0442309366981981,0.0516799486882393,0.0375515109925423,0.0655636064078304,0.0310413067657965,0.0388550557157756,0.0595504825647364,0.0329629700285202,0.047435038441944,0.0360066939629259,0.0850030455958532,0.0390636157813858,0.0372404789440039,0.0572135157852969,0.0335971181398851,0.034964071393304,-0.000775278774312134,0.0031258588965069,-0.000527021688684515,-0.00246134459131247,0.00596375772406512,-0.00287960571413642,-0.000589083958516117,-0.00477880837126392,-0.00820494846791402,-0.0102304049717185,0.00027200401907431,-0.00113693289304234,0.000654901108322862,-0.000705254655844369,-0.00247828356862713,0.0030409075101604,-0.016209106869595,0.000127254688159385,-0.00123479748919069,-0.00414146241080345,-0.00193992238098495,0.000380625510563817
"2008-10-01",0.037687302484975,0.0611014656431145,0.0298184392375868,0.0363555899010631,0.0422033717077519,0.0434285193797792,0.0408020189658842,0.0557878877449835,0.0428960443077645,0.0687764703156249,0.0274811490306596,0.0396302269637811,0.0498395515230298,0.0349621731752941,0.0476128487835058,0.0370892652671805,0.108586986649531,0.0345484671166625,0.0358108623056819,0.0586465847829387,0.0355720129011205,0.031362761812087,-0.00805589245534345,-0.0114469166734458,-0.00695127814565004,-0.00981630718292172,-0.00747276848227269,-0.00997041846707525,-0.0120639005404333,-0.0136032379253631,-0.0170015367112254,-0.0226071984756156,-0.00691418033446043,-0.00977276695214065,-0.0100336806897449,-0.00943631029157712,-0.0111955642215265,-0.00749239916948469,-0.0342988097810698,-0.0068763932705849,-0.00719631121233107,-0.0126569428166359,-0.00914553534509199,-0.00783496488393345
"2009-01-01",0.0452760131261986,0.0686132232261402,0.0291152613121713,0.0311825468070361,0.0429252106044879,0.0481626405201722,0.0407478845826248,0.0484507015468027,0.0397865434741638,0.0591153403665435,0.0285235006663355,0.0352107091244334,0.055959504696027,0.0356415985843885,0.041184257267289,0.036809497177122,0.126620425208531,0.0311091372583376,0.0390636801398471,0.0512645056277907,0.0349662293714988,0.0302715893120577,-0.0195452264142389,-0.0137530734594039,-0.00968701680014154,-0.0114337026127949,-0.0111604991908738,-0.0123085401099157,-0.0144053558065286,-0.0141903542064334,-0.0228020506379429,-0.0259907815436179,-0.00995087285559017,-0.0103443186113962,-0.0118340094053549,-0.0120939322933431,-0.0117131703391965,-0.00891521409459095,-0.0572717583270454,-0.00974562144325261,-0.0119347309689305,-0.0156056645900355,-0.00673270660268409,-0.00976441075773412
"2009-04-01",0.0374546819296968,0.0641526015986985,0.0294899501535651,0.0325272252769765,0.0458174820239806,0.0467370421839513,0.0435283632735894,0.0503916417690715,0.0480591361267143,0.0617794482940353,0.0307332159189223,0.0379101784401946,0.0539898078177777,0.037370199225651,0.0439386725827375,0.0402718628410351,0.0967406030227537,0.0332550704540342,0.0369247286110506,0.0575860049931609,0.0363865544988659,0.0349555289635373,-0.00767943765385691,-0.0122070070942165,-0.00865716404344845,-0.00844122756959277,-0.00621633988045662,-0.0119764509771364,-0.0134975900942408,-0.0152807639471569,-0.0230413324739778,-0.0238969648018717,-0.00948535175299062,-0.0108812131897716,-0.00892935835516111,-0.0110308423381395,-0.0123247899714593,-0.00960117513530498,-0.0310632803208564,-0.00755654671656745,-0.00858214129946623,-0.01510062700515,-0.0099379788469841,-0.0104559572014464
"2009-07-01",0.0386796333788468,0.0656236373855585,0.0310865257834315,0.0319442034434239,0.0455835536507801,0.0471228560416687,0.0410057189570324,0.0575194549294194,0.0439000816764754,0.0596299708253488,0.0290494356567956,0.0385402995998891,0.0537309143568855,0.0342469555093435,0.05103217657072,0.0388673337552725,0.0962152182043978,0.0340942277104332,0.0359236464306952,0.0555187659589806,0.03878859051179,0.0318967996628117,-0.00617783261621028,-0.0174317806366175,-0.00809873235531063,-0.00953411722788249,-0.00732548365928886,-0.0126214677845726,-0.010483992086176,-0.0263076217354181,-0.0200322985625399,-0.027347394673462,-0.00871671682393942,-0.013139894943026,-0.0126807468323079,-0.0090418028945419,-0.0201666663161868,-0.00927885141049446,-0.0390829939246826,-0.0104231131218779,-0.00965576462852343,-0.0183581379469568,-0.0104680262689368,-0.00856401814089705
"2009-10-01",0.0381583858879657,0.0621610306406841,0.0290054486424658,0.0359080062687043,0.0425636630949155,0.0450384708301438,0.0433023160417988,0.0438581130394745,0.045208091281924,0.0638050770394393,0.0291882625923283,0.0387610686590183,0.0591448609168202,0.036830695430555,0.0483110840896324,0.040220790489149,0.090218633713074,0.0389101012591126,0.0371266543427189,0.0569470632668903,0.0368091708412957,0.0385230116318896,-0.00702610461304064,-0.0112876116139951,-0.00764825213163645,-0.0102802221774704,-0.0105599495864507,-0.0128894228228956,-0.012304748238331,-0.0141786670861318,-0.0187349632057545,-0.0211132444079787,-0.00915103451928931,-0.0109222625506159,-0.0146322861902887,-0.0089065479396414,-0.0175508583077251,-0.00950861018129302,-0.0302790329613354,-0.0118886638232033,-0.0112944921506732,-0.0160382949376989,-0.00931858817867343,-0.0146058814946006
"2010-01-01",0.0383371459028451,0.0690649772842594,0.0311363409396849,0.0372455156984444,0.0412491051256709,0.0530319735945591,0.0426921531620405,0.0440399648453026,0.0435681242549716,0.0575084001348278,0.0317288990614026,0.041461370405907,0.0564894995139727,0.035198515361033,0.049879333711216,0.039853310965342,0.0865681618670563,0.0337685269919936,0.0373405450314388,0.0580179699342453,0.0366436158179707,0.0351765503958159,-0.00426876235485383,-0.0028530552645339,-0.00505656072250428,-0.00481831913094151,-0.00569697803800946,-0.00915847107621359,-0.00542980264984032,-0.00879826829445316,-0.0120034381480157,-0.0122583228457713,-0.00458652749073761,-0.00868849974301202,-0.00879548584117903,-0.00306290017568116,-0.0110300534681771,-0.00639776527449259,-0.0220632910167327,-0.00590214938753918,-0.00610742014854898,-0.0101279050704334,-0.0057148708830136,-0.00602710596255645
"2010-04-01",0.0379464987856332,0.0633454493241441,0.0312513844319517,0.0343198436054825,0.0516067417874816,0.0502887132482226,0.0413371392516645,0.0435386273726087,0.0433858336462063,0.0578877561978001,0.031940747636213,0.0422647763834064,0.0521856657394355,0.0361340360585995,0.0501329522256333,0.0367884084189334,0.0794188854910185,0.0375292739011784,0.0392329297841672,0.0607580177160317,0.0385974441362918,0.040108874857896,0.00190404646422806,0.00328082623567885,0.00103544739256284,0.000147502556403224,0.00629859194746554,-0.00227628961298246,-0.000494282991779032,-0.00480025032524792,-0.00759107400325055,-0.00339593732448918,0.00145302537736314,0.000210225695135549,0.0025372456255276,0.0020129963530417,-0.00276025255796419,0.000367049235556723,-0.0129363734859353,0.000387290230350256,-0.00116553915847373,0.00485220545512919,0.00291847634954126,-0.00134957298124409
"2010-07-01",0.0444796435874182,0.0659399934933747,0.028546767091944,0.0311309430435001,0.0519804081702255,0.0436884709960759,0.045876949396842,0.0424135442214594,0.0399487698389396,0.0618180185376044,0.0286121902877308,0.0388481767003544,0.0586095811789893,0.0375071735388881,0.0467911832734778,0.0397581204565762,0.074264324783484,0.0336690414987965,0.0444999605999201,0.0624591833236368,0.0400985570311785,0.0390589989495835,-0.0030153638055499,-0.0020738839438248,-0.0029755481847714,-0.00342035270471737,-0.00185851089581541,-0.00561105479879177,-0.00638325676873395,-0.00558535602471393,-0.00854470814242937,-0.0117761882817135,-0.00236413081202871,-0.00438127809126164,-0.00164437927535011,-0.00546252761103308,-0.0110185931922563,-0.00314739776054135,-0.0185533878482026,-0.00250314724168723,-0.0076255481567504,-0.0115526166490947,-0.00407263582541635,-0.00744799860545785
"2010-10-01",0.0339056363550248,0.0791470765612489,0.0308827918754766,0.0357905065353412,0.0430883422623326,0.0509457282693651,0.0465845326132181,0.0369752853573944,0.0437159414028889,0.0611856628172623,0.0309759005748839,0.0404258595026282,0.0545537245074518,0.0374632296731573,0.0441926520188807,0.0351804785629915,0.0737449475130408,0.0382901196608768,0.0475080366014655,0.0619534336906135,0.0364260508414522,0.0370640628030049,-0.00701203649344793,-0.00294982926745648,-0.00552274742880616,-0.00698330936637469,-0.00921958974470444,-0.00525497643408379,-0.0102627448182842,-0.00784341994955485,-0.0136980312898033,-0.0152798658320046,-0.00644090725374577,-0.00622738643209898,-0.00871605383231318,-0.00827982953586007,-0.0107638201642531,-0.00770453969214649,-0.0271128083671659,-0.00308947049796249,-0.0127565307983982,-0.0145611060827677,-0.00560706132266719,-0.0100526285098324
"2011-01-01",0.0387171662948661,0.0717781742752424,0.0306733787090371,0.0361090088143206,0.049216382910277,0.051865075321828,0.0480207833470735,0.0458943776520838,0.0428749427837633,0.0631261056349941,0.0347088992043486,0.0372869080458061,0.0470034961055094,0.0391621173551018,0.0453422291323483,0.0384352786937203,0.0645357112798599,0.036658014780694,0.0450147041445316,0.0571466488515814,0.0371403721249354,0.0392902245380773,-0.00748256586784196,-0.00466159724416392,-0.00520843377558534,-0.00798661482931612,-0.00714418818561719,-0.00862527959352832,-0.00804926594146642,-0.00814981333340345,-0.0117036066353193,-0.016458823743335,-0.00530937023414307,-0.00713735120354813,-0.00835594169014081,-0.00577828504408419,-0.0108602387229711,-0.00600841695906047,-0.0191131177929158,-0.00745350813042794,-0.0109953568837838,-0.0105214801096399,-0.00504740984702432,-0.00864532363358439
"2011-04-01",0.0439991312208621,0.0569624582518277,0.0317157909898144,0.04640244419954,0.0556206321666206,0.0415921020936961,0.0441344505258541,0.0418748671336573,0.0419447065615578,0.0626736211246237,0.0335420207546179,0.0399767355747819,0.0551253889199402,0.0374106890743596,0.0431499788755343,0.039957808290542,0.0704156385763873,0.0397672958637723,0.0386834645221166,0.0566933857237748,0.0386530661737685,0.0397043233823506,-0.00310018136870212,-0.000698136597945078,-0.00300592746693911,-0.00254790592352144,-0.00438342691124118,-0.00177540287529578,-0.00415955446750663,-0.0056310120370501,-0.00866362244268809,-0.00567962242592813,-0.00271694849872787,-0.00224147307321254,-0.00210265257472843,-0.00153474299086349,-0.0044486589400347,0.00117586192055398,-0.0105787095716336,-8.84608226273428e-05,-0.00388596118704203,-0.0015835163284881,-0.00136782426877182,-0.00572777529376708
"2011-07-01",0.0469355203286644,0.0722215923031637,0.0300688775441801,0.0369951792214573,0.0486946807800356,0.0487190123108611,0.0462686133650807,0.0358463308487023,0.0491417610269211,0.0729667230448101,0.0291394677525609,0.0373936125791632,0.0471129383659957,0.0401861716278665,0.0416568936321651,0.0412914573372352,0.0638970644360515,0.0422639048885658,0.0376042595829245,0.0572319742527597,0.0343507186975366,0.0400132460732989,-0.00699528172300611,0.00785682725388218,-0.00150174627620978,-0.00321626461145276,-0.000149953032888678,-0.00217923887224107,-0.00674895854815333,-0.00198352119192627,-0.0158100151864777,-0.00860098524487245,-0.00452347245717135,-0.00292254765379717,-0.00565201032517386,-0.00282047888678479,-0.00482752923131721,0.00221793167610855,-0.0126441722542385,0.00491382589372956,-0.00479387530710009,0.00207875204112752,-0.00230664492062883,-0.00696725249398116
"2011-10-01",0.035693519653293,0.0770838069498036,0.0289514482840352,0.0328045208063385,0.0493152790197472,0.0429980013644994,0.044373822013281,0.0416261310082216,0.0450560602126011,0.0594843146647272,0.0312919768552026,0.0372315740720319,0.0566512613461373,0.0377859494959211,0.0500521708804569,0.0376330368904313,0.0758685056078961,0.036710227021939,0.0406718703683018,0.0550942268125055,0.0368116394400488,0.0468106572325802,-0.00638245594786971,-0.0023648759997783,-0.00576798423684977,-0.0066708744332709,-0.00476333965246712,-0.00886322141053868,-0.0128264426379192,-0.00857067172974843,-0.017034534484762,-0.0175497700758827,-0.00826708529592675,-0.00771930095127059,-0.0137964438752133,-0.0102772779905807,-0.0107277275473279,-0.00742717800088683,-0.020934174132622,-0.0039269062447585,-0.00974839933346957,-0.0123859190220203,-0.00640619880198079,-0.0220840228764003
"2012-01-01",0.0582488512752468,0.0547047536559253,0.0284090249753817,0.0332075670771392,0.0487697489033887,0.0431358578779467,0.0467492785714161,0.0329063941021029,0.0457782508042349,0.0589783611751871,0.0337828884694102,0.0341757498496647,0.0644215503084335,0.0398957335424174,0.0383475754699911,0.0347061222167898,0.0919986519120037,0.0289404447160619,0.0350882747165635,0.0567449256092174,0.0375249283457597,0.0534850664257179,-0.00936903649729969,-0.0106235218360847,-0.01023233107428,-0.0115870655685298,-0.0159058187803387,-0.0174613287981415,-0.0196126623774962,-0.0110141133516178,-0.0258824323994485,-0.0256865373940982,-0.0126196635678867,-0.0111878065133109,-0.0214151345279721,-0.0140870630514619,-0.0119492222334608,-0.0115115821517131,-0.0421158058689899,-0.00922173397153143,-0.0134812670923138,-0.0191353412444966,-0.0112447491443559,-0.034473518040137
"2012-04-01",0.0372745976173718,0.0664266445141673,0.0309322945990761,0.0355427785373129,0.0374046863595208,0.0401219254225913,0.0516295237412819,0.0522643630168462,0.0487646882516866,0.0702902297773688,0.0326496765686235,0.0355375094462533,0.0550851956219863,0.0358653491381779,0.0456125163049433,0.0352609301083031,0.096484018032141,0.0291754124228905,0.0334752049538941,0.0551347685498298,0.0348394637364648,0.0402282232792687,-0.0164384174898782,-0.0204031033373333,-0.0130434589796775,-0.0151459616714268,-0.0161062804505859,-0.0170531355060788,-0.0235705746650589,-0.0200702796453126,-0.0322911594620287,-0.0372374300424394,-0.0143229607269475,-0.0149262376908321,-0.0213389525106943,-0.0155180893153663,-0.0215462279442422,-0.014719560101862,-0.0404518563061871,-0.0117227280328324,-0.014755863509142,-0.0226324440884297,-0.0141806121965674,-0.0239115624200743
"2012-07-01",0.0374169998179064,0.0753225712695869,0.0339195394325041,0.0370386787435262,0.0564074005525188,0.0539016899296787,0.0437974687814614,0.0461926630338303,0.0407584335672363,0.0545378179003319,0.0320240159236565,0.0417182606785224,0.0497413378845753,0.0343630730978845,0.051500318780191,0.0386790073666196,0.0569919911673916,0.0392765757683012,0.0390888762856537,0.0575727761488848,0.0411892172911406,0.038561286578598,0.00584853981503513,0.0116758578967081,0.00610119515378373,0.00617839894874174,0.0221360073984661,0.00609262140025575,0.00594401995210329,0.00568362146817916,0.00227946155553503,0.00950576713945138,0.00331512395582583,0.00639957172242463,0.00364486927563173,0.00480540760533614,0.00430867887590652,0.00709522279444861,0.00973171391922174,0.00731989376723672,0.00633796908358762,0.0162247546595462,0.00794494110147238,0.00613201465743312
"2012-10-01",0.0456644393121666,0.0768438362891245,0.0302894268520784,0.0343003318971824,0.0433837850158321,0.05102401106136,0.043413269169874,0.0476915687520746,0.0444235006437871,0.0584648750735683,0.0309602586268162,0.0372474946191161,0.0554618191068666,0.0331019901425834,0.0435579206326284,0.0389266737607104,0.077625576090363,0.0384137202581458,0.0400257239174931,0.0586800955857704,0.0350848956288565,0.0354147875636024,-0.00678167853693948,-0.00406782922239904,-0.00245207431269158,-0.00480916174789442,-0.00370327750440394,-0.00673082489159102,-0.00592478637768965,-0.00240840668495233,-0.00966771024842596,-0.00908612348452188,-0.00301538774891156,-0.00406532866481209,-0.00583633440206392,-0.00374912177872382,-0.0059534074669633,-0.00307258816169349,-0.0141873401005638,-0.00278283579449442,-0.00550558363735384,-0.00901064284737349,-0.00323126303204457,-0.00476920880859162
"2013-01-01",0.039020776726378,0.0664148595595423,0.0343812038106819,0.0354280548067404,0.0464630316198486,0.0483883336643766,0.0441204466273108,0.0489051411814243,0.0437451769930249,0.0578015297471824,0.0335905960310706,0.0392459729865704,0.0515908388258972,0.0349957621320313,0.04547415194545,0.0386457905248466,0.0762351647876194,0.0354234889172648,0.0377999201311853,0.058689866039775,0.0378943821723437,0.0457455107694354,-0.00829135669484698,-0.00960789039985821,-0.00831617568959978,-0.00881364880715093,-0.00978526726301392,-0.0111989851867097,-0.0110638842921639,-0.0111016567788959,-0.0157830670756886,-0.0154298801847463,-0.00949686817907539,-0.0103955227078826,-0.014296669544343,-0.00836124821609834,-0.0131848488733784,-0.00964262954799482,-0.0210567427926505,-0.00942850824504779,-0.0109453488852527,-0.0167183551248444,-0.0106449150728786,-0.0144733163031004
"2013-04-01",0.0386909706801451,0.0710422186468669,0.0309024609146266,0.0363540448551649,0.0520832298731526,0.0431061280734012,0.0462359756094181,0.0442114651100378,0.0426634903132047,0.0573134326317624,0.033844796276024,0.0383457430110501,0.0537888505156906,0.0362126928959444,0.0447346146347374,0.037174976567298,0.076694347132596,0.03217660318962,0.0375742542868194,0.0682873663236276,0.0383503901760539,0.0402119482827585,-0.00331864099722332,-0.00662388046014446,-0.0065076286992563,-0.00760235090837708,-0.00388708019777301,-0.00850114134866616,-0.0101625595283055,-0.0109450408695812,-0.0134466955256029,-0.0142557351516698,-0.00525726248489602,-0.00759359476787747,-0.00804582005117361,-0.00462143188278418,-0.00958620831662015,-0.00498757661329324,-0.0218555650575621,-0.00503741177336115,-0.00746187690149327,-0.009556028001786,-0.00642422466240037,-0.0119535854633685
"2013-07-01",0.0371180702859162,0.0723211718842675,0.0330202672693913,0.0368289162034182,0.041399575303156,0.0534652489216926,0.0400899421617471,0.0519909311241732,0.0424847136433844,0.0563087835987126,0.0320593751134453,0.0411457049450207,0.0546387211264575,0.0349496040163382,0.0472135260697819,0.0380359463202614,0.0779263025588333,0.0357718596632528,0.0388855987718777,0.0588118624677537,0.0399914757576767,0.0355424027934415,-0.00279923283722002,0.00292948962960265,-0.00391188854081465,-0.00411502478716226,-0.0075805518437215,-0.0032326337495898,-0.00348541399368262,-0.0115267285254767,-0.00575763516334345,-0.0105835791406988,-0.00285868569902561,-0.00227717670982585,-0.00444006751120993,-0.00482293404677397,-0.0047063374800277,-0.00332616483648495,-0.016387407116781,-0.00431518611929715,-0.00542752326531377,-0.00726832784265095,-0.00433686475131504,-0.00490335284404554
"2013-10-01",0.0379652900901471,0.0760104748269053,0.0306903135749751,0.0323548134261627,0.0423738762016588,0.0510665364487384,0.0407223234278501,0.057155509111325,0.0401184960338315,0.0585662956691267,0.0300342110474578,0.041799159389008,0.0586862747502271,0.032848654786577,0.0512596470561086,0.0403046159742143,0.0753639233640111,0.0374481461988479,0.0369160384371913,0.0566425278749571,0.038865674515591,0.032807197795088,0.000219834192908067,0.00405708278763041,-0.000556541641427151,-0.00173630676741088,0.000232406779229421,0.0016754718685758,-0.00169750566165969,-0.00809609536959725,-0.00386795804737871,-0.00472614563508617,-0.00160484168335741,-0.00302958759073524,-0.00223722752205904,-0.00179575462087079,-0.00614888027449802,-0.00285080425426636,-0.0136968916433868,0.000779649353662655,-0.00197555228706,-0.00466351971696472,-0.00166327570166761,-0.000389225558675024
"2014-01-01",0.0372874776787423,0.0697992754076256,0.0310426390008633,0.0326379051795828,0.0458045666297362,0.0509220726782552,0.0430462148995711,0.0541591720507629,0.0441344519116771,0.0539345132102976,0.0329442202977086,0.0401234776951071,0.0511082253314678,0.0337736895492779,0.046965027686648,0.0371991464306205,0.0723732076599628,0.0383723663598511,0.0358278269281594,0.0682095634952602,0.0370276280052767,0.0433073319135459,0.00176421699097212,0.00399070447542272,-0.000426574899916122,-0.000233671360504789,0.00144712146772334,-0.0017637379887393,-0.00327674518444934,-0.00554882533295989,-0.0031829357197591,-0.00250807297800244,-0.000919218043276052,0.000787308663516532,-0.000350737110151038,-0.00112215701461658,-0.000625239423220167,-0.000502469166745431,-0.00720723735227084,-0.000282404225065666,0.000209105843453307,-0.00275292509178879,-0.000167208961725675,-0.00888191084626364
"2014-04-01",0.0382615906940796,0.0777077518110927,0.0309543646813177,0.0323168820605999,0.0481355534693052,0.0445522952696363,0.0419380454256939,0.0400620651111639,0.0416622375083129,0.0610951388898786,0.0330947317426005,0.0387150459747198,0.0657343141197218,0.0344775137042266,0.0454037949650917,0.042652965215175,0.0701337318223189,0.0317204505453774,0.0347310693731211,0.0651568968842012,0.0382771229443613,0.0432164377880041,-0.00189947535374022,-0.00362158441346803,-0.00327455366451843,-0.00265013115539093,0.000203151872215131,-0.00250386263608398,-0.00456748708079023,-0.0048907590177988,-0.00600824070925032,-0.00506660111312822,-0.00336020101450163,-0.0032625989238819,-0.000480144365583521,-0.00193504148562907,-0.00359704446987721,-0.000544666812952457,-0.0100855740475456,-0.000913586880402894,-0.00218380778583848,-0.00868665463222766,-0.00365042586839706,-0.00143605142022004
"2014-07-01",0.0369317877211916,0.0748264991945202,0.0308938147475994,0.0350999559779172,0.0422377222236303,0.0460569121838605,0.045333115399753,0.0388262857877985,0.0462521676177285,0.0669186941747315,0.0320232846079183,0.0405117650109127,0.0529112669573524,0.0345896520029173,0.0525409637226096,0.0383771289431642,0.0748608472000801,0.0381043600118758,0.0366721940843348,0.0559035985476856,0.0345941378582505,0.0455338460241681,-0.00590381020503692,-0.00659678716932575,-0.00543491443638606,-0.00858224375945549,-0.00880788662136027,-0.0100422988030186,-0.0132378835778273,-0.00695396975987286,-0.0218839929717439,-0.0215428470412276,-0.0055530215006729,-0.00905067053181989,-0.00917720222534918,-0.00795147858138753,-0.0131136626017199,-0.00631641246250524,-0.0179364096786267,-0.00804576828957463,-0.00968324782925179,-0.0111185732260882,-0.00688287490071981,-0.0176898565980174
"2014-10-01",0.0369079291683385,0.0629587607793351,0.0318811886983297,0.0326017118293386,0.0568111611137952,0.047357392734157,0.0403197274014334,0.0460011395499375,0.0399089405516075,0.0612372676374222,0.0344564639230598,0.0394969967391005,0.0636709304844455,0.0332479485053053,0.0502904823167648,0.0400328996956479,0.0719392045572942,0.0430876072077841,0.0377222700328485,0.0584258025705126,0.0366140532655782,0.0350301212379638,-2.66886184214866e-05,-0.000849947276277463,-0.00231503354530775,-0.00179664020618269,-0.00026281267553643,-0.00214777989807717,-0.00413170587763755,-0.0096662692173523,-0.00683139601726692,-0.0125745448692555,-0.000288614893976907,-0.00345982320943838,-0.0117091212202936,-0.00170698695708109,-0.00671735438664087,-0.0035569273457844,-0.0165628533822179,-0.000478990866762726,-0.00430691627828117,-0.0121537788745606,-0.00138853919742233,-0.00317291227056175
"2015-01-01",0.0331994288461242,0.078142376866406,0.030035224495256,0.0338557428929729,0.0397853256768351,0.054242467960424,0.0448564792499957,0.0547410625402133,0.0426838524306285,0.0595164613784185,0.0320243023252409,0.0404525299564557,0.0593393373905986,0.0338375182457103,0.0461711385071612,0.0377944827346071,0.082235546659084,0.0342681580251653,0.0384596743581868,0.0527005660165561,0.0369888990909426,0.0346694243530172,-0.0105183620186742,-0.0206233325930153,-0.0096390575706319,-0.0107420584702814,-0.0129728122140165,-0.0145942404489967,-0.0128524065659631,-0.0225295831940772,-0.0203401880239087,-0.024886422184983,-0.0101553252028482,-0.0127309800594928,-0.020201474876198,-0.0108575371899559,-0.0180594638802037,-0.0116159058547572,-0.036633290007081,-0.011886754217501,-0.0135250501776544,-0.0212158778655107,-0.0111991234828555,-0.0123888137981323
"2015-04-01",0.04085538610481,0.0641207633941476,0.0323691587318894,0.0384407181317346,0.0511588719773943,0.0487221645767808,0.0435213468315455,0.0383812858421076,0.0464507304966495,0.0570520794606675,0.0356574335020847,0.0402867961941261,0.0526694218098043,0.0386318838048595,0.0554524362965162,0.0383428384314935,0.060988609094625,0.0442463633338362,0.036865191834438,0.0553500793760381,0.037943380165442,0.0424930606090096,0.00105595327988067,0.0026608101805123,-0.000834919467413167,-0.00199012868400576,-0.00141365001663621,-0.000332808815838959,-0.00241664421257974,-0.00292360144076145,-0.00806281758502287,-0.00569744504680912,-0.00303545420474264,-0.00269142540641103,-0.00344055312705204,-0.00229450953501954,-0.00694303475745954,-0.00127710251117141,-0.0049910657811119,0.00020199971976853,-0.00228042104269157,-0.00398849983500774,-0.00182537450890709,-0.00129785724629816
"2015-07-01",0.0374566754934695,0.059326803578028,0.0323538471336717,0.0550813264839878,0.0441280694700104,0.0442264444206437,0.0485069737532549,0.0454224561663514,0.0411045177305507,0.0608730320191403,0.0374767601046478,0.0354156724430123,0.0520280092931714,0.0379739894671343,0.042058772981275,0.0433355824201098,0.0734887647582814,0.0359203359422818,0.0369103210383613,0.0564783516800064,0.0385246877718661,0.041908605850744,-0.0041397235426252,-0.0099725566824708,-0.00520930921350148,-0.00641206192326303,-0.00717127702991608,-0.00988444272653001,-0.010143129849499,-0.0142833388527769,-0.0112066701346458,-0.017022234778085,-0.00620603143950737,-0.00562213977570314,-0.00937027743233801,-0.00526353025923184,-0.00952342321900696,-0.00461898944294588,-0.0178193639019615,-0.00503613488317649,-0.00584554110595678,-0.0083954108869778,-0.00384691298652397,-0.00675855981130537
"2015-10-01",0.0372740385909023,0.0659656761549688,0.0339243730825179,0.0413713021193759,0.0404591047935716,0.0516484449754329,0.0499485173892891,0.0455098679209499,0.040980771869543,0.0640463770377423,0.0370437103577317,0.041613661661109,0.0541794101065077,0.0380319777194348,0.0482127248338309,0.0375667145615133,0.0599959879763155,0.048420065474729,0.0373505999701848,0.0511534345045785,0.0366221756998677,0.0386810631999035,0.00374698425015,0.00602229261571602,0.00268391303151762,0.00133271188024828,0.00300538422239721,0.00247468603816208,0.0025479267717299,0.000878981395996603,0.000501191683178726,-0.000303130860015818,0.00314356935354962,0.00278366869880573,0.00477631930735626,0.00313914654733265,0.00338575810898274,0.00319258015578988,0.00150178594750237,0.00339459617773894,0.00335900459697944,0.00153729143989666,0.00215054968768353,0.00437759457507624
"2016-01-01",0.0368191261744538,0.0757866772174838,0.035758560053636,0.0464006367973873,0.0417932003078231,0.0578387579365946,0.0507418574311986,0.0449140428444272,0.0450604072464999,0.0591949601647208,0.0377674456672962,0.0408809678806405,0.0449488991275128,0.0367228217272933,0.044902240645718,0.036443350490273,0.0490112558487335,0.0427256463199058,0.0382094019489371,0.0536247280441269,0.0404123597427564,0.0400426563825813,-0.00604365973807286,-0.0087885985859863,-0.00574153255694582,-0.00713079457301232,-0.00495249439415245,-0.00682575665630042,-0.00985111083935918,-0.00944802519384747,-0.0109756320426623,-0.0164481742801315,-0.00560019106432162,-0.00747120943434469,-0.00828431962963365,-0.00573209557309534,-0.00916089831894072,-0.00663928077974401,-0.0154324987453644,-0.0068706231091597,-0.00556589796517228,-0.00893883129804449,-0.00459547408837066,-0.00797209455864272
"2016-04-01",0.0365095476203282,0.0632180494736338,0.0349439620236952,0.0469694143026542,0.0440674361324927,0.0483088769784591,0.0490835678895444,0.03998374369726,0.0437019581784515,0.0646788148006306,0.0372918961350956,0.0393683705162486,0.0526768725923014,0.0430710076150997,0.0400217572175281,0.0445803989098743,0.0540873306735135,0.0380000664320366,0.035339520155804,0.0559308059379868,0.0387617244301673,0.0494048782871945,0.00237433655099956,0.00303681526122892,0.000579933722246813,0.00080627454647327,0.00359753746667666,0.00144704618435719,-0.0029946036909841,-0.000874062849494166,-0.0048257762602301,-0.00407412259048872,0.000197742795519785,-0.000374368942700933,-0.00217681860510644,-0.000559765338345497,-0.000226102760422743,0.00337547997519368,-0.0039698254887827,-0.00177779627340641,0.000970537719035805,0.00178395408251556,0.00166587438486719,-0.00360402005351541
"2016-07-01",0.0386506139769581,0.0652968749041792,0.0323791130850054,0.0369265666368966,0.0480892542261002,0.0534461944098564,0.048383844876358,0.0451288066584005,0.042396873995718,0.0634292793455026,0.0383854385496342,0.035133893345721,0.0579094291693627,0.0387903710920203,0.0445520044961862,0.040982154289151,0.0600399446111227,0.0334347348097034,0.0384201736594393,0.0574131503467454,0.0379102892504016,0.0429009942655374,-0.0105664325927796,-0.013786174937189,-0.00846351570709866,-0.00960998678338782,-0.0109071331088306,-0.0173526051889771,-0.0142449031506693,-0.0182749178703426,-0.0138784137245228,-0.0260641232465667,-0.00996123455470228,-0.00861621580052127,-0.0176472746284192,-0.0117557668809332,-0.0144784942040316,-0.0123981687362442,-0.0254213785208263,-0.00828724789691125,-0.0118274390929716,-0.0158800061666183,-0.010529309526301,-0.0119939255792564
"2016-10-01",0.0355338596783601,0.0621934862769224,0.0339408461884008,0.0400526430777206,0.0449608391784606,0.0512601602871748,0.0481532550403821,0.0442393540517205,0.043771867020994,0.0633936222789887,0.0365575361180749,0.0393663277253506,0.0522742228636731,0.0390315287928532,0.0429716686343393,0.0411855845962136,0.0567802803950541,0.0467224063415785,0.034840974389431,0.0568726800359498,0.0389418149012312,0.0469550421271261,-0.00221305046969581,-0.00333573161258773,-0.00362567745261749,-0.0061564369940215,-0.00188494149651338,-0.0060586519419818,-0.00626381013158971,-0.0100906110939018,-0.0107339741126894,-0.0114779988444034,-0.00482188252439924,-0.00584525809321727,-0.00559249448498136,-0.00587005030782692,-0.006892878845709,-0.00267248096806449,-0.0103264164077567,-0.00295872484881247,-0.00414826186289327,-0.00841511179013647,-0.0048300959330083,-0.00297987768403671
"2017-01-01",0.0368172937307311,0.0938373526436734,0.0342962409462436,0.0401723135673718,0.0482786953997512,0.0603401443665747,0.052446145246364,0.0348987561821234,0.0413212224059909,0.0583444647050482,0.0373656295298364,0.0412319867965399,0.0503294321588435,0.0365786720840976,0.0415018638939395,0.03683745109168,0.0432026654422013,0.0350689812492634,0.0380103085600638,0.0540975141690536,0.0390833545095895,0.0459395113210191,0.00586494307571137,0.00864565091967742,0.00371840578952938,0.00392385036838261,0.00836392925005644,0.00404873221900287,0.00262553291830815,0.00296264110109849,0.00175590870441637,0.00198262649599808,0.00271071460286108,0.0047427248698445,0.00709012255400508,0.0044895978861226,0.00400255161608813,0.00543098663730978,0.00399747110658056,0.00441975633776849,0.00499500403364342,0.00576399798731054,0.00485055531667672,0.00243222990068203
"2017-04-01",0.040244140968923,0.0664674294665497,0.0341569828974754,0.0378612333304516,0.0563228871613266,0.0481572442359011,0.0440926251911015,0.0427159400975884,0.041783676067444,0.0556519438175603,0.0367485087729806,0.0406691898027225,0.0541644124771269,0.0372507151976838,0.0467147032875473,0.0393749299854639,0.0641822919716131,0.0366686696319371,0.0391433312676672,0.0553863103912573,0.0392067426460761,0.0430360913336028,0.00161326804127625,0.00539961899240893,2.35260275430878e-05,0.000447357240411565,0.00422480771600399,0.000662284020127291,0.000648578859661095,-0.00260284545697389,-0.00459216401519714,-0.00228578676092599,0.00103620030262459,-0.000347336261075322,-0.00250714999281461,0.000509693898226452,-0.00248694924874692,0.000935007419033487,-0.010490314635219,0.000719549414332219,-8.36919633239796e-05,-0.00149286361736762,0.00031750397427748,0.000445425534881862
"2017-07-01",0.0385140629991481,0.0652052625920943,0.0349904700881246,0.0436953875235063,0.0543613365971146,0.0518243627914473,0.0472681493536301,0.0397517687469306,0.0438618583477287,0.0570911914984965,0.0399316810835746,0.043262360898575,0.0466954760485616,0.0382833353555225,0.0480308036250584,0.0388911109054597,0.0514027117724595,0.0417291851020197,0.0391357801135017,0.0511527373276319,0.0392363995122075,0.0456845677172069,0.00122945028133937,0.00248749666599253,0.000970743534649308,0.000515940708496412,0.00134377693098104,0.000812437372726539,-0.00041917766148968,0.000189346756886966,-0.00352622903694797,-0.00206357855956858,-0.000132108329863174,0.00106821257691051,0.0017878927293231,0.000756175257722167,0.00307563226703603,0.00179954340826366,-0.00209606541858395,-1.85229734594208e-05,0.000189840231877691,0.00186087418884628,0.00120267057452805,-0.00062036524436917
"2017-10-01",0.0379825695779753,0.0717502776341162,0.0321351594436104,0.036905796285352,0.0513932451185631,0.0512975995180038,0.0482540029192179,0.0408214446715191,0.0412681976276625,0.056130097535907,0.0333315064900742,0.0405322183709497,0.0554404909791861,0.0378849737382619,0.0400770370526045,0.0420645067113878,0.0645945443109263,0.0355345757559426,0.0351005412297931,0.0626999338532569,0.0445695187481542,0.0402317624275354,0.0123123635122658,0.0103051826466241,0.00753145597326869,0.0065299976860412,0.0175607801831672,0.00757869635324414,0.00658309181522145,0.00770698938280414,0.00604086023814608,0.00403596488186132,0.0078365417972589,0.00925123591771882,0.0106619407915025,0.0102118498270096,0.00928229892101719,0.0150508177803071,0.018681927075385,0.00917484535721216,0.00764039927956071,0.0157220404348693,0.0132347210316624,0.0101989497351068
