"meeting_id","T1","T2","T3","T4","T5","T6","T7","T8","T9","T10","T11","T12","T13","T14","T15","T16","T17","T18","T19","T20","T21","T22","T23","T24","T25","T26","T27","T28","T29","T30"
"FEDm_1",0.017257939207369,0.145017108284259,0.0310478806090649,0.0197426837863522,0.01870328221264,0.0381583089041598,0.0219809895889016,0.0315737994848457,0.0385682131822403,0.0252005615423599,0.0204031278552649,0.0191297240256307,0.0202042968279415,0.0198634788437682,0.028100164112512,0.0285179872516664,0.0166751706860586,0.0269606907711899,0.0283841333919738,0.0281150129720448,0.0193890659860346,0.0256058350583324,0.0208177826582062,0.032938775795073,0.0200943609783113,0.0274710440079068,0.0199277719346649,0.0163312206887342,0.0221460268339322,0.171673562518561
"FEDm_10",0.0198343576611949,0.126549739728176,0.019160820668739,0.0260568674652791,0.0207670821817302,0.0356455046875524,0.026087757244678,0.0299781849201555,0.0481320113960714,0.0231733035783627,0.0231085989979349,0.0208971621264956,0.0203364859706526,0.0176712308572942,0.027693061574323,0.0232306821252984,0.0197778626803005,0.0242107037235393,0.0253474514784009,0.0335506994411928,0.0210235733796967,0.0237145645032119,0.0189916224102443,0.0359978629482794,0.0234229424096933,0.0244981986424203,0.0202625789239989,0.0167051861942934,0.0289880746933494,0.175185827387441
"FEDm_100",0.0194534649576158,0.123697950140895,0.0227610663736592,0.0250075197404507,0.0202133787856949,0.0298254824631181,0.0360348302787956,0.0271971428698164,0.0639829556310104,0.0228185048288803,0.0255651813603275,0.0212058424980646,0.0205845615536088,0.0211718965144788,0.0304281001764794,0.031160541489467,0.018827903689871,0.0222771185321534,0.0284586584077007,0.030113195937147,0.0228300530069206,0.0289915604813778,0.0210439513530366,0.0399356776722001,0.020423736455867,0.0231321141545921,0.0223906865561983,0.0200548702097606,0.0237690299156843,0.136643023965128
"FEDm_101",0.0213311755230651,0.121938703591532,0.0237575845457711,0.020236331626297,0.0243005985760779,0.0285877553650219,0.0286521528087454,0.0348167011037926,0.05930048902737,0.0236680648060644,0.0245675074749236,0.0207177370094082,0.0217935836012212,0.0234044836655601,0.0300728135368174,0.0307881893710231,0.0187938842921681,0.0255119282571721,0.0253277612205923,0.032611259186494,0.0219590286845133,0.027118135103617,0.0201493602871471,0.0372562098826503,0.0205016755502232,0.0258919785521976,0.0261592080333486,0.020816446620506,0.0268382374289948,0.133131015267684
"FEDm_102",0.0223843826444641,0.122279111952466,0.0229147640049517,0.0239062918358051,0.0229678360491039,0.0275047740685739,0.0254862378394146,0.0345544860195185,0.0801494828881191,0.0222685513215668,0.0242310568330259,0.0226956070815689,0.0205810001410369,0.0212652023491188,0.0240807060054898,0.0290677287446819,0.021372123379828,0.0265540384292545,0.0212784141900537,0.0323824578737552,0.021341595909597,0.0294821936257097,0.0200790026644363,0.0401179378471638,0.02310701178293,0.0221249965288368,0.0267531345825593,0.0205812634831598,0.0238575047827976,0.124631105141012
"FEDm_103",0.020203032777026,0.127188576400213,0.0208359633270554,0.0257460192165221,0.0179313657227659,0.0307341099414874,0.0298831217684248,0.0322402954629576,0.0968962539712172,0.0230449463286476,0.0229107925666502,0.019537199622732,0.0205013965025783,0.0206955233508257,0.0235594291687757,0.0271171078460171,0.0194243677708277,0.0253029765789573,0.0216015381596977,0.0301626604233536,0.0181752084817152,0.032118326826274,0.0199435883798118,0.0291693404811297,0.0243113707789539,0.0246722815079027,0.0226139485700427,0.0205380327834455,0.0266652639621662,0.126275961321826
"FEDm_104",0.0208250680676197,0.136388649955942,0.0192316271560308,0.0235655584073661,0.0191900825408936,0.0329752293455333,0.0257495427114808,0.0268474479245309,0.0753061944485166,0.0253122308692229,0.0202365314690325,0.0209739413760745,0.0177292537735553,0.0184904327595796,0.0207517719739056,0.028677509659604,0.0176920576506388,0.0205656960697536,0.0229396403945171,0.0372052560220481,0.0224992912214503,0.0343214244464946,0.0228712693406764,0.0285047222686415,0.0215675294134097,0.0229778288973018,0.025002948386689,0.0191289879145263,0.0343053288901225,0.138166946644842
"FEDm_105",0.0201227218860445,0.145500449305788,0.025378126364215,0.023317036291752,0.0206868435207117,0.0279681321970459,0.0270068065590709,0.0303045270472022,0.0751506732613474,0.0212227366416562,0.0271785571130806,0.0215819533293633,0.0218293907737856,0.0240617019246416,0.0274575839761476,0.0252557858299451,0.018962748777213,0.0224725082190921,0.0231943185963266,0.0289541874900648,0.0203922989176847,0.0325687990085523,0.0211982547028561,0.0412317608962578,0.0203540407432708,0.0262168383483053,0.0230492991031075,0.0192071236135913,0.0282044152616329,0.109970380300248
"FEDm_106",0.0187257362681239,0.153367146202617,0.0221515261139784,0.0235869538686983,0.0239318743766123,0.0292934514451732,0.0308755850558671,0.0294774665178738,0.0653507046794508,0.0228888409035771,0.0275116699209551,0.0206424463132974,0.0202081316983785,0.0201789269498646,0.0240877277614688,0.0225816548397665,0.0211845171237163,0.0245826299884279,0.0209896005009055,0.0270865075227361,0.0184334747577024,0.0302793302514977,0.0241334210345933,0.0368700114183504,0.0219468262470086,0.0297836250580263,0.031433457857125,0.0202859307945521,0.0248334425815388,0.113297381948117
"FEDm_107",0.0183522383542759,0.170699272648894,0.0227097510766755,0.0277677338974739,0.0236736580209961,0.03436616848463,0.0257450989833656,0.0290470961828506,0.0659046236078746,0.0189996491870771,0.0256386785526961,0.0197056061182343,0.0205734146744908,0.0190406919098969,0.0234237493388588,0.0267973439539417,0.0191806917955413,0.028603713955308,0.0218654032266525,0.0258910998057631,0.0196057334865163,0.0341021964613741,0.0201641275547465,0.037871724862904,0.0209059261490759,0.0207427241937043,0.0259862154520279,0.0197512402906453,0.024575342580646,0.108309085192863
"FEDm_108",0.0190556073404921,0.146982333688307,0.0234388910841225,0.0252991514750438,0.0214923107634678,0.0290985330050971,0.0278986751682452,0.0292740380177014,0.0664024132548394,0.0209532803552318,0.0257219710131774,0.0190771236161213,0.0191782588606446,0.019496095851462,0.024861301088572,0.0258530543834312,0.0189683219609389,0.0232159358614222,0.023617169513006,0.0248082693071992,0.0195111309879466,0.0317521070874326,0.0221120260174307,0.0405667531299808,0.0201355010616139,0.0233698933381906,0.0236922849845465,0.020199517134371,0.0257024526040752,0.138265598045889
"FEDm_109",0.0186648833980933,0.165308970116763,0.0215002474111534,0.0214317694545522,0.0204539627192253,0.0275743707971756,0.0301861351569139,0.0277264457036475,0.0736961498256395,0.0186056786757468,0.0253149411355621,0.0220279832442612,0.0209104197947765,0.0213290104821534,0.0215215021689913,0.0225250085059725,0.0176533210538804,0.0237073323489545,0.0219277393985177,0.0311586936875925,0.0202893386615289,0.0342308852334679,0.0208968608188075,0.038681444675234,0.0224480430087314,0.0232661539083106,0.0197318931491184,0.0217426605541158,0.0247236010121944,0.120764553898918
"FEDm_11",0.0215088357898233,0.156203535064812,0.0183166836728767,0.0202946837502356,0.0194842499683771,0.0352465880194273,0.0218922244201414,0.0296338575412609,0.0524048045131826,0.023839166383503,0.024132835821479,0.0207248057308433,0.0188508938427046,0.0194149063822452,0.0277217591113634,0.0288654253311343,0.0202694479232994,0.0233408557665129,0.028154960758376,0.0256015138817406,0.0192990655254892,0.0271183545853691,0.0200593364945415,0.0380163835829283,0.0203373834417503,0.0231404854460533,0.0208177467886723,0.0173459169919801,0.0307256392046504,0.147237654265227
"FEDm_110",0.0190374577199586,0.15084373532071,0.0230231244697228,0.0251542057662819,0.0216583138792086,0.027970019548892,0.0236322819763144,0.0354132916084478,0.0627851894132444,0.0217823419649293,0.0240597374699286,0.0199830974891952,0.0182102849244224,0.0192808384179627,0.0270845787157402,0.0273952649629904,0.0200436874754866,0.0277431523570984,0.0244547128123598,0.0264770981645815,0.02191621194585,0.033695008018396,0.0229157167506032,0.036047520777612,0.0234689873686186,0.0251358657920445,0.0222552862591973,0.0197886388367919,0.0239767956390629,0.124767554154348
"FEDm_111",0.016294026886006,0.168967710210657,0.0204064932274534,0.0214430422350417,0.0185232395111001,0.0278459726692189,0.0243776724940357,0.0282729630857219,0.0747877109830537,0.0194538018013452,0.0235597108364041,0.0205267300455157,0.0225370264408304,0.0201028652030494,0.0232613600928295,0.0265599107061305,0.0184033721146801,0.0239624285788546,0.0233950007045027,0.0285492911100323,0.0198092225772513,0.0356868826951778,0.0200807950659737,0.0290825125787161,0.0179049860102355,0.0230185463994272,0.0247241995357914,0.0194765838095697,0.0259547926003362,0.133031149791059
"FEDm_112",0.0176419451216917,0.172592803339525,0.0196721867423704,0.0223211647939194,0.0220264658504972,0.0309735095172366,0.0272126983712864,0.0313760367819001,0.0573719604164034,0.0188222977259609,0.0262488696407837,0.0180638000951998,0.0204892441321864,0.019316398070002,0.0226900546292904,0.0259992343653793,0.019409103470582,0.0306638290843678,0.0286872685197713,0.0285380453030516,0.0179786621968093,0.0347288070655067,0.0203710334982169,0.0305135914762453,0.0216412469495526,0.0226990914913891,0.0218693084590036,0.0186144608551139,0.0338449943362276,0.117621887700529
"FEDm_113",0.0178379764490749,0.156852406628065,0.0216484706024102,0.0216752468226117,0.0234071620683179,0.0280639113016196,0.0255752999823111,0.0317394504316395,0.0573856067842956,0.0200673211659123,0.0219953464476404,0.0193089608926524,0.0196942019305437,0.0199308502558678,0.0215953769406965,0.0263926274466165,0.0193813892638252,0.0254654182815851,0.0269998707735518,0.0338571910140581,0.0200238593764619,0.0366773495288471,0.0207974546588358,0.0318132480953855,0.0182289960072421,0.0229145687840551,0.0217814000584342,0.0215471553165556,0.0260675473025445,0.141274335388343
"FEDm_114",0.0191930327841898,0.165014027511347,0.0222086954954833,0.0245723579947029,0.0207398050675134,0.0269572500470216,0.026458223409355,0.0283073222609541,0.055847973112641,0.0210473306396438,0.0223323585273702,0.0194105986632847,0.0202072743936577,0.0195649031492812,0.0265871288000304,0.0267492863144739,0.0193505227493532,0.0245877795820994,0.0214841398708884,0.0302600496901552,0.021271428884726,0.033914244685479,0.0217445747893868,0.0257610401446827,0.0193479483183597,0.0325660750180279,0.0209277498727255,0.0193546238177581,0.0292704335433797,0.134961820862028
"FEDm_115",0.017259692862775,0.160170429637764,0.0203061490248668,0.0247957997052643,0.0194806256938269,0.0299530246071316,0.0271431875398708,0.0322147528214963,0.0551405503344629,0.0211424706711798,0.0218401752709538,0.0198305668058269,0.0192643983349975,0.0192869929957587,0.0231617840397683,0.0262394538339781,0.0171272138787746,0.0253095240418878,0.028050095322215,0.0307884330023948,0.0238719637943488,0.033948252161467,0.0184848717072008,0.030766888978629,0.0168693510523359,0.0214162276360788,0.0205533019047055,0.017988514526487,0.0281653330635385,0.149429974750015
"FEDm_116",0.0154993331046452,0.189338855833586,0.0177654911513515,0.0248702145210475,0.0177609095786301,0.0270938046404544,0.0314833909875283,0.0318144162858661,0.0523543468724754,0.0179179222578525,0.0227251386818203,0.0154574161090699,0.0174032722362896,0.0194055528437747,0.0209438971656748,0.0298492609171268,0.0173772836742102,0.0215587947699048,0.023495596227881,0.0251107693636504,0.0187925431261994,0.0364465174599719,0.0168570138171929,0.0330326265577012,0.0190601213798009,0.029745558234007,0.018292776176113,0.0163775700742578,0.0205195008954519,0.151650105056464
"FEDm_117",0.018279722350161,0.163970447278318,0.017715637309752,0.0199547851018089,0.0211954757329336,0.0300210358479179,0.029046490567518,0.0328471908866708,0.0515155651845068,0.022781837562947,0.0228967554424325,0.0204352357337422,0.0209527065939015,0.0196080584278976,0.0307141665686474,0.0239637936927776,0.0189257743516482,0.0264775115293092,0.0276075114045097,0.0309889066426892,0.0229093017503307,0.0302218590610247,0.0211618723321681,0.0268394480170077,0.0194891790575731,0.0351316122685077,0.0208399703027742,0.0176793690687728,0.0269725002761924,0.12885627965556
"FEDm_118",0.0176411000728082,0.133907620866569,0.0184115448622929,0.0209897025141126,0.0206153240892088,0.0309567216205446,0.036438056919404,0.0309177484728411,0.0391747019059695,0.0405092647658499,0.0219283403611155,0.0181574482165001,0.0184230715893376,0.0174990103893308,0.0302628555700019,0.0275785685184416,0.0192268656451289,0.0243484748264941,0.0252475875759194,0.0322859459945825,0.0216273553946719,0.0306326208658795,0.0194786043009765,0.0302622933440235,0.020784232110009,0.0469420345390625,0.0202501655166032,0.0159136787700903,0.028109179346685,0.141479881035546
"FEDm_119",0.0170423557172807,0.145478466051942,0.0173047063717136,0.0203577245487903,0.0199901164498955,0.0307832879902605,0.0273694810417303,0.0252780600260925,0.0558428176543714,0.0321832367998786,0.0207717459183259,0.0180170626746424,0.0190309722714609,0.0177698502677099,0.0257416770526192,0.0235168326800672,0.0176271306342946,0.0280801386709024,0.0266319564832192,0.0310652716589339,0.0214394566540306,0.0302820398220086,0.0177985768502689,0.0387995462542455,0.020515077028545,0.0354777973851287,0.0252007517321607,0.0186204517405333,0.0221057551754929,0.149877656393455
"FEDm_12",0.0166802209193138,0.139798450139644,0.0194985003747667,0.0249519178897937,0.0196566986961419,0.0396847754962838,0.0259234136655128,0.0279330189082422,0.0469633971693815,0.021972505541564,0.0250447591669604,0.0187332275187056,0.0194078316137566,0.0184433120002546,0.0249160821385826,0.0235778770100297,0.0197991546148572,0.0222303032159205,0.0234825374412983,0.0330525127629497,0.0203850825720499,0.023900225108467,0.0186681950722616,0.0409684232912601,0.01994163941211,0.0242013652819354,0.0190817685002843,0.0167778551556127,0.028212110945082,0.176112838376978
"FEDm_120",0.0167392796369027,0.149749258698456,0.0192503759301707,0.0198415124261654,0.0200905470713244,0.031308228129051,0.0294135869616263,0.0288375704881883,0.0593643702631288,0.032745272967949,0.0238495338373679,0.0166998321183061,0.0198782834685436,0.0189690002289482,0.0257490492927542,0.0229499880173088,0.0187425016682012,0.0245348307628882,0.0249535522723171,0.0319358105555842,0.0205733286420293,0.0329027288352808,0.0189787421991126,0.0292708015155348,0.0201057574047146,0.0363323325402317,0.0192644267377569,0.0175154233772687,0.0236945751094406,0.145759498843448
"FEDm_121",0.0172741149070551,0.143868701550303,0.0219843395662518,0.0200928127836027,0.0214432741259843,0.0297228845031119,0.0308266682585347,0.0284155390565844,0.0551252627111353,0.0284907177424682,0.0237659992254247,0.0197696903738999,0.017864355757764,0.0200442453940526,0.0267447600888741,0.0248898638260679,0.0190539060397725,0.022619784399812,0.0245144652468761,0.0335960951160006,0.0199112924096338,0.0374411756828034,0.0207475105378233,0.0410167711764796,0.019585177563953,0.0316761347349067,0.0206454258098889,0.0184847640254989,0.0242058022150194,0.136178465170417
"FEDm_122",0.018099428633147,0.119343679301659,0.0178978524886535,0.0192699585078096,0.0219033970797163,0.0372201998359516,0.0333615798982835,0.0338118903438271,0.0660483414849719,0.0380602903033766,0.0230949576534571,0.0179126139305315,0.0190057633990443,0.0188107649548635,0.0254014561470118,0.0245333007820104,0.0192940452446545,0.0266022764132076,0.0233934463281829,0.0348621006113257,0.0220630688943104,0.0394960839247448,0.018800217980507,0.0402515261255562,0.0184552992508676,0.0302305367095889,0.0241812407334039,0.018121241042479,0.0210269577618702,0.129446484234987
"FEDm_123",0.0177273855813986,0.1362149483773,0.0218017561289049,0.0189038921522987,0.0194339704817591,0.026175566308375,0.0301943022158286,0.0287787795942199,0.0554579266162615,0.0330157302563103,0.0251769879299321,0.0194411505378335,0.0193814952663617,0.0171490341874761,0.0294028381629248,0.0248887395505865,0.0182729108227758,0.0246412005186515,0.0236883058331695,0.0320900004318163,0.0198438788383436,0.0317500886400196,0.0190616093318448,0.0433174970810341,0.0194638729350714,0.0251040355639267,0.0201677340652664,0.0185339970327114,0.0242803437376108,0.156640021819987
"FEDm_124",0.0162343741423492,0.124914359933913,0.0195969577332139,0.0204273040929185,0.0197682559420304,0.0344400512117843,0.0371747718859426,0.0285303379929991,0.0678044138988039,0.030748405789686,0.0230253169200143,0.0193410411104231,0.0209871692631382,0.0190231338221716,0.0297284054870774,0.0232113764007413,0.0172100417079704,0.0239075545639396,0.0264435940328468,0.029576973301959,0.0205889936476361,0.0341906134496195,0.0167050314009461,0.0305415085762452,0.0208628940972842,0.033086025187696,0.0212807409670412,0.0188365499278578,0.0268137136709409,0.145000089840811
"FEDm_125",0.0186417261446043,0.127432153867479,0.0224890490634261,0.0204872172817304,0.0220953746847345,0.0269917500801198,0.035509775692777,0.0273679926494322,0.0734204865611658,0.0302011922835295,0.0255310534795576,0.0188076653755792,0.0203234300515098,0.0211440169118273,0.0285411699235642,0.0232621453251533,0.0205486494466436,0.0331355094097239,0.0262177065151962,0.028171100967273,0.0226305259154202,0.0310422797319774,0.0200488591239142,0.0312289524208675,0.0199129269396492,0.0328749570962799,0.0223527584902255,0.0181200633724487,0.0275058030007234,0.123963708193467
"FEDm_126",0.0197582998537087,0.125708998845747,0.0211927449867823,0.0211511905933127,0.0250857719521624,0.0345112484307125,0.0443557912018021,0.0298183507485065,0.0543822313587563,0.0386143230582686,0.0261281134110769,0.020471602002423,0.0200367117990034,0.0218617304322096,0.0291449268522175,0.0239174672770065,0.0197810952717542,0.0270882961695617,0.0231341274969573,0.0317378774953909,0.020372097412029,0.0312546747576577,0.0223917037835802,0.0331223799067121,0.0225285497803742,0.0299715830460991,0.0233640560413649,0.0197685477784172,0.0239370298207435,0.115408478435662
"FEDm_127",0.0189943105857061,0.0952025348573026,0.0220915178662466,0.0187093987444266,0.0212487809641803,0.0335607553259764,0.0411034173672685,0.0297089565262633,0.0463957854114796,0.0681531661528034,0.0228700572913699,0.019389588193605,0.0213888471099581,0.0185067726100034,0.0410474138434614,0.0235028382983975,0.0204881429272069,0.0303957109911999,0.0229764401157358,0.0361824015163658,0.0207057764457699,0.0311951664609152,0.0183771235647883,0.0397629660742039,0.0188771113886728,0.0299980664789205,0.0193803583741799,0.0170318031482984,0.0255298053839978,0.127224985981296
"FEDm_128",0.0195422715107577,0.1081816125179,0.0182112079324133,0.0213746305579199,0.0214855498220463,0.0277766553380435,0.0416327344272294,0.0270255122252967,0.0540277330499856,0.0469511408787666,0.0245116019216641,0.0195723657554087,0.0175350030296254,0.0166010052471222,0.0346388103103784,0.0200834967209542,0.0199712865514746,0.0264992538224955,0.0230428833902016,0.0329906703927379,0.020447943489382,0.027107916051029,0.0224944249812278,0.0417807228102954,0.0198526346262768,0.0355431387556615,0.0209606742236525,0.0181733156651131,0.0242045898237459,0.147779214171195
"FEDm_129",0.017776724217357,0.114092903162876,0.0321238304109736,0.0217420378691259,0.0199518992953687,0.03360777442668,0.0439632479679116,0.0278181108175104,0.0401913345887892,0.0448844561462971,0.0281497886876091,0.0183774564282737,0.0200650186912242,0.020078315987787,0.0330225310431402,0.0221542616591071,0.020709236765748,0.0245692120752113,0.0235466720837505,0.0323700798127128,0.0200530962378229,0.0351974426618532,0.0219076831102234,0.0352536581651104,0.0196527281308333,0.036901751426533,0.021244508338581,0.0181256450601914,0.0247932642935735,0.127675330437824
"FEDm_13",0.0191587182458164,0.160391379992479,0.0212309546070441,0.0238488223894055,0.0201658282253601,0.034376712547873,0.0254976745201442,0.0281660375226871,0.049387961483362,0.0230863648879982,0.0271216467196401,0.0196626893500656,0.0217223547327073,0.0189230755126564,0.0245541993691853,0.0234700947739075,0.0183448160299914,0.0215992304065678,0.0292933196895478,0.0274236987421688,0.0189759724665574,0.0249493756096429,0.0212331298122889,0.0362941071675474,0.023778362655264,0.0247968577634166,0.0184362930586401,0.0181230761519042,0.0305908013126617,0.145396444253469
"FEDm_130",0.0178626706269616,0.122770603387204,0.0229809849618558,0.0184588271989828,0.0193944737324832,0.0317264886201336,0.0495400435661009,0.0272487879178484,0.0452998351433161,0.0529603994372555,0.0222160874842327,0.0196908034466364,0.0197109981386544,0.0193837569833521,0.0309137234513007,0.0254564376038484,0.0198844731190904,0.0270912705170001,0.0250885493759056,0.0363671676691261,0.0203286135424424,0.0335706403147437,0.0218922927517361,0.0274856313231025,0.0217702614912259,0.0355151788848392,0.0236667367454179,0.0158460046923218,0.0290529222202057,0.116825335652676
"FEDm_131",0.0180302830482596,0.115101449345677,0.0254768145923788,0.0201176912163589,0.0187538572298555,0.0299419574151248,0.0465750696293146,0.0331758593889181,0.0337768958533101,0.043080953627054,0.0246980741649097,0.021423534533462,0.0203808227211863,0.0182945453759155,0.0292183603174613,0.0308963589722683,0.0200123561193832,0.0272770746036672,0.0252800187310795,0.0362808497470358,0.0228573735419896,0.0332184023992488,0.0220242625134295,0.0308372878636736,0.0199476232044412,0.0349421135128734,0.0191984792009841,0.0200619037118752,0.0216016072473197,0.137518120171545
"FEDm_132",0.01755103570388,0.126765974990919,0.021151398156374,0.0219828454793775,0.0186196180025617,0.0282838318482807,0.045034010122494,0.0301534743353251,0.046681419715282,0.0431302521367149,0.0245010755976739,0.0211519806002525,0.0193096549635788,0.0162166467844851,0.0353843906509333,0.0287418760682424,0.0198676818104279,0.0266478233655623,0.0201243670437785,0.0367634272732558,0.0233695887189002,0.0310585383297117,0.0195797254719591,0.0311548981678535,0.0194231778629641,0.0357772137695601,0.0201374704221875,0.0197186512906947,0.0209755734606286,0.130742377856141
"FEDm_133",0.0169433063274037,0.157453543588186,0.0248077946064887,0.0195232934463694,0.016754146043223,0.02646151459384,0.0402205421136458,0.0327695401335191,0.0400562866295433,0.0405301611375153,0.0252996192893664,0.0190584027775479,0.0232166792303025,0.0188333473690737,0.0296985355732294,0.028839455423801,0.0179769854957238,0.0306363721442987,0.0219757790051394,0.0305550489635678,0.0217555451646258,0.0323888118153554,0.0188574555402126,0.0300660688223623,0.0190782672515695,0.0349351518867862,0.0178327966089501,0.018407368206793,0.0247357066547753,0.120332474156785
"FEDm_134",0.0161820196195324,0.150697467882789,0.0243322064868917,0.0162815032669146,0.0170902743185822,0.0333153902309435,0.0426927989200896,0.0337153591611073,0.040987816760854,0.0378557901375373,0.0223233380997181,0.0182876418127356,0.0202979212678185,0.0163729390909099,0.0322048302289011,0.0294784534911547,0.0159714029069037,0.0238019682492666,0.0203429377728762,0.0329947744636753,0.018486334129332,0.0361192153254099,0.0170619432513208,0.0265127220423643,0.0198498162480832,0.0308441585307435,0.019427324464891,0.017755796179411,0.0245033287410717,0.144212526918171
"FEDm_135",0.0173135225472001,0.14184951892673,0.0215372228633869,0.0178162757978193,0.020762754386517,0.0307580839672108,0.0367472555853907,0.0270670665835885,0.0362989003934897,0.0402271796747769,0.0276099809740328,0.0175484325366704,0.0208241011227293,0.0174171410853058,0.0248432088264276,0.0292470558027356,0.0190027448009251,0.0254192612596591,0.0284915848223614,0.0317248393901432,0.0203137931531774,0.0306739848154795,0.0187431653855653,0.0312593379566098,0.0170751910069748,0.036512032663503,0.0212407645579032,0.0181475290440253,0.0213372092413257,0.152190860828335
"FEDm_136",0.0178212111991879,0.145377559292495,0.0212984861458941,0.018689280471479,0.0186788458797103,0.0302168694379447,0.0412300824243167,0.0310463096940816,0.0367061222570373,0.0517184635582773,0.0233604546347123,0.0194594378475935,0.0186304855842021,0.0163001477149705,0.0271505936179504,0.0318571590721376,0.0186138722536004,0.0250484545040984,0.0248865626704151,0.0283742952968152,0.0233962316174319,0.0337496196505659,0.0176003280078553,0.0327213143308677,0.0160759534641665,0.0317019283845127,0.017615504861135,0.0181161493539313,0.0251314677279586,0.137426809044656
"FEDm_137",0.0159912353489915,0.144331239762212,0.021284945936537,0.0216515111283248,0.0173007621840136,0.0254653826481923,0.0446950397921644,0.0277099190443474,0.0490604765042351,0.0427565319967904,0.0242546805623056,0.0172480771188466,0.0187949066626992,0.0167870263126087,0.029919586055562,0.0341441633679205,0.0175219238911427,0.0228620288242896,0.0202238440637913,0.0262293176901608,0.0206959128313127,0.0263690246204874,0.0188575559952409,0.0353243775964468,0.0179922847059905,0.0419626332458081,0.0228837576955992,0.0167052090167701,0.0222172049413303,0.138759440455879
"FEDm_138",0.0176450745989515,0.133642954645112,0.0206391189985686,0.020983873492182,0.0197874705792335,0.0267680626601701,0.0372061684771851,0.0278876836277156,0.0523042057049006,0.0397766225574057,0.0258506066219403,0.0183825815651303,0.0251220393995707,0.0195400731706603,0.0270550970668944,0.0313956247829809,0.0190971817373337,0.0247385626267826,0.0225452379793085,0.0277514582085352,0.0193608847784857,0.0310486650394269,0.0170605936211188,0.0415689120635164,0.0190012274336686,0.039186585804092,0.0212330433724425,0.0175969765173797,0.0255689237477943,0.130254489121514
"FEDm_139",0.0188163759428516,0.117698696970259,0.0203748849392727,0.0199215474698862,0.0204617684382462,0.0246242432065773,0.0376935109786421,0.0286253553800052,0.0469577665590528,0.0330513643888574,0.025555897512452,0.0201675954389149,0.0294765047899391,0.0175623890321446,0.0301734526060716,0.0334023186143482,0.0183703355243015,0.0265667243846362,0.0214909031564633,0.0302410012584414,0.0221022242691641,0.0336282994196002,0.0202501755244291,0.0319649315397818,0.0232582586840701,0.041282360608614,0.0212889727926568,0.018368560479665,0.0232210113676919,0.143402568722964
"FEDm_14",0.0185209434695782,0.15339800365819,0.0190582445674165,0.0218905023407068,0.0209520794372523,0.031633247661153,0.0226652209056998,0.0333390224949363,0.0432395179983923,0.0243820106080332,0.0253431170288705,0.0190222688443682,0.019844890454173,0.0209112930381794,0.0241968515022532,0.0272722675590838,0.0183560143527641,0.0255157804651948,0.0244217035270798,0.0274953861416135,0.018260562496178,0.0242003009094484,0.0192705635973679,0.0393892472627533,0.0188454728434346,0.026439944377293,0.0209725190170368,0.0176606976329254,0.026949330131488,0.166552995677136
"FEDm_140",0.0161553576032336,0.131267492350966,0.0208143447608652,0.0187656024306781,0.0198588368231388,0.0328858401515228,0.0409520798981425,0.027518341814468,0.0555667974059634,0.0342971433393889,0.0289642196120645,0.0174325223422827,0.02979817218364,0.0191444337787856,0.0307174906008564,0.0376481735188188,0.0179366412527251,0.0294181787239843,0.0235719427918985,0.0269141907196626,0.0203878712565646,0.0288398395937462,0.0179243709363956,0.028923566486095,0.0175091472694708,0.0309110424953315,0.02126219741446,0.0175660848809866,0.0262912535681242,0.13075682399574
"FEDm_141",0.0179074638337268,0.132110721834149,0.021719351441221,0.0221593088969462,0.019444961048534,0.0272250831638,0.0424669299597338,0.0296778390373153,0.0424643031150079,0.03131122048707,0.0263121632834308,0.0194707278300539,0.0252811760984396,0.0179136295659714,0.0310039975819588,0.0335808662150183,0.0203356661405617,0.0276872377552851,0.0248622637984742,0.0301855931838932,0.0213898609522698,0.0315467046990558,0.0207259613949509,0.0324971891923325,0.0204630738489014,0.0381505022582536,0.0249014644242818,0.0204777673891611,0.0214785855990424,0.12524838597116
"FEDm_142",0.0170533645081025,0.120777212247443,0.0205234442901547,0.020004511214329,0.0181294741679922,0.0299757565609558,0.041710747320449,0.0253743658424285,0.0453502164781947,0.0351129978363505,0.0246885921985682,0.0189474347109857,0.0241910777754319,0.0184587480542871,0.0315915150960582,0.0343379121034073,0.016846941249949,0.0232631302464464,0.0229214834655279,0.0297837054648159,0.0194351719071865,0.0318953588840379,0.0203490575590817,0.0372382450121425,0.0221741966027377,0.0369167676630079,0.0218550518654192,0.018065332865796,0.0251528997429481,0.147875287065765
"FEDm_143",0.0173134536010975,0.117003612534305,0.0223302648631295,0.0206385797385569,0.0195464609140856,0.0291010060221344,0.0340382901313193,0.0268210641138521,0.0440011169188716,0.034556620059401,0.0263213318911809,0.0207631312463446,0.0224105735821755,0.0195439079784269,0.0301153718593855,0.0358650600127202,0.0185882221708178,0.0279947738544217,0.0241305125160053,0.0261969405993429,0.0204775086994605,0.0306732811997843,0.0187748615416094,0.0395786794496039,0.0184044271637172,0.037492483731742,0.0216342095884319,0.0180974822912152,0.0235331548495567,0.154053616877304
"FEDm_144",0.0181398927757074,0.114857132166364,0.0238508833311727,0.0238336555981806,0.0193979445609976,0.0245561968742447,0.0420905911228042,0.0335488390326297,0.0504048699349205,0.0348479331859042,0.0247959946661396,0.0185147411805633,0.0267484260943789,0.0190740039837254,0.0281668313641575,0.0298339718600842,0.0189546150893584,0.0277737327227596,0.028887397187683,0.0283461988423936,0.0203955245574316,0.0320104891884931,0.0198013914711698,0.0342844605734742,0.0212742007354233,0.0337399766913556,0.0211440281414195,0.018617553266583,0.020874839730604,0.141233684069877
"FEDm_145",0.0179512752049686,0.142088939197857,0.0208261557218735,0.0207227180092931,0.0179981443202542,0.0272492279707893,0.0437281680159616,0.0273433945910089,0.0563046927458236,0.0303290039737163,0.023153704056776,0.0177525802217077,0.0265534155958263,0.0185284903563094,0.0269231316232231,0.032009725296632,0.0178617713343761,0.0243435559863965,0.0235539847218024,0.0303193615145789,0.0169095102347696,0.0274186009543684,0.0183392392602872,0.0315393332630008,0.0192829905662306,0.0327540705359997,0.0205941932312859,0.0177723412690625,0.0220906193584497,0.147757660867371
"FEDm_146",0.0214818136989667,0.10976778934333,0.0244099204131115,0.0220471162552228,0.0221824176064125,0.029903957698153,0.0409650134090303,0.032896063295562,0.0635829610812287,0.0257303237164835,0.0239333218204745,0.0218116047303668,0.0245080252415498,0.020448360973108,0.0303758275591062,0.0358536182978353,0.0205866177649543,0.0265063468007744,0.026333327977587,0.0254898741460263,0.0204457261435545,0.0263952751858782,0.021399315020462,0.0270979985355188,0.0201487080047917,0.0339181306164657,0.0221953842818846,0.0182570614968061,0.0240265299581283,0.137301568927227
"FEDm_147",0.0217752842738506,0.106872402400106,0.0248634618310155,0.0234759543891655,0.0205309210165466,0.0288574857681869,0.0317252573868957,0.0292889677693508,0.0653835261941301,0.0278586183029538,0.0249750782869009,0.0201203188421458,0.0256617581786364,0.020937910573654,0.0257700098679194,0.0289251428061182,0.0205688893595165,0.0253698664572307,0.0276530311609071,0.0273819736506325,0.018834839999822,0.0297962976554989,0.0206935604830242,0.0353636033989202,0.0225414577510372,0.0334744307562462,0.0233566810572015,0.0190236403320548,0.0238663601781318,0.1450532698722
"FEDm_148",0.0201425783767534,0.121383483630035,0.022466133869997,0.0218155073545516,0.0194486846531104,0.0270717872528839,0.0357979389082903,0.0297804673615863,0.0570792791459748,0.0332083712266616,0.0247395853938825,0.0213610983000599,0.0255016139387177,0.0212573713463219,0.0289813402976011,0.0289441561432066,0.0199002473526099,0.0251238686486069,0.0233715853614948,0.0258808283747669,0.0206157358942525,0.0317400860906729,0.0191081493540054,0.0301306596941412,0.0199431151365399,0.0353167478839697,0.0255222532233093,0.0204053912114417,0.0236476574275519,0.140314277147003
"FEDm_149",0.0185975277952008,0.12223847339376,0.0220227005867129,0.021195152536536,0.0212040614102154,0.0235448984087529,0.029748948325813,0.0273936478428462,0.0497854242547583,0.0276807504541676,0.0255679602772306,0.0192609176497063,0.0249743745727188,0.0182193331627979,0.0301601015037917,0.0286310418177182,0.0200118799464197,0.0277489344415733,0.02414267811919,0.0399261115304189,0.0172314918120392,0.0271185304491778,0.018979713698579,0.039606868916839,0.0196399296548114,0.0364473124813143,0.0217780138586371,0.0176123948995381,0.0259041618143143,0.153626664384421
"FEDm_15",0.0179561490386378,0.143880299641526,0.0192610124647205,0.0265113956154955,0.021152862890593,0.0360201682199147,0.0230543911874693,0.0272277029732294,0.0392429191032123,0.0210368282657749,0.0257498047824973,0.0216683652681875,0.0194090261673668,0.0173755029900843,0.0205570651821537,0.0252156235234988,0.018737868007028,0.022261305523379,0.0325163792607828,0.0313409848510821,0.0200535462278983,0.0255080647298188,0.0191139035460672,0.0400785669470184,0.0185124209875447,0.029009114652329,0.0180687805576012,0.0178994413976063,0.0278147674460409,0.173765738551442
"FEDm_150",0.0180030657124428,0.115837485333905,0.0213289971601367,0.0210415785137452,0.0194198769857306,0.0287441731102818,0.0437536236581436,0.0286872860346674,0.0430712367545092,0.0364701258914569,0.0266679524357397,0.0192546313381386,0.0253065452004474,0.0209051083861389,0.033842596205443,0.028312471864107,0.0195894495046612,0.0248667751905879,0.0242810424676109,0.0303058437626225,0.0200644905989434,0.0279505724818077,0.0206206799399642,0.0321366296668876,0.0201628688984322,0.0386825797524124,0.0213903486524714,0.0175186750707827,0.0248622951736346,0.146920994254147
"FEDm_151",0.0212227676170154,0.123687998598116,0.0221077057219824,0.0208689036687538,0.0188110986028592,0.0295837565360563,0.0363074765877219,0.0259876952815038,0.0462347290825219,0.0349880521673436,0.0254543751628088,0.0186499052918036,0.0255192281714578,0.0202048292362485,0.0268756429914612,0.0304501465807764,0.0206594629166817,0.0245888321322526,0.0249724758870716,0.0303978530849986,0.0194033051078854,0.0269254589262643,0.0196326898284559,0.0309461869232366,0.0187978516440153,0.0375507577383746,0.0248723739368661,0.0173776442353607,0.0224068609481998,0.154513935391906
"FEDm_152",0.0190720983023785,0.108176115098554,0.021568860737364,0.0183933705026258,0.0186347254876442,0.0270590886923382,0.0454776413007811,0.0260840713775629,0.0441635426759326,0.039474353023858,0.0271307389938328,0.0190501242479704,0.0322099680049623,0.0189683359529143,0.0292657575841939,0.0328056672082256,0.0197531969530276,0.0227700909048554,0.0246131545801977,0.0286975948975278,0.0208060368707503,0.0278868223218262,0.0188129562168045,0.0298261373815217,0.0226447434444347,0.0396560655221211,0.0224615088011464,0.0184421290557645,0.0261596837864325,0.149935420072451
"FEDm_153",0.0183299231001592,0.108594324124531,0.0222183435699411,0.0221123409191019,0.0204232311115974,0.0247959797906729,0.039726482900187,0.0284750084722907,0.0357995397662055,0.035951766906899,0.0255960843022135,0.0174663202406507,0.0292055331412496,0.0178572685846401,0.032125015376931,0.0292203192405994,0.0220549380207806,0.0258564658263901,0.0280175849828178,0.0289173384759461,0.0204033197914984,0.0264269349482943,0.0202793431965788,0.0325667035135617,0.0197670718627331,0.0395869188324521,0.0231694075812149,0.0178474579064914,0.0207734380055965,0.166435595507774
"FEDm_154",0.018036294598828,0.11282569587522,0.0224137623320791,0.0194147552034361,0.0214446047390221,0.0305120480792058,0.0414134803195544,0.031737456781995,0.0435959752149244,0.0343599211263122,0.0258609157895534,0.022340722328853,0.0273531169328837,0.0195442386435831,0.025833218118035,0.029582738508328,0.019677032274442,0.0264737212779427,0.0258543345667531,0.0282684874566576,0.0216599611072774,0.0290378725607953,0.0179532971860395,0.0348060909155668,0.0212934060588652,0.0322047564803152,0.0209338608490855,0.0183926457333222,0.021727364400247,0.155448224540877
"FEDm_155",0.0186541390642757,0.108964789654595,0.021672076614843,0.0231617825986478,0.0229424428190893,0.0267521384058141,0.0434377521714869,0.032444665172196,0.041628245987504,0.0346456988695378,0.028081831777154,0.0185206998133022,0.0260923747594283,0.0200222624392364,0.0267060816057159,0.0280807144253836,0.0211404878507512,0.025048282043506,0.022731889035537,0.0294467783508129,0.0239432084270967,0.0269565851395018,0.0178549306930328,0.0364208470198617,0.020038557831997,0.0320168117709195,0.0227950525610405,0.0191745809425214,0.0235037108300786,0.157120581325133
"FEDm_156",0.0176479396502074,0.111040989360334,0.025669404460803,0.0206643262690457,0.0214018387262139,0.026185631352222,0.0447332173558126,0.0322425827191661,0.0428665708374697,0.0321228269773642,0.0242742831080054,0.0196024884044081,0.0281873062248679,0.0192702167340717,0.0278480542840302,0.0308119538685667,0.0213330584774876,0.025968535580905,0.0219492581184392,0.0307157745699549,0.0212129233866428,0.0292551859732586,0.0176940611905466,0.0332566618885054,0.0198018846958618,0.0292100618587173,0.0201836605035134,0.0178093235426692,0.0229635077132263,0.164076472167683
"FEDm_157",0.0196863717562824,0.108615553135309,0.0230134320009645,0.0203978584182052,0.0213101560836125,0.0254163349257299,0.0422425740924101,0.0326248105707567,0.0482321590357998,0.0323077353478073,0.027482175430484,0.020042783833463,0.0278756749839659,0.0176353385918082,0.0268385922522786,0.0231362701752926,0.0213162928700899,0.0273112681229904,0.0261441335813467,0.0276007251759574,0.0211316480002406,0.028617427917792,0.0182389164654462,0.0353889200379933,0.0227984118918872,0.0291674857909906,0.0218063425438586,0.0187128113501783,0.0221881642868544,0.162719631330204
"FEDm_158",0.0179753498462165,0.10216288158396,0.0233190813757814,0.0234740333124102,0.0220118510262273,0.0219153200255984,0.0388718024899576,0.0306431659784946,0.042119150601825,0.0315145033334393,0.0299028559306258,0.0226843430572253,0.025623535432385,0.0194724895073695,0.026692205054264,0.0306541650203796,0.0201060478599503,0.02329403500311,0.0222361082388716,0.0328975806102267,0.0200809547293363,0.0285259675627656,0.0196796465228781,0.0371866827587922,0.0202286310311555,0.0311819173779091,0.0213076466490429,0.0171608290245079,0.0225101989698117,0.174567020085482
"FEDm_159",0.0190714109495996,0.10960834413722,0.024179278845421,0.0222127335818981,0.0192049282813728,0.0261554388322553,0.0398013524427726,0.0306151788172232,0.0457660842780859,0.0271045834779479,0.0262573276022292,0.0216503373819142,0.0230858391637845,0.021195921545798,0.0281794537049387,0.0278840772846688,0.0189757601331411,0.0282062460470702,0.0286143442693732,0.0264039103054963,0.0216566302707833,0.0295810860421917,0.0194159048682675,0.033306663515921,0.0214699024006296,0.0376140211404037,0.0211426159305897,0.0190958010038757,0.0239400590773334,0.158604764667794
"FEDm_16",0.0173318366097905,0.131127096329104,0.021554863893595,0.0261573175924766,0.0200553369910085,0.0297506172746156,0.0237383189510665,0.0255488146327862,0.0373541206563756,0.0233511393668733,0.0255849457701259,0.0194749116966083,0.0215460741012175,0.0200377859741778,0.0260342021450168,0.0275434075535573,0.0238761823728999,0.0234802989532915,0.0290127819489576,0.0311602493836772,0.0199083782332349,0.0258767787165953,0.0223261422391126,0.0439502276090465,0.0198872751814113,0.0265345519293632,0.0246871049971639,0.0174763976526251,0.0264544001273009,0.169178441116925
"FEDm_160",0.0193207188322639,0.0960015874062737,0.0240909377936692,0.0221437914477513,0.0203807211546587,0.0270402632518527,0.044125868915551,0.028857836360365,0.0382915698551525,0.030800987066177,0.0251787425036714,0.023066984995904,0.0231648545096729,0.0204550996706594,0.0294164650075563,0.0297146236404342,0.0197057704829507,0.023332150482755,0.023403559604617,0.0267610086129404,0.0207683955642841,0.0279405353678652,0.0187384397388057,0.033882899670606,0.0210996320386423,0.0310868147727164,0.0245381690287267,0.0176258481258477,0.0246627878247681,0.184402936272862
"FEDm_161",0.0206113940535583,0.106006418021967,0.0262356079191871,0.0237596155993937,0.0230781239468008,0.026982896835291,0.0348382922940887,0.0274493887228146,0.0306738747832001,0.0298389253869587,0.0260246358076026,0.0208399276745758,0.0219655336491855,0.0190167672457661,0.0251661299858984,0.0267302814877697,0.0216515235853414,0.0259498161577678,0.0309528102124561,0.0307652598077969,0.0228903033826714,0.0281858408853181,0.0191797416837206,0.0322409396904485,0.0212263540718038,0.0342338791453924,0.0242907481237242,0.0198199037703831,0.02369382662945,0.175701239439667
"FEDm_162",0.0197710783548042,0.0943901220899788,0.0260499511554684,0.0206699630951289,0.020934904620509,0.0273719306581077,0.033973963942966,0.0288572214525902,0.0368153941704225,0.0274275473201766,0.0250252342378708,0.0219872339533505,0.0250158077856417,0.0232111188735236,0.0254251114343705,0.0256393431889023,0.0201189987098807,0.0232640228326264,0.0247454923376395,0.026913631389423,0.0201502046416094,0.0259365415243194,0.0206360362877335,0.0351043895225407,0.0203311049908145,0.0372061446240025,0.0195062802982696,0.0207248642747732,0.0245137833002253,0.198282578932331
"FEDm_163",0.0207317352621505,0.108607331674713,0.0280022879239879,0.0216455544914684,0.0214319138393267,0.0274425231279647,0.0372596553347156,0.0279427714849332,0.0384939826266102,0.0312487850913489,0.0261778940318295,0.0217244560651329,0.0226270144116586,0.0199857675996957,0.0264242512458081,0.0316367288412169,0.0193358290255007,0.0278375701779971,0.0250565208871905,0.025038753062474,0.0196012422595787,0.0281738338448036,0.0189283064751076,0.0296040430035407,0.0210375750188595,0.0368151051671212,0.0210100124178569,0.0187242263349496,0.0230501456869735,0.174404183585486
"FEDm_164",0.0189058765766899,0.0980026173310982,0.0252386479071776,0.0223943608338171,0.0210550706148011,0.025581400957247,0.039433064477861,0.0319943627299649,0.0397930197307838,0.0277659830785091,0.0261915211355241,0.0211907517325167,0.020650261947283,0.0180696091127616,0.0313379006776686,0.0274681352330827,0.0188091537669461,0.0248724105226225,0.0208898566598791,0.0277824341014176,0.0192732604654843,0.0285584660252543,0.0188020034870668,0.0365080304940628,0.0192868752385104,0.0320119550594157,0.0219783444826265,0.0188554030085229,0.0207293793102172,0.196569843301187
"FEDm_165",0.0180461292258565,0.103166544951175,0.0234011558761106,0.0233976633152637,0.0201769948530406,0.0253765529504851,0.0415347229986598,0.0325618233142225,0.0325124109308332,0.0257946982239656,0.0253322263984751,0.018094880664468,0.0213994350863372,0.0193485461827661,0.0277970914533211,0.0263376640992596,0.0206389820816851,0.022488735459628,0.0264654222908084,0.0299976246516831,0.0187125373312622,0.0258603155543168,0.018808077082368,0.0361972901511143,0.0203563324600553,0.036546522182709,0.0224298879949489,0.0187149464024984,0.0223369625590219,0.196167823273661
"FEDm_166",0.0186251726836413,0.0931033338700142,0.0220568683797526,0.0242610410961898,0.0237510138980433,0.0247305061821872,0.0398969930386344,0.028565047719527,0.0362918957908846,0.0278295098800316,0.024598818001964,0.0202019242900131,0.0222394039752174,0.0191928476725959,0.0291796922961836,0.0281420384037878,0.0218507464717484,0.0223583908792643,0.0219114837835249,0.0251687717769055,0.0195535685037801,0.0260228088684927,0.0196144319423568,0.0425983902852872,0.0187132754249265,0.0338193128218354,0.0228087461652445,0.01893289419121,0.0237541654477562,0.200226906259
"FEDm_167",0.0182049958109777,0.0857808141610598,0.0240414383626715,0.0253875518667695,0.0222886326681917,0.0250055731651551,0.0362168530206038,0.0313114146878777,0.0323932467801211,0.0290730365114781,0.0270626484368601,0.0209274434592564,0.0198240313850353,0.0202926345040851,0.0294889738235059,0.0273294684396163,0.0202085425959577,0.0212097728622116,0.0234631285008992,0.0247809639757659,0.0194183925072233,0.0263793008665819,0.0187812096766578,0.0465537350082853,0.0218926338910628,0.0314159396283054,0.0257458364867156,0.0188577353013467,0.0232978764317322,0.20336617518399
"FEDm_168",0.0162964822522374,0.0978347423994995,0.0250896159226226,0.0218939761930685,0.0193291199834198,0.0255168782422674,0.0384696330226879,0.0282858703951931,0.0398970844448383,0.0302231308781971,0.0228555520024294,0.0196375600113704,0.0217931792615145,0.0184010200404108,0.0283226708008672,0.0297578458872424,0.0192777421621975,0.0238255887832993,0.0253286960751962,0.0286192613937756,0.0180779883753956,0.0268426824271547,0.0173680866426998,0.0428111461901501,0.0168382249405874,0.0331356452733501,0.0189473040496407,0.0177435813762238,0.0241156909724643,0.203463999599999
"FEDm_169",0.0196194343289367,0.100428940676842,0.0212559963883619,0.0226238058668284,0.0190785312761314,0.0257664773488331,0.0365122887535658,0.0267500899118319,0.0344469284055543,0.0303217460760712,0.0236438045781258,0.0196825917345695,0.0212071376502426,0.0214558256232743,0.0253205650511028,0.0286382495295688,0.0206616311377375,0.0229291229845187,0.0275633865050633,0.0286617432793792,0.0199173393669839,0.0294479497632263,0.019629564350469,0.0387004123825655,0.0193806340818678,0.0287563008898781,0.0216053022649832,0.018759633292886,0.0244649372786999,0.202769629221901
"FEDm_17",0.0179670792615765,0.145685806470302,0.0228175766827005,0.0278959037569357,0.0192541165288419,0.0348823405623399,0.0228356311814494,0.0278900752054754,0.0460366879085067,0.0215276939610446,0.0273424707742241,0.0180869806301657,0.0219490653483783,0.0167237969973955,0.0226872627681265,0.022435151005995,0.019500808213589,0.0266860310347974,0.0252006186626852,0.029804264772253,0.0223422743792291,0.0264548539747198,0.0185834293727235,0.0395719196915687,0.0186459406557214,0.0255492241095084,0.0208611647861146,0.0182889226931734,0.0260000616527912,0.166492846957668
"FEDm_170",0.019130488263995,0.0871082184448101,0.0206348012045151,0.022166967899438,0.0197078761700847,0.0236712808838759,0.0384327271739279,0.0267965429188659,0.0388568511977233,0.0250870089682714,0.0254597702358343,0.0201157389778697,0.0197328606491122,0.0213110730437502,0.0257798515968733,0.0287360282839178,0.021283767167137,0.0267257799609599,0.0224365101576128,0.0274129355023805,0.0215456593150152,0.0324761978795359,0.0187659181855511,0.039703010930819,0.0192744045269909,0.0326685215672533,0.0227845467085301,0.0178599163767667,0.0240647986722461,0.210269947136337
"FEDm_171",0.021203861304809,0.106870070923294,0.0210086779007185,0.0215504215920984,0.0192927077500741,0.0274778564139592,0.0392091220806232,0.0300788170368923,0.0345070596005465,0.0288498169939988,0.0231221252282744,0.0195440563493874,0.0198165530762102,0.0188314996602059,0.0295568433887288,0.028711066905362,0.0202733128730678,0.0268749672494112,0.0275428104949816,0.0265578445783617,0.0196651198990601,0.0274813659015076,0.0199710885593513,0.0376681227344382,0.0196481505041423,0.033568337167044,0.0228742215031342,0.0180544260702369,0.0242749275580657,0.185914748702015
"FEDm_18",0.0184484333952142,0.144546369889775,0.0223202309571756,0.0224844928711892,0.020651442362419,0.0409610895385487,0.0229249293359839,0.0357468700164131,0.0457933566215861,0.022055777215378,0.0254618263017683,0.0195332571933244,0.0192967123221715,0.0184141278043086,0.0257285289600101,0.0222088473413774,0.0193647073698178,0.0254218066268691,0.0226544317279174,0.0337351213539625,0.0224070472335227,0.0251132211409447,0.0214177428853127,0.0356347882601812,0.0190535573608735,0.0257973740500219,0.0215301661411016,0.0183362311244803,0.0260475032321224,0.156910009366229
"FEDm_19",0.0178752602306595,0.149580089041301,0.0251970104449427,0.0278511101114179,0.017959167224775,0.0350393488642895,0.019827974115432,0.030097076283894,0.0436157381548141,0.0188949367662093,0.0250385328357395,0.0174996417399126,0.0227782338911267,0.020411031567792,0.0230333086617838,0.0256160194056306,0.0175099217951642,0.0227994950322263,0.0289989688459856,0.0358794762649612,0.0203728242709176,0.0300748473332785,0.0204376479075694,0.0355069182768017,0.0202146587582975,0.0275691581868987,0.0217788478650713,0.0172981346960926,0.0300716937426982,0.151172927684317
"FEDm_2",0.0172344409772576,0.126662231209677,0.02814839051752,0.0237851446483289,0.0197355464527369,0.0394478447807847,0.0274152066624694,0.0287763319670379,0.0436911242565125,0.0239182252726055,0.0239659202203944,0.0204475457506255,0.0220065542325678,0.0172281824957252,0.0230109916481325,0.0261695050305113,0.0181259688178583,0.0226508277355331,0.025457107786725,0.0289159744222204,0.0196867769182045,0.0267045681271573,0.0195726494786422,0.0353729192890004,0.020817755220487,0.0312873543338012,0.0196389156529343,0.0175309975266746,0.0313097380109519,0.171285260556923
"FEDm_20",0.0192350491122853,0.130497692582593,0.0215629064375223,0.0217170308439363,0.0195250650344634,0.0358524039939006,0.0243071868052377,0.0297043750920516,0.0407954280785263,0.0207584888527796,0.0232839798380803,0.0184089924690942,0.0211700958586294,0.0207127602925892,0.0245884323715238,0.0232648154806089,0.0189495952176769,0.0231733818757875,0.0324246875645691,0.0332308324365205,0.0208624917705177,0.0280690090429636,0.0192162274884002,0.0353949885216734,0.0188395693183691,0.0278484874801061,0.0216446487885524,0.0187375542681307,0.0236972962848592,0.182526526798052
"FEDm_21",0.0178535104436836,0.156805293717613,0.0249758957005865,0.0242147372222121,0.0175685169983041,0.0376653366271015,0.023682537805793,0.0267182430039021,0.0363610141729878,0.0196617497945084,0.0248009092776468,0.0202016265451633,0.0205153967231936,0.0208708494696524,0.0223915787239655,0.0234270820721945,0.0189975788371896,0.0235939793376355,0.0280202668947512,0.0350841322562384,0.0193495641439894,0.0280673208992701,0.020253494536537,0.0379651073782979,0.0184298051925557,0.0238294972246971,0.0203113797649896,0.0180706349993748,0.0295052101611268,0.160807750074839
"FEDm_22",0.017933038841809,0.140498033683697,0.0254364598132269,0.0225948124973294,0.0219775628141318,0.0350396755044718,0.0264539824198745,0.0309824865802582,0.0454973806782221,0.0199596231279608,0.0245034833029939,0.0202200382986102,0.0216001136264199,0.0187172649407303,0.025416553410255,0.0243051835503252,0.0194096967072216,0.0224995130982593,0.0270857464103531,0.0319811270593448,0.0209734738646918,0.0263320677725713,0.0219972437033142,0.0296466246084212,0.0220703967450186,0.0258072394401809,0.0216766851050014,0.0210036991671001,0.0295580152865318,0.158822777941674
"FEDm_23",0.0172681587450835,0.152094758215368,0.0228906680229517,0.021292597481091,0.0223154171000769,0.0313305427819659,0.0246717228772117,0.0270543280530817,0.0348607342317256,0.0228366337997157,0.0210570258661239,0.0206820932211577,0.0192455579100534,0.0208789094677475,0.0231607738738894,0.0265848894820238,0.0173182576047805,0.0228449838245149,0.0329121831377276,0.0300821315961856,0.0185893299778845,0.0239849597591717,0.0199840720332402,0.0359943985391485,0.0223876326924125,0.0240921267386605,0.0204753608734582,0.0181963575084583,0.0259324631546216,0.178980931430468
"FEDm_24",0.0188366774831995,0.159293247710608,0.0242424501421812,0.0205181087884914,0.0213539646274842,0.0305103376808276,0.0238965098964251,0.0239817303312422,0.0379165506251442,0.0207836428046511,0.0238718647252793,0.0193603925777816,0.0190661926934022,0.0198175141711763,0.0263267620523929,0.0300761606327643,0.0187799074504372,0.0261681434223108,0.0264750488819001,0.027032331923332,0.0204355975984928,0.0258211838789138,0.0201505476559947,0.0336899268400018,0.0191928710606548,0.0258072754595583,0.0183055998142767,0.0190379041761015,0.0295131989378174,0.169738355957157
"FEDm_25",0.0190898248309803,0.150873907930444,0.0218626822935694,0.0223229825120658,0.0202997486906463,0.037163965453199,0.0225061194619342,0.0284950323399089,0.0422916976017971,0.0230122699157077,0.0221757795254742,0.0181317103317444,0.0221719490220987,0.0205500667330147,0.0255066129900236,0.0229830281399963,0.0180492135869622,0.0229200947624953,0.026516165670249,0.0271321610483603,0.0212871112535252,0.027394486930018,0.0209356134901212,0.0397273120533584,0.021848760628082,0.0240132672398321,0.0206574472428165,0.0204364732618265,0.0293768117861028,0.160267703273646
"FEDm_26",0.0191424180300549,0.143275507610249,0.0227216429597359,0.0223024870153898,0.0216224274259959,0.0348402697203401,0.0262080541897175,0.0353342800846152,0.0453215044319799,0.0214887114216572,0.0237636241099994,0.0166555703637092,0.0199308711602742,0.0182453682405257,0.0318270720867262,0.0235439554465731,0.0191431084205973,0.0226963524245044,0.0250904296608563,0.034475191459946,0.0176244814065193,0.026327366647929,0.0201558009252575,0.0395218619945667,0.0199340482083839,0.0225416965535673,0.0198829805789236,0.0162870060768952,0.030635749380483,0.159460161964027
"FEDm_27",0.0171854173962341,0.145357905411163,0.0230949255103804,0.0261059660547419,0.0188012959778873,0.0341222867872589,0.0216842335465695,0.0255909718476903,0.051144834585871,0.0206810031321989,0.0272998235222674,0.0190995021113678,0.0218224321907264,0.0194938133160903,0.0239241734499661,0.0287317834540338,0.0171539647581218,0.0252997183675061,0.0251585186007899,0.0318062150651982,0.0187154666000019,0.024731921456252,0.0170559485396086,0.0372132865001046,0.0199152737227077,0.0251025123360913,0.0236538834774265,0.0178830685062428,0.026914667101867,0.165255186673635
"FEDm_28",0.0198665542277092,0.141450574058073,0.0204765417448539,0.0244714466547255,0.0188882371561678,0.0347541572971614,0.0225473787785653,0.029605987907663,0.0540933535289521,0.0207050194413786,0.023937454258938,0.021186527002229,0.0233892034631687,0.0203991860706458,0.025773167385389,0.024852004516684,0.0180421776802419,0.0228695488484276,0.0241799973286507,0.0322023762486691,0.0186239628688015,0.0258069960657242,0.0194270285812945,0.0308417716657471,0.0189753957535252,0.0274345926143531,0.0214389710524516,0.0200223136803969,0.0297353007322171,0.164002773387195
"FEDm_29",0.0197028487873119,0.146052286706408,0.0232518601652681,0.0210593646664105,0.0215091928674178,0.0347493087735079,0.0258590331123202,0.0258760507810196,0.0482291565516591,0.0243295205450177,0.0229758267918278,0.0233983179216241,0.0213611051092952,0.0181781136229486,0.02214745953957,0.0307706355490325,0.0187902013215754,0.0293073942112929,0.0266689041817951,0.0251782722386423,0.0188350236370546,0.0249828936246768,0.0195633929770554,0.0366389383911154,0.0208957667492443,0.0245417555393958,0.0208260878663171,0.0191954846703437,0.0255390664338231,0.159586736667029
"FEDm_3",0.0202357181067551,0.137491153027455,0.0245846033639888,0.0283789952038244,0.0219828187829242,0.0404170438607819,0.025107998938447,0.0234047925973602,0.0415519143527794,0.0199675443689569,0.0235571964942609,0.0183108021353874,0.0197809873596886,0.0191248151584701,0.0245008821885717,0.0266091315822724,0.018235530087259,0.0212912115760527,0.0299404851817772,0.0287192665836965,0.0218297508193531,0.0235601289338867,0.0178069912564255,0.0421157594614174,0.0203849571488281,0.0211995709440535,0.0186912711237837,0.0191207776749609,0.0253725217857875,0.176725379900794
"FEDm_30",0.0202669675138865,0.167182427134691,0.0212941182161853,0.0263899602982374,0.0191493093405627,0.0303704675548661,0.0244849515683279,0.0270457742993751,0.0518477811889672,0.0218682804369966,0.023575799033049,0.01942290035193,0.0196780372109061,0.0188585770800107,0.0285209324765649,0.0262510127235428,0.018649973602365,0.0223098270720795,0.0254293664297083,0.027549334149497,0.0208920342240574,0.0231531728494556,0.0195300626146832,0.0353743255005937,0.0183721178430775,0.0227263419646619,0.0246508271461418,0.0194835420057566,0.0250968926621542,0.150574885507669
"FEDm_31",0.0175384426102644,0.161131046332799,0.0209417588479673,0.0186157376353583,0.0198786322688422,0.0319228471142443,0.0241636150168571,0.0268424166839407,0.0535828481418564,0.0236341070267751,0.0240200392912812,0.020724588758734,0.0199446155826877,0.017935249615811,0.0215092596848967,0.0232009729189661,0.0193992984920213,0.0254040800281468,0.0302386309372554,0.0249983616733722,0.0202553350948688,0.0260708072468809,0.0185147504978323,0.0345621101818443,0.0210804023632398,0.0266329694333433,0.0191424003427791,0.0179181450526009,0.0214297206134778,0.168766810511055
"FEDm_32",0.0170722348055723,0.163902985098403,0.0230211892719136,0.0224860582489366,0.017295489710817,0.0350895329814015,0.0239505511226193,0.0233544202824699,0.0518531927700834,0.0244886873299048,0.022043916484775,0.0202186040025228,0.0208442258586094,0.0180433556489339,0.0236660581769947,0.0299768338740022,0.0188896876302536,0.0241766426793444,0.0267382712877642,0.0285514098811212,0.0223390648556791,0.0237130843314879,0.0167666904281901,0.032513808138822,0.0200015229715835,0.0247266272655078,0.0187572448733545,0.0178697076930155,0.0212004777646597,0.166448424531257
"FEDm_33",0.018820716814557,0.153373297833176,0.0212398214001007,0.0205749680748668,0.0216622708464135,0.035307312425911,0.024038980312645,0.0270717315506491,0.0512127645764581,0.0204211962380639,0.0239143149095977,0.019362760390505,0.0210091266639862,0.0208069619675179,0.0243745632440332,0.0299921649959088,0.018301178040083,0.0262543226291633,0.0271930807406309,0.0318699413826767,0.0221456682581131,0.0241594652548528,0.021012574403603,0.0301943156159917,0.0199177619094001,0.022450631566816,0.0189652930025905,0.0179210835399941,0.0223565902801453,0.164075141131549
"FEDm_34",0.0176415023968747,0.146884565244603,0.0230162414265975,0.0218884165739112,0.0212536677964557,0.0311645656818889,0.0225371982512526,0.0264713622048735,0.0430462317183145,0.0219802788717835,0.022889324500602,0.0211635499794207,0.0211112116225528,0.0199325279026416,0.0238630076787612,0.0246872627218776,0.0184791019155686,0.0245201452528475,0.0243578181319547,0.0311151590039538,0.0191623275839865,0.0264383620850638,0.021715354873396,0.0362990932393929,0.0232462595823779,0.0262617669137897,0.0222362774455988,0.01957634272688,0.0233363942011448,0.173724682471634
"FEDm_35",0.0178070581194979,0.162295189554476,0.0275902796009784,0.0201305332298635,0.0180033878985501,0.0382095546636699,0.0205546203658536,0.0270843158603539,0.0411746173492091,0.0197804488622107,0.0235021875156803,0.0183942677414893,0.022247637952145,0.0186538853582029,0.0241610235052076,0.028364335170207,0.0187448076185933,0.0256436550489394,0.0226990810754521,0.0286425133186976,0.0214361670222207,0.0253693295657184,0.018870263333543,0.034912817314145,0.0199576295154261,0.0230342492964749,0.0199210271910638,0.018668011085087,0.0234543859699078,0.170692719897136
"FEDm_36",0.0182794373713286,0.161634575608558,0.0187108696440383,0.0252703096846487,0.018343907396748,0.0400609794575162,0.0235932149626235,0.027461101957239,0.0482336831254498,0.0204387019977126,0.0227490749985797,0.0191710296616299,0.0249932618890648,0.0171412017402659,0.0212333159590486,0.0253682503321249,0.018763617652226,0.0253726732100072,0.0268249541635465,0.0311479497321237,0.0166391726162298,0.0305020472847981,0.0189896261473779,0.0333993691825112,0.0193074063414889,0.0229827820828496,0.0185896754981505,0.018474471840981,0.0236809935191871,0.162642344941946
"FEDm_37",0.0180231145832822,0.155040622081352,0.0211818404938053,0.0225643927479498,0.0179981968093296,0.0355107927943916,0.024052776717239,0.0290794042741874,0.0461812213678147,0.0215607167823622,0.0291779501570163,0.0207873536157335,0.0222728486829783,0.0181202409562309,0.0257630103259383,0.0288439295852128,0.018052532263914,0.0276596829579734,0.027404500718337,0.0265291309276134,0.0187169519150976,0.0263883342485403,0.0192981381723535,0.0309798078706496,0.02325666112739,0.0240708654543149,0.0198504004972015,0.0192012973502413,0.0273892803018236,0.155044004219727
"FEDm_38",0.0171858476239661,0.165959252031542,0.0189153194779393,0.0232404404304097,0.0180869738826268,0.0347263075245074,0.0241352724502835,0.0294476026778519,0.0433366083767504,0.0223558465974197,0.0228939690246008,0.0203944562583147,0.0195754323827023,0.0175203395856807,0.0293937849759863,0.0306933729350922,0.0191920347798237,0.0229271375849321,0.0242496295347251,0.0275652053879487,0.0202674427833351,0.0240960224014864,0.0201074880983345,0.0387016406210187,0.0193359166063926,0.0240120647281968,0.0187462671521988,0.0185312273544257,0.0250409430975061,0.159366153634003
"FEDm_39",0.0195764604726549,0.154175156170458,0.0201041081875804,0.0243271537096989,0.0206534611661088,0.0369939549497243,0.0271881986304991,0.0283173416191864,0.048854103210063,0.0238585523994339,0.0214327224097315,0.0211755221632378,0.0243628056320587,0.0193658391901072,0.030232349227033,0.0298708600843676,0.0199119836157837,0.020674448530365,0.0239939394685998,0.029402150063784,0.0253628738430443,0.0228589316499719,0.021481735286218,0.0327583993960646,0.0194766923949021,0.0231582060720268,0.0224748080579719,0.0174742302898432,0.0249515284054342,0.145531483704047
"FEDm_4",0.018238545554371,0.130976284331541,0.0282574021929549,0.022794247088116,0.0218489875496539,0.0336761077801089,0.0245163153027451,0.0333527676280263,0.0396768418538112,0.0245262218194396,0.0225517705430405,0.0207237751953232,0.0207599372552777,0.0226359202785655,0.0221172806356022,0.0261539704537619,0.020863556239641,0.0250340961599679,0.0247122091817727,0.0323060875418396,0.0201625021465815,0.0239163714452488,0.0200254305639548,0.0366049961423222,0.0220605159057753,0.0246880997204013,0.020461577473494,0.0181933348783459,0.0262988203408852,0.171866026797431
"FEDm_40",0.0209579185398205,0.140274874925119,0.0232463517128496,0.0231163013039392,0.0174506710004464,0.0387967189165508,0.0250066321292086,0.0269622534888792,0.0423371083985573,0.0215008512837231,0.0238510771248321,0.0207660166476206,0.0221148898672304,0.0214623510144274,0.0286249978910562,0.0305106648936735,0.0185308528860541,0.0232046701512488,0.0259249297457099,0.0277230471126321,0.0290762968249759,0.025726704691165,0.0217033052883663,0.0336974848912512,0.0216338160810445,0.0237791204614402,0.023509545163971,0.0190405646767351,0.0261358957171006,0.153334087170371
"FEDm_41",0.0173291980571669,0.161206579537547,0.0184869727851505,0.0242396633645624,0.0193467307795247,0.0353582117106674,0.0235749718822249,0.0295547750312249,0.0537120672039509,0.0234181367991599,0.021843852596057,0.0195152488114438,0.019374765312542,0.0194343346535431,0.0266719579896293,0.0236475517184803,0.0182112554772265,0.0278324560415422,0.0244864402229885,0.0327941538419108,0.0221470379855701,0.0246565372768591,0.0222794660425345,0.0333543921541697,0.0203419934387833,0.0262111214544792,0.0192014836568325,0.0185538803135151,0.021932326879577,0.151282436981136
"FEDm_42",0.0184935424889936,0.147960145274671,0.0198845558160409,0.0245342975068375,0.0189534989042749,0.0441902660193114,0.0225141102496109,0.0233598914414085,0.0549556043543479,0.023853082279837,0.0229629518990514,0.0200046693769439,0.020206199551385,0.0207931134173465,0.0311896216622881,0.024117921443082,0.0180821651571327,0.0213112933881387,0.0284472056250738,0.0280823114767905,0.0237944367102739,0.0237726495166354,0.0197882679616591,0.0385931879497951,0.0205489615506376,0.0256130118664977,0.0196169317555357,0.0201376882657336,0.0218356815197354,0.15240273557093
"FEDm_43",0.0160145439648413,0.152589261256193,0.0184034115539602,0.0274088389455623,0.0189585624819822,0.0450017589838351,0.0215071154610129,0.0252377031581269,0.0494488875586385,0.022352296457687,0.0220340240144983,0.018274655580821,0.021413745446655,0.0170981742048133,0.0331476334305958,0.0240585618647258,0.0172775382534487,0.0232899544543823,0.025254412427007,0.0285489102684918,0.0253694888515432,0.0248648666223459,0.0182486835490032,0.0456088217533731,0.0168365524471173,0.0267592233192785,0.0200402017240096,0.0173287419891083,0.0268808530449524,0.15074257693199
"FEDm_44",0.0184359957616694,0.168183979091388,0.0196765215626237,0.0251340742048839,0.0196564636061707,0.0439448965251736,0.0226611569177561,0.025060828675197,0.0444260428335263,0.0233340750006156,0.0241493518417494,0.0177856148051867,0.0228669428890073,0.0183691791133464,0.0236729017900771,0.0225301475637664,0.0173514616097628,0.026348940158143,0.0295788196061327,0.0299363459764468,0.025098291367035,0.0244381608755037,0.0177688756062226,0.038229351168757,0.0206699250702234,0.0221630198391463,0.0183144497344081,0.016112736157715,0.0263234171259547,0.147778033522412
"FEDm_45",0.0196333990099266,0.172839207453728,0.0172415212688042,0.0232835521900466,0.0176931173165754,0.0441014296949309,0.0246507325346315,0.0247761596542069,0.0464783657147472,0.0222172453625016,0.0234361403734846,0.0205324537731235,0.0182892425698685,0.0178657732764788,0.0255778089240323,0.0293260372492524,0.0172110689265689,0.0253466347274929,0.0276657323955956,0.0288632791775783,0.0244685625586305,0.0217066139212504,0.0193080100939925,0.0251768145297943,0.0214884710478585,0.0254328653369471,0.0194584081426077,0.0173116997923267,0.0269852777795644,0.151634375203453
"FEDm_46",0.0180716619602788,0.158165450319267,0.0183847774152373,0.0219026187388215,0.017608147278888,0.0477662686109485,0.0266544022622226,0.0244673092853034,0.0468434664733348,0.0274681400804178,0.0210002875731629,0.0210123431138191,0.0202739941763309,0.0152290865106039,0.0369789723149571,0.0258962945798715,0.01991341863441,0.0234349513286911,0.0252632170065364,0.0274315019468546,0.0281735381516344,0.0213968916921763,0.0192516926410124,0.0327425458046636,0.0192049818308344,0.0215063104655087,0.0187279851887868,0.0152530230652229,0.0282262873935486,0.151750434156655
"FEDm_47",0.0212892021653601,0.150438313791263,0.0200189688587606,0.0222924350363278,0.0194632352819557,0.039161101027665,0.0254379510778028,0.0241422231816483,0.0427851739405381,0.0287847863883452,0.0226650435089899,0.0193718461597026,0.0183383243383795,0.0173088044490415,0.0274524128352143,0.0286977524335895,0.0180032314574228,0.0297963871285333,0.0248739439905083,0.0329764169628398,0.0251599866716769,0.0253078309192607,0.0181719216940596,0.0350843758905011,0.0226603679326041,0.0231221206088403,0.0212900910027614,0.015990819654785,0.027508015403585,0.152406916208038
"FEDm_48",0.0179789728767918,0.152380900659512,0.0211705941975364,0.0215555201558005,0.0209525680729167,0.0395863532123703,0.0245422927489372,0.0306057663266233,0.0459916729046066,0.0229383743513635,0.0308916630554589,0.0190068098589225,0.0215601824019137,0.0222531251725864,0.0258618358129106,0.028660865979479,0.018512984235749,0.0277455214294126,0.0262626106534987,0.0304180955613028,0.0244846381482151,0.030100488903303,0.0212350830213686,0.0282700147728335,0.0189863077318482,0.0234480257996796,0.0197302370620189,0.0171388143976713,0.02482481920451,0.142904861290859
"FEDm_49",0.0180041931007147,0.166670057728142,0.0211055390751464,0.0219194837869232,0.018799149987728,0.0398728370154566,0.0261751391782113,0.030277249199754,0.0474284993966056,0.0206435787688198,0.0216437266256327,0.0172688570053394,0.0209564647535414,0.020986719888622,0.027297885021628,0.0256602766369464,0.0182662120825318,0.0244597662896724,0.0222808778259558,0.0317961017802006,0.0272991607250661,0.0304345164641237,0.0200014869140162,0.036500640555809,0.0201273816961108,0.0216310182241849,0.0206105736371059,0.0192114654943393,0.0238441314212882,0.138827009720384
"FEDm_5",0.0189455782124605,0.132514250175712,0.0252392712250043,0.0220026634689634,0.021919741089986,0.0329031162678353,0.0293729712947403,0.0272919935764902,0.0448218190651145,0.0211087070793827,0.0202739439988762,0.0188502455415895,0.0205541551715294,0.0188195394649804,0.029337091355588,0.0253376221598342,0.0184398973162414,0.0272135961252029,0.0322668458757805,0.0321696029263801,0.0223428099682859,0.0241185958124695,0.0233979172537674,0.0372174461461088,0.0237762743356949,0.030571780937314,0.0177873929601469,0.0181373509287773,0.0261226345639282,0.157145145701815
"FEDm_50",0.0195798019839834,0.152878399164026,0.0216831075996473,0.0230407978026322,0.0198947770622652,0.0387988787476744,0.0245285158535008,0.0309519017084909,0.0544435431737664,0.0218711051163545,0.02573691543979,0.0193861931979877,0.0196028846730333,0.0207452009816086,0.0240758831370897,0.0268896784335629,0.0179813296238807,0.0247435865438072,0.0237688439126242,0.0391162171020431,0.0235046512606111,0.0300797644194207,0.0197751022036797,0.0303512917400584,0.0221947615542276,0.0247247148037954,0.0190988002122361,0.0223218333662329,0.025598580861945,0.132632938320025
"FEDm_51",0.0186695053650876,0.158944857000272,0.0226415794887684,0.0248122367092005,0.0196113299886397,0.0355135495133646,0.0271986567764278,0.0249367317974907,0.0615007126066873,0.0229412828629902,0.0208983054068712,0.0197986146175256,0.0206798520490382,0.0173484747496014,0.0220416379354607,0.0263361308205257,0.0177113943500179,0.0252594055783943,0.0272740881654677,0.0327056486657711,0.0236005022618316,0.0261154378955094,0.0178552990719304,0.0309517273855312,0.0227388518079554,0.0233719717606608,0.0198605761228675,0.0186995620178811,0.0275987521406167,0.142383325087614
"FEDm_52",0.0177326387126388,0.170084881793647,0.0212380455124818,0.0200338016166504,0.0195116475812791,0.0397371180774343,0.0226758746810454,0.0273405973962024,0.0628503343349446,0.0214847283187538,0.0209826880247212,0.0191082424537275,0.0191550483186585,0.0191575103472551,0.0212254091965217,0.0218432551304893,0.0173300966537288,0.0282380519599799,0.0224528070134743,0.0316881663102989,0.0219372944574507,0.0240597818635723,0.0197259237149896,0.0407884880058347,0.0199543436720407,0.0241873467914761,0.0194279490632439,0.0185507358426241,0.0263372094685934,0.141159983686242
"FEDm_53",0.0197396140479065,0.153165994114963,0.0226037317078573,0.0225543405991641,0.0203784542557862,0.0387206627418065,0.0252075686572636,0.0273841735712601,0.0478742169744666,0.0194426725416772,0.0274066230219701,0.0200479249262825,0.0212455480309302,0.0191580301067735,0.0270547205427614,0.0278306948327948,0.0190982414335329,0.0250972778647999,0.0259234008998147,0.0318046784523795,0.0246702185525821,0.0235075824251902,0.0196515037852771,0.0407062078260048,0.0219967471282404,0.0242426090968254,0.0238337906941014,0.0202001096381568,0.0280295022456734,0.131423159283758
"FEDm_54",0.0188692981374301,0.152365686320479,0.0184085620791473,0.0271618657355887,0.0186440501243878,0.0446035718131422,0.0270598962092552,0.0266571514914766,0.0605082229053044,0.0184139142296443,0.0246252909433907,0.0208585452961796,0.0191625463164033,0.0186956934093654,0.0264901569611056,0.0203168929479995,0.0176984109365474,0.0257778583944563,0.0226487385711419,0.0311387557986789,0.0239759918885354,0.0277760039685851,0.0202237596689629,0.0364300379274151,0.0218794804805749,0.0195639687943717,0.0220879355995025,0.0193172606547688,0.026718640244085,0.141921812152075
"FEDm_55",0.0177472198618861,0.165817033713751,0.0187488334267766,0.0219715885855287,0.0204326601979842,0.0406600446604499,0.0198570238331398,0.022817567937729,0.0626104854002972,0.0214209761591403,0.023125847810611,0.0174564351419684,0.0186652627229114,0.0196284723148783,0.0258478974379329,0.0253666590128393,0.0183763966034883,0.0245496693355058,0.0323565671998682,0.0284184978418218,0.0240167871164799,0.0242028990772683,0.0185517575839406,0.0363843864710026,0.0207826916347588,0.021450024328368,0.0209947434457167,0.0197218275010968,0.0254896025734298,0.14253014106943
"FEDm_56",0.020198880240591,0.16371959391706,0.0199182689498504,0.0213871313654819,0.0205042211361556,0.0432558799869381,0.0240155690705449,0.0253203108078302,0.0522389659521617,0.0221719822214603,0.0218606621182505,0.0195504923574371,0.0205856510428906,0.0201839887186176,0.0221325149201844,0.0238903413141838,0.0190049628350843,0.0301237348623996,0.0298736432393321,0.0271957009930681,0.0223225369795261,0.0253387062766538,0.0192141558263427,0.0336978290502649,0.0224525839072404,0.0203565165447844,0.0221597892426646,0.0181879371734735,0.0288102949337353,0.140327154015792
"FEDm_57",0.0201308006430316,0.147899346815622,0.0223051037947542,0.0253792095109525,0.0206693142118481,0.0360308008617454,0.0227303498048358,0.0287152468605548,0.0621343361169112,0.0191860135832059,0.0253308653856814,0.0192209933124431,0.0220072760021086,0.0209953743477939,0.0269656966066474,0.0258265426490826,0.0206294475849749,0.0228269212618276,0.0260718512006069,0.0320230843509642,0.0256890239121081,0.0249662277758403,0.0208648497428566,0.042986101153521,0.022307856977833,0.0235035977095708,0.0262617830485734,0.0207939847341395,0.0265591697703013,0.118988830269664
"FEDm_58",0.0208387386564122,0.137861615024256,0.0207924173988154,0.0231896813287489,0.0216995868650306,0.0416050138902913,0.0249699888888191,0.0285005517470778,0.0545148584293028,0.0250979476770649,0.021857988052309,0.0233658557502703,0.0233569380497504,0.0229241154782963,0.0305909339272119,0.026041522701694,0.0202515310978504,0.0257290868696771,0.0258794250930618,0.0325750980852183,0.0241413719593491,0.03104876544557,0.0204365477686486,0.0323599372573076,0.0220398976490016,0.0257606718000034,0.0233913834554012,0.0191856891788458,0.0284332600375288,0.121559580437185
"FEDm_59",0.0232742326814709,0.138881344517035,0.0246634157318635,0.0225940903730079,0.0214319617789071,0.0421892557527917,0.0222558579621465,0.02804667187331,0.0543199453252651,0.0195733582073563,0.0223496636668496,0.024974086088155,0.0232225167048279,0.0233971576686368,0.0247568176470274,0.0260959667659917,0.0198341347706371,0.027424212626936,0.0246261118946047,0.0325003637458884,0.0210914313441552,0.0268009920921551,0.0204656541925009,0.0368503770751116,0.0233624804649847,0.021302565315237,0.0255264853962648,0.0199718488016765,0.0309463687804131,0.127270630754793
"FEDm_6",0.0190460863068036,0.132063420296457,0.026609336118315,0.023965177112954,0.0204416868798012,0.0334307068705895,0.0257199753338073,0.0248844747365924,0.0460884559731552,0.0255391064407205,0.0253541110891784,0.0222754341518621,0.0198409088862859,0.0214602530120598,0.0283987340050918,0.0279267528661339,0.0200537243931972,0.0246496857421936,0.0260499424351489,0.0299889527990694,0.0204641319061958,0.0243013436432816,0.0206846535999326,0.0340353991808575,0.0197770363345521,0.0254465311954929,0.0201986189807684,0.0190611270564713,0.028184083360833,0.164060149292198
"FEDm_60",0.0179373946756119,0.150555739480069,0.020623902338859,0.0260803099055232,0.0215473096075308,0.0338463716830875,0.0246615310835345,0.0348100637889764,0.0509271803486702,0.0217688062116432,0.024969113102241,0.0209428433187431,0.0212538529986236,0.0262196236430838,0.0235159446409247,0.02364931461444,0.02159725715509,0.0248459117354645,0.0210770374950417,0.0312029449745608,0.021314687706301,0.0287858892989861,0.0230978372275739,0.0345353718153926,0.0196421008634428,0.0272556455940098,0.0282373680065014,0.0183180948703059,0.0242159883260519,0.132564563489716
"FEDm_61",0.0181005827850596,0.156724554737477,0.019083823711621,0.0245188881781655,0.0202594787373088,0.0347579406765851,0.0192574979610533,0.0280018138632933,0.0636293802986586,0.0204344899395253,0.0242414052645361,0.0210599043009104,0.0205638690909117,0.0200199760940427,0.0280000001831672,0.0236247499847672,0.0186203883315474,0.0264896288356149,0.0280223736058137,0.0349617655409433,0.0236480414746383,0.0290542428975654,0.0218071424159152,0.0372809230262698,0.0180955283114505,0.0241492228913843,0.027303562994558,0.0212206858423436,0.0276353517337055,0.119432786291167
"FEDm_62",0.019788499243955,0.162178797183419,0.0201271004372637,0.0231202194148688,0.0185483972198058,0.0310919916701772,0.0221680182555338,0.0276344720843816,0.0586051737935586,0.020486553932033,0.0257866877739098,0.0200441294460644,0.0214482532729334,0.0190817580424273,0.0241394691790096,0.0255542293874442,0.0193783169432253,0.0254100414209016,0.0239898173655603,0.0278449183677965,0.0228232090842454,0.0254835711834014,0.0203649072908428,0.0363960665289907,0.0230977971990749,0.0272718449267316,0.0242370262886035,0.0194766310449533,0.0257635605626789,0.138658541456209
"FEDm_63",0.0209471372414214,0.160630496647956,0.0214570621230099,0.0260458655600135,0.019560873903771,0.0390117216867273,0.0257691653834504,0.0254483864058584,0.0572737910430038,0.0211485720685144,0.0264367977111106,0.017852472344836,0.0206517871669602,0.0201122088185482,0.0268452079069021,0.0242855193895988,0.0186037975336277,0.0263987275439478,0.0273637327595963,0.033175757206032,0.0216748522333594,0.027099193293685,0.0214933544176285,0.0293505582896276,0.020293913365313,0.0313976527195548,0.0245547247643568,0.017611789405293,0.0247239999246924,0.122780881141603
"FEDm_64",0.0180803807116646,0.164628720758063,0.0200237323218209,0.0239460842360896,0.020823430582846,0.0397926940969078,0.0238485602048787,0.0264303911872633,0.0473844666824718,0.0221019636334879,0.0217558365722949,0.0190478607217987,0.0183687311270445,0.02016903809208,0.0254940162968087,0.0254797357388354,0.0197495529620714,0.0257126019649853,0.031577091442278,0.0364986404286236,0.0216160718496247,0.0255749367699036,0.0196667867869375,0.0288197588267548,0.0205671512444095,0.0226018793590417,0.0201349586872221,0.0188209125072183,0.0324871356139172,0.138796878592657
"FEDm_65",0.0189955406442538,0.170456650309292,0.0195526044301261,0.0255964456661964,0.0198844025640428,0.037436992569562,0.0246925658453801,0.0253230825470282,0.0390179469316021,0.0238186329173016,0.0261470957725737,0.0190634610212454,0.020164617419456,0.0201692036776445,0.0275488490577579,0.0256171009134744,0.01983812294483,0.0266941292485999,0.026802800987618,0.0335553524530902,0.0171679814565596,0.0283035143875869,0.0205773495710953,0.0322347189887826,0.0196606906015632,0.0246633598971597,0.0245485106474768,0.0205191939298624,0.0282919705452874,0.133657112053551
"FEDm_66",0.0202733284131432,0.162441416497189,0.0196367535393597,0.0275080454956992,0.0201101454848598,0.0301897675062224,0.0224113559602577,0.0244976879754351,0.0444199814773107,0.0232681905012651,0.0259531024945733,0.0209366371538565,0.0202453149561392,0.020330928624647,0.0322368779213776,0.0233433739119941,0.0213103504085674,0.0325156455783555,0.0240544489986252,0.0306124694055106,0.0231848819591517,0.0263186513442624,0.0199504165802342,0.0279032231125274,0.0231967329763721,0.024932522583389,0.0254223179333308,0.0188106465319845,0.0301918322582962,0.133792952416063
"FEDm_67",0.0206140805401441,0.144151378181635,0.0239194846286738,0.0241690724958232,0.0201381624117825,0.0367198342209856,0.0237015530647651,0.0250660567352591,0.0474186767242338,0.0246119056698883,0.0268910963539632,0.0173794803733714,0.0215544945719152,0.0181084581409606,0.0278129659762282,0.0247582710356178,0.0174904103630578,0.0279982856431498,0.0259829802224439,0.0378345532333136,0.0232144556401247,0.023494050492097,0.0201992577015171,0.0438103554288082,0.0203198464060044,0.0226187315619446,0.0222388151796733,0.0213992602768361,0.0274544378971633,0.138929588828619
"FEDm_68",0.0178589604539582,0.149573223118966,0.0213310496126821,0.022254112094202,0.02075325611117,0.0331145321939713,0.0244443869367968,0.0277643373004261,0.0471076482432148,0.0214772118641003,0.0222406970694998,0.0205325614451078,0.0231697226193631,0.0220080782228502,0.027836759032299,0.0260598230995119,0.0185545686686705,0.0285709973639923,0.028672628337258,0.0364328798017907,0.0261609960214021,0.0265886659786336,0.0187532237464895,0.0394662555025621,0.0207961758343283,0.0210997834723166,0.020370495536725,0.0184798082612421,0.0293031594686167,0.139224002587853
"FEDm_69",0.0199207216904808,0.132789873568708,0.0266702819004523,0.0221642860935776,0.0210623905798211,0.0345671777740978,0.0253735814208852,0.0285218065416061,0.0436647473461263,0.022238994102108,0.0261198720529101,0.0220113661573554,0.0248244663496971,0.0200436916648925,0.0287698395948725,0.0253320678115721,0.0207140278064974,0.0306487008715185,0.0278018721152866,0.04380435526623,0.0222529276690358,0.0266076205852372,0.0238885250277011,0.0292917906108522,0.021507788325115,0.0229889009388869,0.0261329215020604,0.0194057438306673,0.028321754804356,0.132557905997393
"FEDm_7",0.0189512592263877,0.14408418932377,0.0282075433977342,0.0214311156069588,0.0199890723067952,0.0319576718637411,0.0249111170162286,0.0285271627915177,0.041081999971562,0.0206923942772048,0.0225173789858477,0.0176606608377237,0.019036916657988,0.019034391289771,0.0230031882955825,0.0240412587768421,0.019135545236625,0.0267376113701035,0.0280403894978023,0.0350391970714476,0.0217356481529409,0.0255241633204711,0.0167833256575284,0.0356736848290902,0.0203539746040296,0.0263937503709714,0.0216965907355902,0.0204164502682625,0.0266077771338263,0.170734571125655
"FEDm_70",0.0278810796385853,0.130374352871545,0.0211219332596006,0.0229412616262319,0.0201075251556054,0.0364967291158988,0.0281814939402869,0.0262687909976769,0.0527746383550658,0.0232414446095454,0.0227827257518142,0.0197282951040454,0.0214534651436688,0.0210296822728457,0.0243394076783987,0.0238326351571182,0.0192783993234205,0.0287640064300613,0.0228935544801855,0.0540471709286157,0.0207193626499099,0.0236580095499258,0.020948091502611,0.0357206182251089,0.021150770035004,0.0202290975909281,0.025019699820689,0.0218274493036697,0.03478618915276,0.128402120329178
"FEDm_71",0.0238036780033669,0.13002986053617,0.0271155703181606,0.0240759092495578,0.024073530028623,0.0352468627479119,0.0232225922924591,0.0273908340122959,0.0383933451604047,0.0260450709353275,0.0250929554363708,0.0185715189767286,0.0214766308673494,0.0217143600742167,0.0260299992764408,0.0254331843909666,0.0196143879368548,0.0273259379554363,0.0305497933805985,0.0386967004283402,0.0235709922212927,0.0243132574218704,0.0225907730662881,0.0392077043015114,0.020515108637459,0.0226290371619096,0.0255752342468967,0.0212026519957313,0.0307925096001884,0.135700009339272
"FEDm_72",0.0239481831673059,0.12867606295938,0.0241308045830585,0.0246456027008196,0.0231317979716998,0.0330237163528854,0.0257343169195887,0.026355661781289,0.0423371693155122,0.0234834513527032,0.0244115292009135,0.0190492105963087,0.0214302050874825,0.0230392253485605,0.0266259352144751,0.022586248106414,0.0214462760127068,0.0261067741386902,0.0250932229792862,0.0506235087486028,0.0259400697520391,0.0262941270791069,0.0219263108063116,0.0398916688349542,0.0191571072661051,0.0242101815862849,0.0274861514982254,0.0206641441294906,0.0283712946584234,0.130180041851376
"FEDm_73",0.0189959441114444,0.146979752639902,0.0270129454360439,0.0262322467974291,0.0188018390654497,0.0391520813854675,0.0233765594969267,0.0300536678105612,0.04635516185787,0.0223269729632756,0.0247714666506575,0.0211850453372159,0.0202577524678279,0.0214820869299233,0.0253682110691954,0.0252212536382083,0.0199829248451618,0.0224841536904541,0.0242051988648762,0.0441891210528889,0.0233556693480052,0.02537099164882,0.0201604241657942,0.0349535982130004,0.0269494675901633,0.0243495341398332,0.0262893085849142,0.0197141783462954,0.0256605660796846,0.12476187577271
"FEDm_74",0.0201019147032023,0.141781364112846,0.0283872582448573,0.0258599951731318,0.0228625380063038,0.0320659987529095,0.0237844397584225,0.0263121879262531,0.0429025445682482,0.0223927344527799,0.0227781281392881,0.0192772573831555,0.0196114901762919,0.0195183769384583,0.0275826300546382,0.0278421164346138,0.0214146430334651,0.0268676900600503,0.0245662866378105,0.0445300366481558,0.0272070702211775,0.0225950422343796,0.0229188567604811,0.0281066039510389,0.0234455872278506,0.0230220850965027,0.0226939825472882,0.0219227152076829,0.032656455476921,0.134991970071796
"FEDm_75",0.0198774485797811,0.151735670757041,0.0262085420439699,0.0221606270323555,0.0225278869983118,0.0373306234181654,0.0242080972410461,0.025401770141644,0.047002345850421,0.0207228697597,0.0251764449517011,0.0203174196259038,0.0195003746457089,0.0204409566708657,0.0291217223763891,0.0254821953692346,0.0190762926908738,0.0285635002448468,0.0296523636272407,0.0390950398262914,0.0204894284331729,0.0280835750219339,0.0225629847544037,0.0284770271419585,0.0235933797886891,0.021843718921652,0.0251977616260782,0.0211524752324008,0.0253479839828223,0.129649473245397
"FEDm_76",0.0195215050616401,0.126000319498873,0.0271573365565263,0.0294134416406648,0.0204990177697463,0.0394208360951521,0.0246976998431296,0.0286286079446851,0.0452121001937909,0.022514850195684,0.0255324002506828,0.0198981020449535,0.0218268900217672,0.0208529417603604,0.0288116943687575,0.0288752927598192,0.0196120131964535,0.0266419641791952,0.0286816928903858,0.0374470170139491,0.0246628199313389,0.0277213389319367,0.0248359276671256,0.0327044893758026,0.0240967126538804,0.0220511817009621,0.0271333558177396,0.0192567375240931,0.0272433399798858,0.129048373131019
"FEDm_77",0.0211928160743316,0.144648933332426,0.0251651910209378,0.0224866345226332,0.0197160836028766,0.0349601256174862,0.024279497647152,0.0241781037658637,0.0444292549941625,0.0248509378729346,0.0267200534418976,0.0219928695800791,0.0210845988737628,0.023465682521403,0.0315636486186656,0.0258900366840304,0.0197906308501783,0.0274846849633561,0.0281063129730147,0.0369671249647461,0.0265988786200566,0.0332221959875674,0.0213644818643595,0.0273966189228728,0.0262638974701563,0.0252271966947149,0.0264670093872554,0.0194276735368648,0.0250389895860342,0.12001983600818
"FEDm_78",0.0209214603490939,0.154503196137145,0.022672750499235,0.0235377472159004,0.0217167121416878,0.0377632900302036,0.0210493741430352,0.0257758477704127,0.0472563139370469,0.0230283994987393,0.0245907239360328,0.0225577147273109,0.0219572830321792,0.0227332662726008,0.0253299626475526,0.0267443115650217,0.0175401006113408,0.0252851236924369,0.0233762166574456,0.0384323208663719,0.0211896233032094,0.0317372508314572,0.0219566498409002,0.0312085286267496,0.0231220709020862,0.0259143030596551,0.0265198492200771,0.0198135989378128,0.030649601238819,0.12111640830844
"FEDm_79",0.0209345941282098,0.142644339272492,0.0267609082170022,0.0246599388885417,0.0236387244754976,0.0384824175962276,0.0246006117926045,0.0241511791029361,0.0373848387723847,0.0216848940287856,0.027531748699679,0.0182501281576448,0.0190884977748543,0.0228847393797543,0.0275645844827098,0.0256019780701088,0.0191796979133437,0.0250661364362012,0.0245303935021336,0.0376195475977582,0.021947084708698,0.0273830148126601,0.0219747886281002,0.0334715778979224,0.0225962617518168,0.0246099428660935,0.0244609343635004,0.0193690777412357,0.0287190262884612,0.143208392652642
"FEDm_8",0.0181412073871975,0.122161509399217,0.0291478372633484,0.0248803922041307,0.0188962680496286,0.0367152223869437,0.0264671472129799,0.0253871339460753,0.0512430142120866,0.0212766233895435,0.0199813039206219,0.0223124246569055,0.0206867474157342,0.0187751789984692,0.0222564517516795,0.0244170598472385,0.0189733916298319,0.0230829228447081,0.0246551145372613,0.0308211331407301,0.0239645355593991,0.0296580602660469,0.0185414650712301,0.0371578116967491,0.0196253026046495,0.0259856337842212,0.0228024601200582,0.0191680739984663,0.0299897633956814,0.172828809309167
"FEDm_80",0.01986115370683,0.141584846448227,0.0281584374432935,0.0221373828637141,0.0227408505329862,0.0310321884200859,0.0294049202312929,0.0268479650898951,0.0351143236261702,0.0255188119326573,0.0257728499035676,0.0212485347908539,0.0220950452989857,0.0249405573876541,0.0247260113079297,0.0240002876419025,0.0201472985790089,0.0284367114924785,0.0240833761294586,0.0345442945290535,0.0215072814656816,0.031827914910125,0.0254359536119551,0.0286665275328437,0.0212574284362996,0.0260510869626447,0.0260876410671345,0.0223563384217268,0.0316991880745165,0.132714792161027
"FEDm_81",0.0240543050886329,0.132294655272529,0.0325522878485752,0.0220442194451814,0.0251905540317578,0.0280451434589182,0.0240687804909731,0.0280044778084272,0.0406673309090579,0.0207578580066369,0.0263124691512101,0.0202971250809471,0.0230695169556941,0.0215619323885154,0.0250189744304977,0.0258130135802673,0.0242794786821133,0.0275220693617001,0.031673826683446,0.0381000761628705,0.0226849731276357,0.0286979378010868,0.023081343379352,0.0283147335778429,0.0221479448152677,0.0241628539036296,0.0234648008697291,0.0201806272680531,0.0247256649378765,0.141211025481575
"FEDm_82",0.0244539247676868,0.146919649783674,0.0285685710607369,0.024884225675558,0.0200819288399709,0.037062662118897,0.0230536440866267,0.0224637112702235,0.0527134092288043,0.0214838521854838,0.025134419966716,0.0177468675309656,0.0203534473714835,0.0194815748100869,0.0259178971574304,0.0252056301700906,0.0189860814733952,0.0254367633264866,0.0271591509064031,0.0398101586957208,0.0206128198811794,0.0350781156405559,0.0224006360547071,0.030270506803906,0.0197071107821534,0.0243021515871887,0.0195418007355442,0.0212425434075654,0.0316005060067326,0.128326238674026
"FEDm_83",0.026018810131562,0.141337616859962,0.0243416343770295,0.0235872651470529,0.0201626918621648,0.0388360040312445,0.0274823427381556,0.0253536033478795,0.0394551486111348,0.0197515070640597,0.0258926290142389,0.0180326698132985,0.0214165675305959,0.0220811569388533,0.0307775169988156,0.0236969725302716,0.0213937353090174,0.0282149618119589,0.0237993369845762,0.0303659968427933,0.025324344351837,0.0264066871194274,0.0215239035855968,0.0277374851150998,0.0217301475142218,0.023621648259347,0.0261882194894603,0.0180823453188987,0.0342048113780717,0.143182239923375
"FEDm_84",0.0199305521343024,0.109329525747203,0.0321524741592537,0.0277985941522956,0.0220401461275696,0.03197340127083,0.026192771738199,0.0246513874121156,0.0365424995106298,0.0215496823366565,0.0261780202560857,0.0212099873104428,0.0200731579376514,0.0205766852119314,0.0292678203533166,0.026918713439881,0.0199557448790666,0.0249280953832064,0.028372310637432,0.0379111097502643,0.0189972490036374,0.0296764134882497,0.0207493391771061,0.0433674959143429,0.0208583995282724,0.0243454370284001,0.0286202587623162,0.0186728921878096,0.0277499975617409,0.159409837599792
"FEDm_85",0.0203657387013021,0.134501388126372,0.0262630932405512,0.0221156275442113,0.0223723491036148,0.0358961169663793,0.0262835403381704,0.0317803110719444,0.0404185506274745,0.0201539642744572,0.0266197832130763,0.0215403223928979,0.0221030814682435,0.0237343642984099,0.0269929407847426,0.0266965968940755,0.019206713381698,0.0291631478247121,0.0261860786237287,0.0288290054391819,0.0191985573045087,0.0289458494618973,0.0208923716439984,0.0311177129297894,0.0247351846894026,0.0317747955511754,0.0283561553104474,0.0201910218246042,0.0305147579094598,0.133050879059473
"FEDm_86",0.020452765577152,0.1398346597164,0.0297715391660551,0.0249842439111315,0.0202104310724643,0.0255517362255977,0.0249395828164211,0.0284817364081041,0.0401171193765121,0.0219112619411822,0.024027868725515,0.0216380207109571,0.0198257640121992,0.0201887541618375,0.0246887214343556,0.027555067516735,0.0188996431191624,0.0312942394096242,0.0245201524194493,0.0378398045192001,0.0212612036740031,0.0285615272729852,0.0226052958961861,0.0295684311304371,0.0215351801968015,0.0241356985479885,0.0258408975077951,0.0223107196221169,0.0260175065510832,0.151430427360548
"FEDm_87",0.0218474183187653,0.116516340501187,0.0267264833926717,0.0263909071185105,0.0209560061274512,0.0329065415205974,0.0289641052558942,0.0262013997845498,0.0450868957079769,0.0228173360491704,0.0234098620133517,0.0205140967595094,0.0219611460594802,0.0249003621161884,0.0258219395313732,0.0324970360276267,0.0194136470536329,0.0268862700345344,0.0312906712734301,0.0372669319946618,0.0208425283598264,0.0346311804086988,0.0239239636123423,0.0309829552110572,0.0223953501119894,0.0241043415411448,0.0258550117642607,0.0194425296506138,0.029398349922521,0.136048392776982
"FEDm_88",0.0217166710753454,0.127242438465032,0.0272366393258743,0.0255859156522086,0.022542719680726,0.0364208257732463,0.0260012558500962,0.0331885553134054,0.0466774660615306,0.0227020482554185,0.0239964590943125,0.0206002218747938,0.0198989038688825,0.0224724537187303,0.0270283838242896,0.0281122560513766,0.0204278096671183,0.0230921092029083,0.0319152282401064,0.034178555934163,0.021785524489422,0.0278522607448589,0.0216115849906888,0.0307328623305308,0.0202239822858343,0.0254239591346013,0.0211674966012513,0.0197181282561885,0.0232235636583775,0.147223720578682
"FEDm_89",0.0179551050272947,0.147451358055058,0.0245508235753063,0.0268780738601687,0.0215125091955938,0.0351751776371331,0.0269063572461655,0.0298678602698333,0.0415963319562725,0.0205133148142279,0.0250605214843309,0.0208682658558198,0.0211034035437767,0.0191644381723942,0.0251968613074638,0.0348527407979061,0.020155407229397,0.0258514570152508,0.0327333904152767,0.0332803143639091,0.0193477443378423,0.0258034960595775,0.0204214435800813,0.0375079431928112,0.0190372453936846,0.021532318373344,0.0274084561421817,0.0205608342754747,0.0260830924601906,0.131623714362233
"FEDm_9",0.0192338894903158,0.144796872761671,0.0194422055014966,0.024831780173729,0.018405202531292,0.0303930190086221,0.0236646984756743,0.0295818363110771,0.044734447199674,0.0223410869071922,0.0284235593044241,0.0206139784258363,0.020502944344363,0.0199655878550911,0.0232635043179784,0.0266372257539139,0.0184901805441294,0.0251093880584656,0.0291373398905938,0.0274756337754982,0.0212106964580855,0.025836359313577,0.0201719284305414,0.0340133454346828,0.0240878079427246,0.0238458867492351,0.023807075221766,0.0187147916673835,0.0262231088635079,0.165044619287458
"FEDm_90",0.0210460126864302,0.139824307523615,0.0273624461708148,0.0262686225127611,0.0223900446652868,0.0314475053648131,0.0268314431830248,0.029641693173494,0.0457792741705019,0.0200671989112157,0.0250368138273431,0.0195658708819741,0.0201432797149135,0.0220754676555955,0.0265088509121487,0.0411706153776043,0.0185552961616029,0.0326693639252882,0.0251132830963928,0.0288241331695984,0.0219433448308404,0.030471600691403,0.0198493203431073,0.0333927351359544,0.0229012200332668,0.0234658134455358,0.0238458015411731,0.0186387467101132,0.0290748090768424,0.126095085107345
"FEDm_91",0.0212778077542092,0.159340762060163,0.025005065738176,0.0261627559023192,0.0221549803580222,0.0345372321784898,0.028438811113698,0.0279004256972468,0.0533144199531184,0.0178799009349718,0.0218029072651527,0.0194070808650838,0.0210368768832412,0.0193814708865656,0.0249791520471852,0.0331590012608255,0.0189047160066476,0.0234873950663345,0.0250338536468666,0.030492506956552,0.0203260591101964,0.0247104774617345,0.0233980784491594,0.0317258862408261,0.0221711486759286,0.0231954488395018,0.027891603201833,0.0182028189687979,0.026018664645552,0.128662691831601
"FEDm_92",0.017616715013672,0.155334131090759,0.02402441923952,0.0221144564874576,0.0211283819926757,0.0321672295514142,0.0238155462730478,0.0296694302306044,0.0599729222107675,0.0218103969344053,0.0224573228636109,0.0197161439457701,0.0205456572972775,0.0231254346226676,0.0239247543169858,0.0296843592211479,0.0195275826512812,0.0240503984222606,0.0221901510373058,0.0312012151168554,0.0203735306668773,0.0272858285512554,0.0192460278484032,0.0407209124517588,0.019475302045651,0.0242029701113617,0.0240544110714497,0.0186020159157568,0.0272800378218198,0.13468231499618
"FEDm_93",0.0181621044336197,0.155988118686251,0.0216148920497564,0.02252995481245,0.0211259668450597,0.0294478440132031,0.0276002120779693,0.0293077568439953,0.05714569850121,0.0206346908041814,0.0228288939411503,0.0194209866900666,0.0223911259456358,0.0200637157844394,0.0253184634552364,0.0295731159670174,0.0179764061053823,0.0239410227632191,0.0264392806529776,0.0314162985280864,0.0200141478945825,0.0301331787094531,0.018420925488619,0.0302772945458359,0.0226508106238283,0.0252513663363134,0.0290809909816786,0.018338638707215,0.0278352868245099,0.135070810987057
"FEDm_94",0.0191635034211597,0.146902714012422,0.0244029434825341,0.0212757337586477,0.0201198622638844,0.0350804118551608,0.0266447999981688,0.0341221503086025,0.05683707566358,0.0210072068404649,0.025971271825978,0.0192442136089291,0.0186781973970233,0.0195067088963968,0.0246905702090781,0.0302261952948021,0.0184396078526158,0.0249748234657252,0.019961184696097,0.0344516204469111,0.0172806258017098,0.0302095688499408,0.0222968018564239,0.0358168159263908,0.0217397761518228,0.025701160205617,0.0225243452252859,0.0200622691170081,0.0245635246152745,0.138104316952345
"FEDm_95",0.0194451361132825,0.131567937739274,0.0285720169416918,0.0260440986616437,0.0235443093015822,0.0307815197153293,0.0258472629050539,0.0274000024451779,0.0524458386062832,0.0227695926410864,0.0263200127237479,0.0195967423472199,0.0212141018365626,0.0202609893915635,0.0283075712820548,0.0340244236992009,0.0214112471722523,0.022951318138563,0.0267668615018261,0.0285353482393265,0.0210012320959683,0.0264139566379365,0.0216409880724287,0.0368140289236424,0.0227011351470059,0.0257135354475102,0.0270225789257719,0.0187134035316582,0.0260374503906772,0.136135359424678
"FEDm_96",0.0213448556600784,0.10989041082421,0.0235324513508478,0.0251458104997682,0.0204744017201886,0.0246352322252604,0.0302853478083228,0.0257008486615936,0.0596544643584937,0.0263712730453755,0.0267110563406397,0.019754086861253,0.0212961057421373,0.0234884641579594,0.0282971655820488,0.0360770491640722,0.0233068451084227,0.0291587313024099,0.0275207008861836,0.0256682126806636,0.0226237632121633,0.0278178321241513,0.0222881721775751,0.039274298558412,0.0208362294218935,0.0217536631392754,0.0243404462315682,0.0206472209684965,0.0244965149334182,0.147608345253118
"FEDm_97",0.0196502357211745,0.139915192408573,0.022498107222732,0.0242561316601611,0.0227856944478827,0.031012741997968,0.0288669774644452,0.0305544196635705,0.0427631202523108,0.0206333076242281,0.0225046997825173,0.0233462580070539,0.0216895438477449,0.0218128011789973,0.0243226116079114,0.0293732704332895,0.0209261140802908,0.0240186665622264,0.0351408696897917,0.0259082468643193,0.0224396985558496,0.0265228916642836,0.0201232433924287,0.0462952508642598,0.0255069279855464,0.0282304105862075,0.0237526774617682,0.0208604423880991,0.0250116844922744,0.129277762092094
"FEDm_98",0.0207125918308674,0.130607562988033,0.0210888286054654,0.025618635585689,0.0231389979040095,0.0295054207820759,0.0258987717831854,0.0283878393318363,0.0773805268296446,0.0219487830330097,0.0224847822854342,0.0183906192646192,0.0193724007275518,0.0215933975200465,0.0276671749030642,0.0331534085500414,0.0195667449619051,0.0215918853396256,0.0242692517465073,0.0286105971423109,0.0203849689526512,0.0283034633497693,0.0235952126227012,0.0373746677375915,0.0195629266772236,0.0235817447179757,0.0239697949729012,0.0216622128665767,0.0298896006178379,0.130687186369849
"FEDm_99",0.0180788557132238,0.139897989593645,0.0199613727520719,0.0283940533760209,0.0203879877118872,0.0300487691217445,0.0209426476113705,0.0277697507458885,0.068888277612471,0.0194580653061494,0.0248918573580882,0.0198538895041539,0.0187261956880314,0.0204741980018918,0.0257804193961345,0.0334024823789375,0.0188638701865383,0.0222005416479128,0.022025374147512,0.0309260949582063,0.0212206138688483,0.0301297315219844,0.0199427248671233,0.0380791404418335,0.0225257345493716,0.0198578684507648,0.0227726350607088,0.0209814729492187,0.0249170837523445,0.148600301725923
