"quarter","T1","T2","T3","T4","T5","T6","T7","T8","T9","T10","T11","T12","T13","T14","T15","T16","T17","T18","T19","T20","T21","T22","T23","T24","T25","T26","T27","T28","T29","T30","T1_news","T2_news","T3_news","T4_news","T5_news","T6_news","T7_news","T8_news","T9_news","T10_news","T11_news","T12_news","T13_news","T14_news","T15_news","T16_news","T17_news","T18_news","T19_news","T20_news","T21_news","T22_news","T23_news","T24_news","T25_news","T26_news","T27_news","T28_news","T29_news","T30_news"
1993-01-01,0.0172461900923133,0.135839669746968,0.0295981355632925,0.0217639142173406,0.0192194143326885,0.0388030768424723,0.0246980981256855,0.0301750657259418,0.0411296687193764,0.0245593934074827,0.0221845240378296,0.0197886348881281,0.0211054255302546,0.0185458306697467,0.0255555778803222,0.0273437461410889,0.0174005697519585,0.0248057592533615,0.0269206205893494,0.0285154936971326,0.0195379214521195,0.0261552015927448,0.0201952160684242,0.0341558475420367,0.0204560580993991,0.029379199170854,0.0197833437937996,0.0169311091077044,0.0267278824224421,0.171479411537742,0.0512276531461399,0.0212418018578064,0.039366040172819,0.0370454232693272,0.0440763115362227,0.0340681660408998,0.0582116396279571,0.0479013950997182,0.0246041528601356,0.0256736917047043,0.0293248891633682,0.0290220477177367,0.0302314115979902,0.0443128857066777,0.0303652749865292,0.0293526823191634,0.0268462740210725,0.0420034178260477,0.0268540056452024,0.0293809832739016,0.0219150632822512,0.022426324851534,0.0388928483685645,0.0343382262114217,0.0319486027834699,0.0240741900622907,0.0341889878546104,0.0403495768012878,0.0313282808925683,0.0194277513185817
1993-04-01,0.0202357181067551,0.137491153027455,0.0245846033639888,0.0283789952038244,0.0219828187829242,0.0404170438607819,0.025107998938447,0.0234047925973602,0.0415519143527794,0.0199675443689569,0.0235571964942609,0.0183108021353874,0.0197809873596886,0.0191248151584701,0.0245008821885717,0.0266091315822724,0.018235530087259,0.0212912115760527,0.0299404851817772,0.0287192665836965,0.0218297508193531,0.0235601289338867,0.0178069912564255,0.0421157594614174,0.0203849571488281,0.0211995709440535,0.0186912711237837,0.0191207776749609,0.0253725217857875,0.176725379900794,0.0286949419220693,0.0172957475639098,0.0481501474726368,0.036091327641323,0.05238115066536,0.0281785121480223,0.0543287303659893,0.0384583111005779,0.0365434235628847,0.0236728309459271,0.0373026596308115,0.0234805569210538,0.0281306379238787,0.037582686101545,0.0310867593439606,0.0303939202908495,0.0308188867994214,0.0501357384241697,0.0270942696897822,0.0220930766728244,0.0231366686941657,0.0297444709575033,0.030494070500837,0.0374713377440133,0.0375656964272469,0.0302251303739711,0.0374608915589685,0.0457021963037174,0.0273988802445782,0.0188863420080019
1993-07-01,0.0187434033578784,0.131851318267903,0.0267020031787581,0.0229206958900111,0.0214034718398137,0.0333366436395112,0.0265364206437642,0.028509745313703,0.043529038964027,0.0237246784465143,0.0227266085436984,0.0206164849629249,0.0203850004376977,0.0209719042518686,0.0266177019987607,0.0264727818265767,0.0197857259830265,0.0256324593424548,0.0276763324975674,0.0314882144224297,0.0209898146736877,0.0241121036336666,0.0213693338058849,0.0359526138230962,0.0218712755253408,0.0269021372844027,0.0194825298048031,0.0184639376211982,0.0268685127552155,0.164357107263815,0.0436724268935277,0.0203968433859357,0.0312594959856538,0.0350533506067195,0.0370282879741481,0.0448345032573662,0.0439377871561676,0.0428443803343505,0.0259323537445171,0.0244183926424282,0.0334235449915033,0.0291494930603107,0.0259116850757916,0.0473807859649331,0.0269069694379471,0.0297231087415588,0.0322082786000793,0.0362655146293313,0.0272521104224653,0.0277583238741388,0.0296209058445795,0.0288508720189682,0.0307155870716585,0.0343352644485887,0.0451536884075004,0.0257720129023249,0.046658686888597,0.0437130827084192,0.0303183676741776,0.0195038952563125
1993-10-01,0.0185462333067926,0.133122849361493,0.0286776903305413,0.0231557539055448,0.0194426701782119,0.0343364471253424,0.0256891321146042,0.0269571483687965,0.0461625070918243,0.0209845088333741,0.0212493414532348,0.0199865427473146,0.0198618320368611,0.0189047851441201,0.022629820023631,0.0242291593120403,0.0190544684332285,0.0249102671074058,0.0263477520175318,0.0329301651060889,0.02285009185617,0.027591111793259,0.0176623953643793,0.0364157482629197,0.0199896386043396,0.0261896920775963,0.0222495254278242,0.0197922621333644,0.0282987702647539,0.171781690217411,0.0463651323479718,0.0198942934571148,0.0284235768151875,0.0366423146381907,0.0342690781711626,0.0306257992734658,0.0409517069541556,0.0390189014328528,0.0256686190270758,0.0240536534156639,0.033608883639075,0.0410992017857522,0.0215648750131957,0.045294048483135,0.0295968584096753,0.0292079188351791,0.0323419804427473,0.0455794757567866,0.032840640303206,0.0259540507587073,0.044831848755579,0.0264070767133402,0.0405583539510009,0.0325541577407279,0.0333877421349877,0.0229698791471976,0.0399287663392933,0.0449473070869266,0.0322222323463162,0.0191916268243299
1994-01-01,0.0195341235757554,0.135673306244923,0.0193015130851178,0.0254443238195041,0.0195861423565111,0.0330192618480872,0.0248762278601761,0.0297800106156163,0.0464332292978727,0.0227571952427775,0.0257660791511795,0.0207555702761659,0.0204197151575078,0.0188184093561926,0.0254782829461507,0.0249339539396062,0.0191340216122149,0.0246600458910025,0.0272423956844974,0.0305131666083455,0.0211171349188911,0.0247754619083944,0.0195817754203928,0.0350056041914811,0.0237553751762089,0.0241720426958277,0.0220348270728824,0.0177099889308385,0.0276055917784287,0.170115223337449,0.0413981541806785,0.019292306532428,0.0339810045469508,0.0363135434221959,0.0377170886531605,0.0316706965387146,0.0428991776731841,0.0467924212485974,0.0332185011180588,0.0224084528704383,0.0293672709638524,0.0315928331082533,0.0214590989700467,0.0537633010444295,0.0343751279874535,0.0260533122888246,0.0302521911733301,0.0473074494322622,0.0241848698799757,0.0251687589067587,0.0332741399881404,0.0261589364551814,0.0399440155174226,0.0453221852314332,0.0330261899041823,0.0210805540532656,0.0426490835769033,0.0425379485695249,0.027978046300468,0.0188133398638847
1994-04-01,0.0215088357898233,0.156203535064812,0.0183166836728767,0.0202946837502356,0.0194842499683771,0.0352465880194273,0.0218922244201414,0.0296338575412609,0.0524048045131826,0.023839166383503,0.024132835821479,0.0207248057308433,0.0188508938427046,0.0194149063822452,0.0277217591113634,0.0288654253311343,0.0202694479232994,0.0233408557665129,0.028154960758376,0.0256015138817406,0.0192990655254892,0.0271183545853691,0.0200593364945415,0.0380163835829283,0.0203373834417503,0.0231404854460533,0.0208177467886723,0.0173459169919801,0.0307256392046504,0.147237654265227,0.0319054972231713,0.0215271858646923,0.0309937124862983,0.0335078542339953,0.031924201578649,0.0393931723969437,0.0545866834525565,0.0487307380092009,0.0329024490765531,0.0249187666403941,0.0333637994588551,0.0242633117675652,0.0286162932918155,0.0322262281007647,0.0404008882753995,0.0220479804281023,0.0314245494512603,0.0520082574114215,0.0460254437137806,0.0244394256768211,0.0196389666835701,0.0271743514760905,0.0338350952117004,0.0606766941807542,0.0343368017263599,0.0252209430828845,0.0266133357488073,0.0343952530709377,0.0360056755750688,0.016896444705586
1994-07-01,0.0181199608782361,0.151195944596771,0.0199292331830758,0.0235637475399687,0.0202582021195848,0.0352315785684366,0.0246954363637856,0.0298126929752885,0.0465302922170453,0.0231469603458651,0.0258365076384903,0.0191393952377131,0.0203250256002123,0.0194258935170301,0.0245557110033404,0.0247734131143403,0.0188333283325376,0.0231151046958944,0.0257325202193086,0.029323865882244,0.0192072058449284,0.0243499672091861,0.0197239628273061,0.0388839259071869,0.0208551583036029,0.0251460558075483,0.0194968601919871,0.0175205429801474,0.0285840807964106,0.162687426102528,0.0355368166646439,0.0240422925498675,0.024666829965282,0.0324465828077629,0.0318510111134912,0.0428821109336098,0.0545798382513143,0.0474038288635534,0.0299805198171622,0.0235757897686665,0.0284548843654313,0.026919834096263,0.0228143906130697,0.0454816676321278,0.0463862534933939,0.025914801136846,0.0310402393794625,0.0519963606435853,0.0389065743995894,0.0239803241049424,0.0272104648691641,0.023827302535855,0.0339802226164387,0.0477012762807225,0.0298673513481103,0.0247730883739576,0.0379290511462071,0.0365632923690511,0.0285750623659478,0.0207119374944807
1994-10-01,0.0176439928242141,0.137503697985315,0.0204079381791578,0.026334356603986,0.0206040999408008,0.0328853927472652,0.0233963550692679,0.0263882588030078,0.0382985198797939,0.0221939838163241,0.0256673752763116,0.0205716384823979,0.0204775501342922,0.0187066444821311,0.0232956336635853,0.026379515538528,0.021307025189964,0.0228708022383352,0.0307645806048702,0.0312506171173796,0.0199809622305666,0.025692421723207,0.0207200228925899,0.0420143972780325,0.019199848084478,0.0277718332908461,0.0213779427773826,0.0176879195251157,0.0271345837866709,0.171472089834183,0.0364588620058807,0.0192117113337472,0.0382794622994742,0.0304152968448568,0.037799029908296,0.0273389871361282,0.059782823471357,0.0365498956676664,0.0302986570958364,0.0251246512442482,0.0422176214644344,0.0293036403860155,0.0201754396132944,0.0487884465564832,0.0385830726941969,0.0218322848783429,0.0370246533462134,0.0451160114605836,0.0382278215397227,0.0188405116380357,0.0326436457187027,0.0297928774977079,0.0323889653888286,0.0314588538093774,0.0481811611892537,0.0216081372876522,0.0399393347323264,0.0354732142781986,0.02794933213829,0.0191955973748488
1995-01-01,0.0182077563283954,0.145116088180039,0.022568903819938,0.0251901983140625,0.0199527794456304,0.0379217150504443,0.0228802802587166,0.0318184726109443,0.0459150222650464,0.0217917355882113,0.0264021485379962,0.018810118911745,0.0206228888352749,0.017568962400852,0.0242078958640683,0.0223219991736862,0.0194327577917034,0.0260539188308333,0.0239275251953013,0.0317696930631077,0.0223746608063759,0.0257840375578322,0.0200005861290181,0.0376033539758749,0.0188497490082975,0.0256732990797651,0.0211956654636081,0.0183125769088269,0.0260237824424568,0.161701428161948,0.0275834373377844,0.0227559047601222,0.0298667939685186,0.0363903401675179,0.0386901643322022,0.0407742483150182,0.0565861795928011,0.044828449433625,0.0225688750040728,0.0375926642892222,0.0339111708374319,0.0243001380374613,0.0174666685336892,0.0274440251838086,0.0361829845914148,0.0268708696636865,0.0360141948884985,0.049596354111656,0.0407355821747733,0.0231951057030238,0.0388328857993969,0.0289044152086285,0.0381046194157883,0.0377258125841832,0.031656034337831,0.0257668702356426,0.034999308112779,0.0409314699630456,0.0327338670865664,0.01699056632981
1995-04-01,0.0178752602306595,0.149580089041301,0.0251970104449427,0.0278511101114179,0.017959167224775,0.0350393488642895,0.019827974115432,0.030097076283894,0.0436157381548141,0.0188949367662093,0.0250385328357395,0.0174996417399126,0.0227782338911267,0.020411031567792,0.0230333086617838,0.0256160194056306,0.0175099217951642,0.0227994950322263,0.0289989688459856,0.0358794762649612,0.0203728242709176,0.0300748473332785,0.0204376479075694,0.0355069182768017,0.0202146587582975,0.0275691581868987,0.0217788478650713,0.0172981346960926,0.0300716937426982,0.151172927684317,0.0206576518418824,0.0180266382624548,0.048959531418945,0.0396103349171873,0.0426051684565072,0.043469753688145,0.0585196613491901,0.034671898790691,0.0224299998857573,0.0248625791653241,0.0296089306397667,0.0281384719227415,0.0308568524141293,0.0444898163672885,0.0328462376219171,0.0245486080713201,0.0375962097078397,0.0546234871817983,0.0314032060958672,0.0215390242875188,0.0247303272577588,0.0249772159017705,0.0362989845696856,0.0307845586875897,0.0332926672614122,0.0297555914162202,0.0394820290801864,0.0390271060780087,0.0316076353155735,0.0205798223455233
1995-07-01,0.0183405327992593,0.142600339994634,0.0239917539837786,0.0228421935211593,0.0196903816156331,0.036185805375158,0.0248145690103017,0.0291350348920706,0.0408846076432454,0.0201266205917496,0.0241961241395737,0.0196102191042892,0.0210952020694143,0.0201002915676573,0.0241321881685814,0.0236656937010429,0.019118956920696,0.0230889581038941,0.0291769002898911,0.0334320305840346,0.0203951765930663,0.027489465904935,0.0204889885760838,0.0343355735027975,0.0197799237519811,0.025828408048328,0.0212109045528478,0.0192706294782019,0.0275868405775059,0.167385684938188,0.0344094507836538,0.0246300757643326,0.0299410050141556,0.0329816273473954,0.0312020921402817,0.053577112144353,0.045081556156384,0.0538212367967142,0.0192549321917892,0.0294142475636565,0.030540317758668,0.0298173123791856,0.025953734226326,0.0397117320327236,0.0262086723406753,0.0286869850819531,0.0301493152001842,0.0435286526613342,0.0303420976746776,0.0256037214331637,0.0328151387668167,0.0259647359731687,0.0340374589932317,0.0455251352532518,0.0433925255390648,0.0297675694156251,0.0335407519215484,0.0360406910849096,0.0334656953060756,0.0205944210547002
1995-10-01,0.0180524181141415,0.155694002962988,0.0235665590825664,0.0209053531347912,0.0218346908637806,0.0309204402313967,0.0242841163868184,0.025518029192162,0.0363886424284349,0.0218101383021834,0.0224644452957016,0.0200212428994696,0.0191558753017278,0.0203482118194619,0.0247437679631412,0.0283305250573941,0.0180490825276088,0.0245065636234129,0.0296936160098139,0.0285572317597588,0.0195124637881887,0.0249030718190427,0.0200673098446175,0.0348421626895751,0.0207902518765337,0.0249497010991094,0.0193904803438675,0.0186171308422799,0.0277228310462195,0.174359643693813,0.0317692382769921,0.0194901733398445,0.0415849998580555,0.0366997612765881,0.0318345172525942,0.0360435683501401,0.053494084888651,0.0408060136520563,0.0253153668761255,0.0302027548133465,0.0291111447713782,0.0325180590459872,0.0334101984199471,0.0472819075834043,0.0356807880122478,0.0224055456761615,0.0307989821273168,0.0572291866565735,0.0314919259779167,0.0222299622357989,0.0325524739913078,0.0299547582217304,0.0337686934543218,0.0359343871713088,0.0384066299007686,0.020400599091784,0.0391800226172452,0.0360970191185543,0.0239408417276115,0.0203663956142422
1996-01-01,0.0191161214305176,0.147074707770346,0.0222921626266527,0.0223127347637278,0.0209610880583211,0.0360021175867695,0.0243570868258259,0.031914656212262,0.0438066010168885,0.0222504906686824,0.0229697018177368,0.0173936403477268,0.0210514100911865,0.0193977174867702,0.0286668425383749,0.0232634917932847,0.0185961610037797,0.0228082235934998,0.0258032976655527,0.0308036762541532,0.0194557963300223,0.0268609267889735,0.0205457072076893,0.0396245870239626,0.020891404418233,0.0232774818966997,0.02027021391087,0.0183617396693609,0.0300062805832929,0.159863932618836,0.0441067314768852,0.0226262584135923,0.041949626221226,0.0316950108939487,0.0326652243853311,0.0318900012841236,0.0360684074195902,0.0460312255027775,0.026366724211643,0.0275096319098064,0.0293619326651167,0.0292580886435708,0.0308384551220734,0.0438117474402488,0.0348089329795632,0.0288111640483123,0.0378805905501825,0.0363329931572172,0.0310492332959428,0.026114051888589,0.0275793813513839,0.0355228710623375,0.0373988814199001,0.0313761875345911,0.0419285935689518,0.0283069381047268,0.0381356417247224,0.0378797465698606,0.0329174201053744,0.0197783070484108
1996-04-01,0.0171854173962341,0.145357905411163,0.0230949255103804,0.0261059660547419,0.0188012959778873,0.0341222867872589,0.0216842335465695,0.0255909718476903,0.051144834585871,0.0206810031321989,0.0272998235222674,0.0190995021113678,0.0218224321907264,0.0194938133160903,0.0239241734499661,0.0287317834540338,0.0171539647581218,0.0252997183675061,0.0251585186007899,0.0318062150651982,0.0187154666000019,0.024731921456252,0.0170559485396086,0.0372132865001046,0.0199152737227077,0.0251025123360913,0.0236538834774265,0.0178830685062428,0.026914667101867,0.165255186673635,0.0279028057017277,0.0227048414485959,0.0291235509277296,0.0309302530837055,0.0240047409677718,0.0294535283235372,0.0621810208532395,0.0533448248257956,0.036055039903821,0.0222462385863523,0.0269035656236677,0.0194654585087976,0.0216439321979249,0.0422647388904874,0.0349901370446979,0.020387175042702,0.0377322544436261,0.0586348310290598,0.032774869263216,0.0236006284762777,0.0260849681198422,0.0356581474592308,0.0371199629373639,0.0402617043942663,0.0545618159632059,0.022462499938366,0.0386634662934614,0.0291345149653935,0.0359447072674489,0.0237637775186882
1996-07-01,0.0199454568429692,0.151561762633057,0.0216741733754358,0.0239735905397911,0.0198489131213828,0.0332913112085118,0.0242971211530711,0.0275092709960192,0.0513900970898595,0.022300940141131,0.0234963600279383,0.0213359150919277,0.0214761152611233,0.0191452922578684,0.025480519800508,0.0272912175964198,0.0184941175347274,0.0248289233772667,0.0254260893133847,0.0283099942122695,0.0194503402433045,0.0246476875132855,0.0195068280576777,0.0342850118524854,0.019414426781949,0.0249008967061369,0.0223052953549702,0.0195671134521657,0.0267904199427315,0.158054798520631,0.0390448520093137,0.0264758668137288,0.0327476956025497,0.0315825840152176,0.036587981865487,0.028474934240382,0.0421917874410085,0.0546476054657588,0.0224798387211422,0.0239007049106836,0.0306538121304711,0.027467060852827,0.0268466015772833,0.0564996259200393,0.0261244129034048,0.0260987884532865,0.0252684143025049,0.055703727331282,0.0340872304122282,0.025385220304901,0.0257383075585182,0.0269383855527149,0.0349740272515143,0.0546449442896163,0.0379962507594252,0.0221500678916611,0.0387463200930509,0.0389299919742137,0.0266797523479965,0.0209332070077889
1996-10-01,0.0173053387079183,0.162517015715601,0.0219814740599404,0.0205508979421474,0.0185870609898296,0.0335061900478229,0.0240570830697382,0.0250984184832053,0.0527180204559699,0.02406139717834,0.0230319778880281,0.0204715963806284,0.0203944207206486,0.0179893026323725,0.0225876589309457,0.0265889033964841,0.0191444930611375,0.0247903613537456,0.0284884511125098,0.0267748857772467,0.0212971999752739,0.0248919457891844,0.0176407204630112,0.0335379591603331,0.0205409626674116,0.0256797983494256,0.0189498226080668,0.0178939263728082,0.0213150991890688,0.167607617521156,0.032610264019209,0.0214063996297581,0.0336762945014491,0.0340931209250764,0.0413154710018856,0.0363334598923364,0.0470972155011384,0.0545309920111555,0.0248538263591204,0.0182776263429651,0.0349592546448948,0.0314860188647558,0.0319269548427161,0.0437488389192252,0.0302614335095609,0.0269895975022392,0.0357610008520545,0.0516470521092518,0.0335680952836696,0.0233455603705888,0.0215884213668893,0.0233923377476106,0.0328409385839318,0.0322193108918,0.042428018810186,0.0260036351701329,0.0377536703354065,0.0469140375871575,0.0292889742255368,0.0196821781982979
1997-01-01,0.0182311096057158,0.15012893153889,0.0221280314133491,0.021231692324389,0.0214579693214346,0.0332359390539,0.0232880892819488,0.0267715468777613,0.0471294981473863,0.0212007375549237,0.0234018197050999,0.0202631551849628,0.0210601691432695,0.0203697449350798,0.0241187854613972,0.0273397138588932,0.0183901399778258,0.0253872339410054,0.0257754494362928,0.0314925501933152,0.0206539979210498,0.0252989136699583,0.0213639646384995,0.0332467044276923,0.021582010745889,0.0243561992403028,0.0206007852240946,0.018748713133437,0.022846492240645,0.168899911801592,0.0376752207189265,0.0221101522812348,0.035933004798676,0.0439605189318861,0.0365750305404269,0.0239160030415361,0.0413158161168922,0.0448835481421271,0.0208635530120509,0.0198505278847308,0.0337973926716146,0.0323165590416531,0.0248078359430297,0.0413430358390563,0.0346852412739004,0.0300659042327357,0.0364437750519611,0.0476104469461884,0.0208821981009614,0.0222331124208218,0.0299940310434771,0.0383259887300018,0.0356810551331833,0.0352549426177818,0.0546498461518344,0.0230075534600397,0.0381118916434656,0.0493177986416724,0.0258298629682536,0.0185581526198806
1997-04-01,0.0178070581194979,0.162295189554476,0.0275902796009784,0.0201305332298635,0.0180033878985501,0.0382095546636699,0.0205546203658536,0.0270843158603539,0.0411746173492091,0.0197804488622107,0.0235021875156803,0.0183942677414893,0.022247637952145,0.0186538853582029,0.0241610235052076,0.028364335170207,0.0187448076185933,0.0256436550489394,0.0226990810754521,0.0286425133186976,0.0214361670222207,0.0253693295657184,0.018870263333543,0.034912817314145,0.0199576295154261,0.0230342492964749,0.0199210271910638,0.018668011085087,0.0234543859699078,0.170692719897136,0.0211780707976324,0.0242696920816486,0.0297062770941679,0.0416536974722624,0.0307539588258999,0.0363464606240851,0.0488237971119854,0.0544992597163264,0.0285525648699804,0.0210997417337296,0.0478642646732865,0.0370336938931836,0.0268034209588337,0.0362083750427851,0.0307621280742576,0.0183481016277011,0.0323592828090019,0.0566923903794783,0.0277652499465445,0.0220264390677388,0.0256109094021631,0.0365784246105362,0.0369826060302077,0.0511730553840108,0.0320922231027075,0.0264031786261254,0.0322461505121183,0.0380881990478095,0.0254943753733635,0.0225840111104286
1997-07-01,0.0178294665261923,0.160878149907151,0.0196026765385943,0.0236917142876694,0.0181430260295681,0.0367660265921384,0.023927088043382,0.0286627029697594,0.0459171709566716,0.0214517551258315,0.0249403313933989,0.0201176131785594,0.0222805143182485,0.0175939274273925,0.0254633704203244,0.02830185095081,0.0186693948986546,0.0253198312509709,0.0261596948055362,0.0284140953492286,0.0185411891048875,0.0269954679782749,0.0194650841393553,0.0343602725580598,0.0206333280250905,0.0236885707551204,0.0190621143825169,0.018735665515216,0.0253704056395056,0.159017500931892,0.0249182238375726,0.0269224103675272,0.0297015377351964,0.0344037891391286,0.0384301628756041,0.0330458119031649,0.0524524934227724,0.0592895891052137,0.0236450676846371,0.021219086255025,0.0312112481352457,0.0365825711569287,0.0224858849775198,0.0373493025884676,0.0336878891934413,0.0267374312268788,0.0383667451173475,0.0580229460542208,0.0329918007231229,0.0295380017099134,0.0346080043707852,0.0281585641654608,0.0341686253298691,0.0358618924163551,0.0406473490836975,0.0214244760422646,0.0304382529047292,0.0379115192865249,0.0259416575924345,0.0198376655989507
1997-10-01,0.0202671895062377,0.147225015547788,0.021675229950215,0.0237217275068191,0.0190520660832776,0.0378953369331376,0.0260974153798538,0.0276397975540328,0.0455956058043101,0.0226797018415785,0.0226418997672818,0.0209707694054292,0.0232388477496445,0.0204140951022673,0.0294286735590446,0.0301907624890205,0.0192214182509189,0.0219395593408069,0.0249594346071548,0.028562598588208,0.0272195853340101,0.0242928181705684,0.0215925202872921,0.0332279421436579,0.0205552542379733,0.0234686632667335,0.0229921766109715,0.0182573974832891,0.0255437120612674,0.149432785437209,0.0440243851338499,0.019011399590694,0.026302262025272,0.036813758312636,0.0370045925197504,0.0385211294601906,0.0427341548183877,0.0476030394382205,0.0227604142741142,0.0478704537459106,0.0296303247082951,0.0304606814267974,0.0208347087575214,0.0510096333050724,0.0257573773457171,0.0264675889572238,0.0281392064539966,0.0398575247953493,0.0285874084261196,0.0230313381587158,0.0519506835608238,0.0306867271046005,0.0337746396227162,0.0251357271352442,0.0384120127117999,0.0236822521749495,0.0415732277372507,0.0426891638624848,0.0270003678896402,0.0186738165466558
1998-01-01,0.0179113702730802,0.154583362406109,0.0191857643005957,0.0243869804357,0.0191501148418998,0.0397742388649894,0.0230445410659179,0.0264573332363167,0.0543338357791494,0.0236356095394984,0.0224034022475542,0.0197599590941938,0.0197904824319635,0.0201137240354448,0.0289307898259587,0.0238827365807811,0.0181467103171796,0.0245718747148405,0.0264668229240312,0.0304382326593506,0.022970737347922,0.0242145933967473,0.0210338670020968,0.0359737900519824,0.0204454774947104,0.0259120666604885,0.0194092077061841,0.0193457842896244,0.0218840041996562,0.151842586276033,0.0421999376080687,0.0222976109991673,0.0388063460221825,0.0386898723010971,0.0305186317226777,0.0317032522520587,0.0337290046299248,0.0486725934342575,0.0231004727633329,0.0443481087377773,0.0284709379276617,0.0302903450652209,0.0224925197156561,0.0382177095258158,0.0246027887564743,0.0240332315081577,0.0347098873153591,0.036573331054862,0.0334717779602266,0.0299150068901046,0.0471783663947667,0.025810058745052,0.0346791172734992,0.0290233985251945,0.0500241592425117,0.0198894004745873,0.0391891396080337,0.0480616898768065,0.0294836159178738,0.0198176877515912
1998-04-01,0.0172252698632554,0.16038662017379,0.0190399665582919,0.0262714565752231,0.0193075130440764,0.0444733277545044,0.0220841361893845,0.025149265916662,0.0469374651960824,0.0228431857291513,0.0230916879281238,0.0180301351930039,0.0221403441678312,0.0177336766590799,0.0284102676103365,0.0232943547142461,0.0173144999316058,0.0248194473062626,0.0274166160165698,0.0292426281224693,0.0252338901092891,0.0246515137489248,0.0180087795776129,0.0419190864610651,0.0187532387586703,0.0244611215792124,0.0191773257292088,0.0167207390734117,0.0266021350854535,0.149260305227201,0.0425661958803626,0.0234827117774424,0.0216754136750454,0.0372934761719695,0.0336702769009384,0.0379914467960619,0.0388296312516452,0.0422182558314221,0.0209989851471068,0.0423460559553019,0.0306965495590627,0.0289077463310298,0.0229828851784657,0.0452537817935166,0.0321161961109415,0.0198163122132686,0.0288929044563236,0.0409703648312782,0.025611613643406,0.0279609705872676,0.0558453082900526,0.0304429619078315,0.0440211158986098,0.0250166287651492,0.0408828761639836,0.025965525940475,0.0458202978719681,0.0398887653586684,0.0285938545691696,0.0192408911422354
1998-07-01,0.0188525304851027,0.165502328886497,0.0178131493420208,0.022593085464434,0.0176506322977317,0.0459338491529397,0.025652567398427,0.0246217344697552,0.046660916094041,0.0248426927214597,0.0222182139733237,0.0207723984434713,0.0192816183730997,0.0165474298935414,0.0312783906194947,0.0276111659145619,0.0185622437804894,0.024390793028092,0.026464474701066,0.0281473905622164,0.0263210503551324,0.0215517528067133,0.0192798513675025,0.0289596801672289,0.0203467264393465,0.0234695879012279,0.0190931966656973,0.0162823614287748,0.0276057825865565,0.151692404680054,0.0421240591069776,0.0214634829272657,0.0250907190092961,0.0386812667848773,0.0248805394481873,0.0460191844333672,0.0389559602563788,0.0361003038136815,0.0200525027175553,0.0573540423476465,0.0283137039959261,0.0299518277696737,0.0236131869079728,0.0407579574302794,0.0495225546080107,0.0226184289428329,0.0261232464695133,0.0457401226974709,0.034982981451121,0.0330640243969127,0.0437313844199091,0.0334831471728524,0.0277733625703995,0.0360759941275829,0.035711073965833,0.0248554607339469,0.0352202389739491,0.0401810309164627,0.0195282862607037,0.0180299253434138
1998-10-01,0.019634087521076,0.151409607225387,0.0205947815281485,0.0219239775960642,0.0202079016774362,0.0393737271200176,0.02499012191337,0.0273739947541358,0.0443884234225723,0.0258615803698544,0.0267783532822244,0.0191893280093125,0.0199492533701466,0.0197809648108139,0.0266571243240624,0.0286793092065342,0.0182581078465859,0.028770954278973,0.0255682773220035,0.0316972562620713,0.024822312409946,0.0277041599112818,0.0197035023577141,0.0316771953316673,0.0208233378322261,0.02328507320426,0.0205101640323902,0.0165648170262282,0.0261664173040475,0.147655888749449,0.0402656694964659,0.0185642122740625,0.0488987312252235,0.0350040878630982,0.0323703273360676,0.0350855758301561,0.0313710437980883,0.040766028874437,0.023401317117022,0.0353941392878063,0.0297660082335035,0.02145203998259,0.0218942832869672,0.042624348173764,0.0342687503235121,0.0236672164078697,0.0299894793857589,0.0392425403568677,0.03208079949461,0.0358326674752063,0.046396351664037,0.0296618173328459,0.0322252942885364,0.0342278128387742,0.0475350102035291,0.0319732989613396,0.042059864672131,0.0412036687365739,0.0220593756634575,0.0207182394156987
1999-01-01,0.018791997542349,0.159774228446084,0.0213943233373968,0.0224801407947777,0.0193469635249966,0.0393358578815655,0.025351827515856,0.0306145754541224,0.050936021285186,0.0212573419425871,0.0236903210327113,0.0183275251016635,0.0202796747132874,0.0208659604351153,0.0256868840793588,0.0262749775352547,0.0181237708532063,0.0246016764167398,0.02302486086929,0.0354561594411218,0.0254019059928386,0.0302571404417722,0.0198882945588479,0.0334259661479337,0.0211610716251692,0.0231778665139902,0.019854686924671,0.0207666494302861,0.0247213561416166,0.135729974020205,0.0374186843100814,0.0227853648672637,0.0432020066203616,0.0330711770512893,0.0315105250282064,0.0317659893445673,0.03966992261,0.0473006670321392,0.0227516352957804,0.0357025539610738,0.0305816433747017,0.0252958832446225,0.0235278210653425,0.0379856759370863,0.0278186350859167,0.0216290229723093,0.0368807188620765,0.0561582885508532,0.040133754147067,0.028166548752259,0.0487858058171865,0.030291296026916,0.0376506549691469,0.0250341515170339,0.0363341634978535,0.0282061093067177,0.0353340196893411,0.0335592770186643,0.0337020505433797,0.0177459535007631
1999-04-01,0.0182010720388632,0.16451486939696,0.0219398125006251,0.0224230191629254,0.0195614887849594,0.0376253337953995,0.0249372657287366,0.0261386645968466,0.0621755234708159,0.022213005590872,0.0209404967157962,0.0194534285356266,0.0199174501838483,0.0182529925484282,0.0216335235659912,0.0240896929755075,0.0175207455018733,0.0267487287691871,0.024863447589471,0.032196907488035,0.0227688983596411,0.0250876098795409,0.01879061139346,0.0358701076956829,0.0213465977399981,0.0237796592760684,0.0196442625930557,0.0186251489302526,0.0269679808046051,0.141771654386928,0.0477135595633616,0.0217204904982364,0.0270290906110549,0.0382412849991964,0.0456178344163014,0.0299801198046959,0.0380314430055752,0.0432410469595095,0.0240652957136583,0.0314755381132348,0.0348487312046325,0.0264318928099971,0.0206380851598561,0.0528517660761944,0.0292986171254924,0.0227204957684205,0.0282505014830862,0.0512162476083728,0.031181063568172,0.0275596673126256,0.0344299458485901,0.0289885782424458,0.0315794156549809,0.036979871120902,0.0388931340480727,0.0233363729436829,0.0405056391101273,0.0420778770109796,0.0323079462859513,0.0187884479325931
1999-07-01,0.0197396140479065,0.153165994114963,0.0226037317078573,0.0225543405991641,0.0203784542557862,0.0387206627418065,0.0252075686572636,0.0273841735712601,0.0478742169744666,0.0194426725416772,0.0274066230219701,0.0200479249262825,0.0212455480309302,0.0191580301067735,0.0270547205427614,0.0278306948327948,0.0190982414335329,0.0250972778647999,0.0259234008998147,0.0318046784523795,0.0246702185525821,0.0235075824251902,0.0196515037852771,0.0407062078260048,0.0219967471282404,0.0242426090968254,0.0238337906941014,0.0202001096381568,0.0280295022456734,0.131423159283758,0.0256016708341005,0.024615476343722,0.0277995918014602,0.0406606794292902,0.0219736098516606,0.0398404927280059,0.0413860292860801,0.0464215603422361,0.0296350948603906,0.0392600940892947,0.0306847910155733,0.0270641921840707,0.0194154754956074,0.0358459854885808,0.0328291365941829,0.0230055525954834,0.0248726477498348,0.054164300451817,0.0355214340706946,0.0385968387096262,0.0389415315131143,0.030561175882815,0.039419338167629,0.0457985087913794,0.0480380574938873,0.0272497917072135,0.0304429625001736,0.0318958533918314,0.0271705486392365,0.0212875779910079
1999-10-01,0.0189384660799691,0.16063410465043,0.0190252214852581,0.0235068618955331,0.0198603104861759,0.0428398321535101,0.0236441630376466,0.0249316767456786,0.0584525580859211,0.0206689575367483,0.0232039336240841,0.0192884909318617,0.0194711533607351,0.0195027181476204,0.0248235231064076,0.0231912977583409,0.0183599234583733,0.0268170875307872,0.0282929830034474,0.0289176515445229,0.0234384386615138,0.0257725364408357,0.0193298910264154,0.0355040844828942,0.0217049186741914,0.0204568365558414,0.0217474894292946,0.0190756751097797,0.0270061792504167,0.141593035745766,0.0384847083358416,0.0240705146158794,0.0241180638391443,0.039700001657215,0.030268578904718,0.0314925523810803,0.0346910372484204,0.0419409853746977,0.0296212026697768,0.0324424561002997,0.0305779550990325,0.0325513307816573,0.0232966077207623,0.0431503546648135,0.0368979551336127,0.0274962126583813,0.0284452530813255,0.0534854330798413,0.0309029726887937,0.0293107902952204,0.0440921977132873,0.0284815364303879,0.0412493548008252,0.0391062593132019,0.038664902515435,0.0240697189105575,0.0373408615783866,0.0387986589675488,0.0262420950295744,0.0190094484102819
2000-01-01,0.0204847696497219,0.142880480919939,0.0215487605967848,0.0242844454198507,0.0211844505384393,0.0388179073760184,0.0238501693468274,0.0286078993038163,0.058324597273107,0.0221419806301354,0.0235944267189952,0.0212934245313567,0.0226821070259295,0.0219597449130451,0.0287783152669297,0.0259340326753883,0.0204404893414127,0.0242780040657524,0.0259756381468343,0.0322990912180913,0.0249151979357286,0.0280074966107051,0.0206506987557526,0.0376730192054143,0.0221738773134173,0.0246321347547871,0.0248265832519873,0.0199898369564927,0.0274962149039151,0.120274205353425,0.0378500225630941,0.0246761979749218,0.0460906095793038,0.0390372218151095,0.0370994259613377,0.0219464417389945,0.0345742377348734,0.0395115460589488,0.0306153587181428,0.0315476245607437,0.0318101979953106,0.0324494092157995,0.024626856685654,0.0422352459872871,0.0325691424963501,0.0273947351604529,0.0324537416330319,0.0526278994445962,0.0317859366927064,0.0251813855571181,0.0369255780522473,0.0268234002406419,0.038400177816453,0.0392508010122539,0.03847138065622,0.0264375436905327,0.0361189787809874,0.0394277443454426,0.0235341338471244,0.0185270239843203
2000-04-01,0.0206058136785414,0.144718541998552,0.0226436590353613,0.0243372001392656,0.021489635693219,0.0380178137179396,0.0234586945228405,0.0314283678311432,0.0526235628369676,0.0206710822094998,0.0236593883845453,0.0229584647034491,0.0222381848517258,0.0248083906558603,0.0241363811439761,0.0248726406902159,0.0207156959628636,0.0261350621812002,0.0228515746948232,0.0318516543602246,0.0212030595252281,0.0277934406955706,0.0217817457100374,0.0356928744452521,0.0215022906642138,0.0242791054546234,0.0268819267013831,0.0191449718359912,0.0275811785532325,0.129917597122254,0.0361002436026044,0.0225822287857857,0.0299574905901731,0.0438590426423509,0.0285769370396467,0.0257896617654897,0.0365310156780821,0.043588827519351,0.0301177922210263,0.0238043722555125,0.0348574514372626,0.0370395478370634,0.0251597140707677,0.0457255024133141,0.0293019503106999,0.0270544758418676,0.0309134240351863,0.0433179448070851,0.028629368910819,0.0304659456689824,0.0297063690102869,0.0305759161726503,0.0405429314218221,0.0458804629278921,0.0414553188299243,0.0298047602549449,0.0300479039979677,0.0508996634379902,0.0277810217254391,0.0199327147880119
2000-07-01,0.0181005827850596,0.156724554737477,0.019083823711621,0.0245188881781655,0.0202594787373088,0.0347579406765851,0.0192574979610533,0.0280018138632933,0.0636293802986586,0.0204344899395253,0.0242414052645361,0.0210599043009104,0.0205638690909117,0.0200199760940427,0.0280000001831672,0.0236247499847672,0.0186203883315474,0.0264896288356149,0.0280223736058137,0.0349617655409433,0.0236480414746383,0.0290542428975654,0.0218071424159152,0.0372809230262698,0.0180955283114505,0.0241492228913843,0.027303562994558,0.0212206858423436,0.0276353517337055,0.119432786291167,0.0309038346718473,0.0226284886063184,0.0228479028830036,0.0401867048961307,0.023560681253385,0.0260899779711437,0.0413334150101051,0.0450839530057284,0.045083039231431,0.0212401659323171,0.0303116473419129,0.0376599479120705,0.0211771630528685,0.0294578708407507,0.0310451347611804,0.0248237141946313,0.0215580917499237,0.0765498017518744,0.0487681465283729,0.035020662728227,0.0258858309223982,0.0250479745083784,0.0439871134733298,0.045406342102968,0.0294058430972474,0.025426506156175,0.0296106904274209,0.0486447454122094,0.037535375573007,0.0137192340036433
2000-10-01,0.0196053390656803,0.162479338196479,0.0205359649606982,0.024370723070324,0.0196442339021409,0.0366321358179374,0.0239285812812876,0.0265044165591678,0.0544211438396781,0.0212456965446784,0.0246597740191051,0.018981487504233,0.0201562571889794,0.0197876683176852,0.0254928977942401,0.0251064948386261,0.0192438891463081,0.0258404569766116,0.0276435471891449,0.032506438667484,0.0220380443890765,0.02605256708233,0.0205083494984696,0.031522127881791,0.0213196206029325,0.027090459001776,0.0229755699133941,0.0186364443191549,0.0276582320337628,0.133412100396823,0.0340660892708481,0.0249316561716308,0.0352066335677084,0.0392924505142385,0.0509434662925999,0.0220867753865927,0.0325276769440934,0.0427210575399552,0.0331434648183252,0.024905649410834,0.0363978993954741,0.0404736721322929,0.0261510469943562,0.047495770544438,0.025810933135008,0.0239973239329992,0.0355084124039215,0.04023558748558,0.0441751420656131,0.034505969741188,0.031177185116529,0.0203685400248183,0.0438282229499927,0.0282310895287887,0.0336433983775164,0.0183762336454102,0.0352555479189712,0.0470717930732161,0.0279815972755858,0.0194897143414745
2001-01-01,0.0196344345286985,0.16644903340324,0.0195946789847429,0.0265522455809478,0.0199972740244513,0.0338133800378922,0.0235519609028189,0.0249103852612317,0.0417189642044564,0.0235434117092833,0.0260500991335735,0.020000049087551,0.0202049661877976,0.0202500661511457,0.0298928634895678,0.0244802374127343,0.0205742366766987,0.0296048874134777,0.0254286249931216,0.0320839109293004,0.0201764317078557,0.0273110828659246,0.0202638830756647,0.030068971050655,0.0214287117889677,0.0247979412402743,0.0249854142904038,0.0196649202309234,0.0292419014017918,0.133725032234807,0.0305154571480028,0.024659437623757,0.0397458801368245,0.0414066163823303,0.0358161428165225,0.0302526630674538,0.0268357524796567,0.0356418566251899,0.0271584816507036,0.0277319089041208,0.0285547808780683,0.0286491922842093,0.020745681120995,0.0327551526910086,0.0306822428783333,0.0289646647046279,0.0298003644671509,0.0550201806033703,0.0524297505092268,0.0489151734545039,0.0236179849052138,0.0251435364969416,0.0471669647161111,0.0419629048150907,0.0375959787972213,0.0208849231186332,0.034748919023427,0.0398641216932567,0.0315093925953382,0.0212238934127103
2001-04-01,0.0192365204970512,0.146862300650301,0.022625267120678,0.0232115922950126,0.0204457092614762,0.0349171832074784,0.024072970000781,0.0264151970178426,0.0472631624837243,0.0230445587669943,0.0245658967117315,0.0189560209092396,0.0223621085956391,0.0200582681819054,0.0278248625042636,0.0254090470675649,0.0180224895158642,0.028284641503571,0.027327804279851,0.0371337165175522,0.0246877258307634,0.0250413582353653,0.0194762407240033,0.0416383054656852,0.0205580111201664,0.0218592575171306,0.0213046553581991,0.0199395342690391,0.02837879868289,0.139076795708236,0.0304191577092689,0.0271378436815461,0.0360499180717136,0.0396958510807537,0.0395624875129769,0.028233422794129,0.0368780884191159,0.0451018931296785,0.0240317424268894,0.0287426816600671,0.031421864065164,0.03409407576713,0.0258801153377178,0.0483262305687279,0.027167060381097,0.0241714784762445,0.0285798968089166,0.047444991188945,0.0470835776750483,0.0350259635878044,0.0301227237100316,0.0278347008955224,0.0485030171814959,0.0362446546925394,0.0301872177175536,0.0219913086267066,0.0355860123086394,0.0357937676641139,0.0283202453888414,0.0203680114716214
2001-07-01,0.0199207216904808,0.132789873568708,0.0266702819004523,0.0221642860935776,0.0210623905798211,0.0345671777740978,0.0253735814208852,0.0285218065416061,0.0436647473461263,0.022238994102108,0.0261198720529101,0.0220113661573554,0.0248244663496971,0.0200436916648925,0.0287698395948725,0.0253320678115721,0.0207140278064974,0.0306487008715185,0.0278018721152866,0.04380435526623,0.0222529276690358,0.0266076205852372,0.0238885250277011,0.0292917906108522,0.021507788325115,0.0229889009388869,0.0261329215020604,0.0194057438306673,0.028321754804356,0.132557905997393,0.0321851954738607,0.0291961133299961,0.0347483116929158,0.0365292543952311,0.029621933423097,0.032205483336999,0.0226786619291563,0.0451806260532207,0.0216446551559661,0.0309838163283555,0.0316884427709222,0.0250782379057786,0.0222675351874623,0.0445279736370538,0.0316325863591462,0.0243213349621698,0.0264556947024968,0.0466901546734855,0.0557475691302083,0.0445490678578056,0.0313659561473694,0.0248574862573489,0.0457274978269106,0.0331824560292679,0.0411176366657701,0.0180088424507666,0.0339957758508707,0.0475333166326281,0.0361038574737381,0.0201745263600023
2001-10-01,0.0252109802697527,0.129693425455698,0.0241227693869399,0.0238875911922031,0.0224376177186427,0.034922436072232,0.0257128010507782,0.0266717622637539,0.0445017176103276,0.0242566556325254,0.0240957367963662,0.0191163415590276,0.0214534336995002,0.021927755898541,0.0256651140564382,0.0239506892181663,0.020113021090994,0.0273989061747293,0.0261788569466901,0.0477891267018529,0.0234101415410806,0.024755131350301,0.0218217251250702,0.0382733304538582,0.0202743286461894,0.0223561054463742,0.026027028521937,0.0212314151429639,0.0313166644704573,0.131427390506609,0.0419709472959939,0.0227324331763582,0.041873027650816,0.04388321429961,0.040660614560739,0.0279347216644739,0.027619379124273,0.0399247991813538,0.0193995495619422,0.0264533082231082,0.0279522956748501,0.0328342705028537,0.0193195393671963,0.032122805410542,0.0280857433771532,0.0374054881341029,0.0374244441371698,0.0430033387242719,0.0443912585067452,0.0468458514507489,0.0261233607925532,0.0259732740606917,0.0432639236204806,0.0279808795971514,0.036663104074627,0.0251802582043034,0.038875822699918,0.0436234534245579,0.0316154884058485,0.0188634050955657
2002-01-01,0.0195489294073233,0.144380558376374,0.0277001018404506,0.0260461209852804,0.0208321885358767,0.0356090400691885,0.0235804996276746,0.0281829278684071,0.0446288532130591,0.0223598537080277,0.0237747973949728,0.0202311513601857,0.0199346213220599,0.0205002319341908,0.0264754205619168,0.0265316850364111,0.0206987839393135,0.0246759218752522,0.0243857427513434,0.0443595788505224,0.0252813697845913,0.0239830169415998,0.0215396404631377,0.0315301010820196,0.025197527409007,0.0236858096181679,0.0244916455661012,0.0208184467769892,0.0291585107783028,0.129876922922253,0.0378088697787372,0.0202459735634968,0.0463879228810807,0.0348888531466984,0.0381858203414496,0.022546873379999,0.0293059567643588,0.0391447448248286,0.0230381082435307,0.0284917549480601,0.0344468471096332,0.041239913028988,0.0235279342642587,0.0331353732465497,0.0339740410352719,0.027023786693308,0.0398999709996561,0.0464667126122252,0.0479956568800165,0.0322476306691434,0.0284117029041236,0.0290712000703139,0.0454466846119103,0.0241400438871441,0.0417563416285583,0.0268703040562672,0.0398049258777044,0.0387002270973217,0.026246130776917,0.019549694678449
2002-04-01,0.0196994768207106,0.138867995127957,0.0266829393002481,0.0257870343365101,0.0215134523840291,0.0383757297566587,0.0244528985420879,0.0270151890431646,0.0461072230221059,0.021618859977692,0.025354422601192,0.0201077608354287,0.0206636323337381,0.020646949215613,0.0289667083725733,0.0271787440645269,0.0193441529436637,0.027602732212021,0.0291670282588133,0.0382710284201202,0.0225761241822559,0.0279024569769353,0.0236994562107646,0.0305907582588806,0.0238450462212847,0.021947450311307,0.0261655587219089,0.020204606378247,0.0262956619813541,0.129348923188208,0.0396360777611569,0.022365954572906,0.032701804036538,0.0391048436618789,0.0358529516319547,0.0245016678244745,0.0276157330034211,0.0420485130117205,0.0239881219109548,0.0251527374357476,0.0321629729283817,0.0429710639716751,0.0255899321409545,0.0388436657650189,0.0295456555066412,0.0322103996705793,0.0370000034958737,0.0537115494179031,0.0338581553967972,0.0375613367310445,0.0314681670560792,0.0244963789271111,0.0416644572307689,0.0231872198019299,0.0371740338887642,0.0307994996361346,0.0371367237445721,0.0469671745097949,0.0333487774297111,0.0173344278995117
2002-07-01,0.0210571382117127,0.149576064734786,0.0239189707600864,0.0230121908692668,0.0207163978722822,0.0363617078238449,0.0226644358950936,0.0249769757681382,0.0458427844656047,0.023939668685837,0.0256553886889652,0.022275292153695,0.021520940952971,0.0230994743970019,0.0284468056331091,0.026317174124526,0.0186653657307595,0.0263849043278965,0.0257412648152302,0.037699722915559,0.023894250961633,0.0324797234095123,0.0216605658526298,0.0293025737748112,0.0246929841861213,0.025570749877185,0.0264934293036663,0.0196206362373388,0.0278442954124266,0.12056812215831,0.0335242383005803,0.0241954759503155,0.0340493268702257,0.0413971109443124,0.0345108233391567,0.0275243412813833,0.0285197707525731,0.0420130230087429,0.0265289549006587,0.0287248859507188,0.0362006997115037,0.0316661675515467,0.0199105910743778,0.0393127763442344,0.0342395957797938,0.0324918078267187,0.0282845423532455,0.0510395638535348,0.0372862868191376,0.038378413233773,0.0319264868174266,0.0295383554927632,0.0405269985782717,0.0236642770448015,0.0370117836724977,0.0265271626148102,0.0389660271762639,0.0470393209954015,0.035855120073641,0.0191460716875894
2002-10-01,0.0203978739175199,0.142114592860359,0.0274596728301479,0.0233986608761279,0.0231897875042419,0.0347573030081567,0.0270027660119487,0.0254995720964156,0.0362495811992775,0.0236018529807214,0.0266522993016233,0.0197493314742494,0.02059177153692,0.0239126483837042,0.0261452978953198,0.0248011328560057,0.0196634982461763,0.0267514239643398,0.0243068848157961,0.0360819210634059,0.0217271830871898,0.0296054648613926,0.0237053711200277,0.0310690527153831,0.0219268450940582,0.0253305149143691,0.0252742877153175,0.0208627080814812,0.0302091071814889,0.137961592406835,0.036726199121485,0.0231834661584795,0.04149220106362,0.034163017447602,0.0532115687733877,0.0272024379476196,0.0305884133813219,0.0413236395262166,0.0218754643562723,0.0252460444076835,0.0398481873198751,0.0319080780320863,0.0199213527786017,0.0330866348506011,0.0319529639303104,0.0346645844923875,0.0318431347268431,0.0436034518873404,0.0382193990068873,0.0337854434612243,0.0337123642805584,0.0287711238093076,0.0417669434911898,0.0274832937482501,0.038605482282001,0.0251806359720048,0.0346713205553927,0.0426660336218707,0.0336870270574885,0.0196100925120914
2003-01-01,0.0242541149281599,0.139607152528102,0.030560429454656,0.0234642225603697,0.0226362414358644,0.0325539027889076,0.0235612122887999,0.0252340945393254,0.0466903700689311,0.0211208550960603,0.0257234445589631,0.0190219963059563,0.0217114821635888,0.0205217535993011,0.0254684357939641,0.025509321875179,0.0216327800777543,0.0264794163440933,0.0294164887949246,0.0389551174292957,0.0216488965044076,0.0318880267208213,0.0227409897170295,0.0292926201908745,0.0209275277987106,0.0242325027454092,0.0215033008026366,0.0207115853378093,0.0281630854723046,0.1347686320778,0.0492868517587225,0.0216995311064597,0.0385222584566636,0.0398074352194783,0.0333628383853313,0.0243112463755631,0.0263615117404122,0.0463271555482755,0.0254016917194374,0.0269706673501939,0.0349486446626301,0.0346103065326142,0.0248880518284883,0.0458881808578615,0.0315118861290459,0.028398319768923,0.0341918211841057,0.039874067801602,0.0374948160340547,0.0306820708215603,0.0277172517835066,0.030880784336186,0.0416243798677152,0.022884548896955,0.0521128771371444,0.0237458739180206,0.0403461949129416,0.0377128919681382,0.0304028477015491,0.0180329961964201
2003-04-01,0.0229746811329322,0.125333571303582,0.0282470542681416,0.0256929296496742,0.0211014189948672,0.0354047026510372,0.0268375572381773,0.0250024953799975,0.0379988240608823,0.0206505947003581,0.0260353246351623,0.0196213285618706,0.0207448627341237,0.0213289210753923,0.0300226686760661,0.0253078429850763,0.020674740094042,0.0265715285975827,0.0260858238110041,0.0341385532965288,0.0221607966777372,0.0280415503038385,0.0211366213813515,0.0355524905147213,0.0212942735212471,0.0239835426438735,0.0274042391258882,0.0183776187533541,0.0309774044699063,0.151296038761583,0.0340136422082708,0.0230299654282509,0.0388257203452178,0.0397940895182717,0.0335120042060933,0.025500962318458,0.0386710183395439,0.0466827926983071,0.0219560659086444,0.0280908920737792,0.0320596649158555,0.0397101073716145,0.0203188933381329,0.032770890587608,0.0329943245470454,0.0301578274936997,0.0369430957247563,0.0423547147761021,0.0462072647110191,0.0344448894532323,0.0249014289140709,0.0266655051547788,0.0448692494339325,0.034696362221297,0.0355764232279141,0.0259972405107044,0.0365833740732783,0.0449668353893511,0.0276370360804762,0.0200677190302936
2003-07-01,0.020409252139227,0.137168023921386,0.0280173162033032,0.0235499357276714,0.0212913900880395,0.0307239265959885,0.0256115615772958,0.0301310237400243,0.0402678350019933,0.0210326131078197,0.0253238259692957,0.0215891715519275,0.0209644227402213,0.0219615592301237,0.0258408311095491,0.0271258322054053,0.0190531782504302,0.0302286936171682,0.025353115521589,0.033334404979191,0.0202298804892559,0.0287536883674413,0.0217488337700922,0.0303430720301133,0.0231351824431021,0.0279552470495819,0.0270985264091212,0.0212508707233606,0.0282661322302715,0.142240653210011,0.034820816917435,0.0261833959794048,0.0316283689284868,0.0398887180609875,0.030144357898304,0.0267323207545383,0.0373390161396411,0.0422059327148698,0.0231583921093447,0.0319884674289416,0.0312462306674143,0.0338408414749738,0.0228714386164479,0.0348323793088023,0.0405368708695859,0.0273013713203381,0.0297872370675729,0.045791263224209,0.0456023445700955,0.0381823039683456,0.0351557746166958,0.0300187087882381,0.0362468667215603,0.0298128995168516,0.0406045857668388,0.0312455409677723,0.030846065829131,0.0438093511877641,0.0294934281919435,0.0186847103934656
2003-10-01,0.0217820446970554,0.12187938948311,0.026981561359273,0.0259884113853596,0.0217493629040886,0.0346636836469219,0.0274826805529952,0.0296949775489776,0.0458821808847538,0.0227596921522945,0.0237031605538321,0.0205571593171516,0.0209300249641814,0.0236864079174594,0.0264251616778314,0.0303046460395016,0.0199207283603756,0.0249891896187214,0.0316029497567683,0.0357227439644124,0.0213140264246242,0.0312417205767789,0.0227677743015156,0.030857908770794,0.0213096661989119,0.024764150337873,0.023511254182756,0.0195803289534012,0.0263109567904493,0.141636056677832,0.0467508650515689,0.0239734797401319,0.0286338782913111,0.0377446959464489,0.0389517347467445,0.0225867924585706,0.0269541691103307,0.0426671505443652,0.0245122509685027,0.0210005553077269,0.0342535445836996,0.0376508155376904,0.025557461128689,0.0419044239823232,0.0267432893708945,0.0483381297930082,0.0314101281103127,0.0371820097732967,0.0294805804071631,0.0369089433663613,0.0379431433272742,0.0271830364773089,0.0404438365740293,0.0277917635124165,0.041956448844875,0.0215874059420771,0.0361073968008221,0.0536714109183059,0.0318804475814769,0.0182302118022742
2004-01-01,0.0195005588568625,0.143637832789337,0.0259566348730605,0.0265733481864649,0.0219512769304403,0.0333113415009731,0.0268689002145951,0.0297547767216636,0.0436878030633872,0.0202902568627218,0.025048667655837,0.020217068368897,0.0206233416293451,0.0206199529139948,0.0258528561098062,0.0380116780877552,0.0193553516954999,0.0292604104702695,0.0289233367558347,0.0310522237667538,0.0206455445843413,0.0281375483754902,0.0201353819615943,0.0354503391643828,0.0209692327134757,0.0224990659094399,0.0256271288416774,0.019599790492794,0.0275789507685165,0.128859399734789,0.034481762235632,0.0259623886263757,0.0344534030897116,0.0377637327159853,0.0376786404011257,0.0297045958795095,0.025296883030769,0.0515899187901093,0.0274486832361634,0.0240743895127819,0.0343680193898147,0.0264678361764309,0.0288321872069809,0.0340536016170391,0.024703536610197,0.036971103683402,0.0298757456493068,0.0367302979232208,0.0450336781523858,0.0332846010806755,0.0441662487731726,0.0266564571216355,0.0401019426003262,0.0253120027966279,0.0481907013224771,0.0306635123153055,0.0340567785637969,0.0395134082211503,0.033521720684094,0.0190422225937971
2004-04-01,0.0194472613839406,0.157337446575461,0.024514742488848,0.0241386061948884,0.021641681175349,0.033352230864952,0.0261271786933729,0.0287849279639256,0.0566436710819429,0.0198451489346885,0.0221301150643818,0.0195616124054269,0.0207912670902594,0.0212534527546166,0.0244519531820855,0.0314216802409867,0.0192161493289644,0.0237688967442976,0.0236120023420862,0.0308468610367037,0.0203497948885369,0.0259981530064949,0.0213220531487813,0.0362233993462924,0.0208232253607898,0.0236992094754317,0.0259730071366414,0.0184024174422774,0.0266493512336859,0.131672503413891,0.0405398608541543,0.025146545969812,0.0303316254769928,0.0356486278382716,0.0274074627910671,0.0245306508818172,0.0364757666625223,0.0579374821615768,0.030300667908676,0.0234554059115661,0.0368839854202652,0.0261539156045453,0.0226430968260344,0.0318701419369571,0.0265818988316774,0.0222665030504308,0.0334220512317863,0.0582828193037394,0.0312867807934223,0.034274070425647,0.0379297942592993,0.0378134796973794,0.035862558361906,0.044388232518436,0.0356157415110789,0.032236666870628,0.0357921087001686,0.0395984397709859,0.0289223933462018,0.0164012250829549
2004-07-01,0.0186628039273897,0.151445416349337,0.0230089177661452,0.0219028442855488,0.0206229145544721,0.032264127934182,0.0271225060380691,0.0317149535762989,0.056991387082395,0.0208209488223231,0.0244000828835641,0.0193326001494978,0.0205346616713296,0.0197852123404181,0.0250045168321573,0.0298996556309098,0.0182080069789991,0.0244579231144721,0.0232002326745373,0.0329339594874987,0.0186473868481462,0.030171373779697,0.0203588636725214,0.0330470552361133,0.0221952933878255,0.0254762632709652,0.0258026681034823,0.0192004539121115,0.0261994057198922,0.136587563969701,0.0290743273667953,0.0295688147362801,0.031184908024496,0.0369963945436815,0.028353561710106,0.0252918714391362,0.0295671970990014,0.0600044682465854,0.0328323503378447,0.0236878421960127,0.0316810757350528,0.0358630822622201,0.0208883729574913,0.0334976180818926,0.02400109543012,0.0429889204949308,0.0301213116186056,0.048559181071205,0.0478737741052161,0.0386082857638066,0.0305616584566653,0.0306204931791092,0.0316579319806764,0.0424057349009787,0.0466054231012317,0.0231154064664143,0.0306561239340419,0.0357889415802958,0.0288948163113029,0.0190490168688035
2004-10-01,0.0203949958866805,0.120729174281742,0.0260522341462698,0.025594954580706,0.0220093555108854,0.0277083759702949,0.0280663053566884,0.0265504255533857,0.0560501514823884,0.024570432843231,0.0265155345321938,0.0196754146042364,0.02125510378935,0.0218747267747615,0.0283023684320518,0.0350507364316365,0.0223590461403375,0.0260550247204865,0.0271437811940049,0.0271017804599951,0.0218124976540658,0.0271158943810439,0.0219645801250019,0.0380441637410272,0.0217686822844497,0.0237335992933928,0.02568151257867,0.0196803122500773,0.0252669826620477,0.141871852338898,0.0406417471736784,0.0238066455675561,0.0344411167546539,0.035352283078913,0.0356666953113189,0.0323553486452497,0.0368304343351808,0.0504135627561056,0.0321563980170616,0.022460903273426,0.0339850503741137,0.0341211432995654,0.0282027452864448,0.039232943603072,0.0257919613249375,0.0298275546892958,0.0300344846735826,0.044927932676809,0.0296176139791707,0.0274541239840085,0.037673379731142,0.0279475210512055,0.0354519463916176,0.0331593596722804,0.0345884824335436,0.0307074666343253,0.0386568255307694,0.0471300630471207,0.0278410580492725,0.0195232086545788
2005-01-01,0.020181413776021,0.135261377698303,0.0217934679140987,0.0249373836229251,0.0229623461759461,0.030259081390022,0.0273828746238153,0.0294711294977034,0.0600718235409777,0.0212910453286189,0.0224947410339758,0.0208684386358365,0.0205309722876484,0.0217030993495219,0.0259948932554878,0.0312633394916654,0.020246429521098,0.022805275950926,0.0297050607181495,0.0272594220033151,0.0214123337542504,0.0274131775070265,0.021859228007565,0.0418349593009257,0.022534927331385,0.0259060776520916,0.0238612362173347,0.0212613276273379,0.0274506425550562,0.129982474230971,0.0386811414298566,0.0247194773533768,0.0363065194070947,0.0407818331297953,0.0407113122133263,0.0286412554264579,0.0365064236334654,0.0482987108314655,0.0326003464431025,0.0256742598526407,0.0344082539720039,0.026434751380038,0.0259829514995279,0.0451418558406923,0.0343212797889727,0.0194284599732609,0.0386350109872262,0.0525142697456056,0.0361991877131931,0.0270734897849535,0.0341532706063963,0.0280917808493708,0.0312159993557349,0.0309653639545831,0.0521149141019631,0.0195538091808026,0.0331680636162487,0.0362066488718594,0.0241820689666156,0.0172872900903695
2005-04-01,0.0187661603354198,0.13179796986727,0.0213612195628656,0.0267007865582358,0.0203006832487911,0.0299371257924313,0.0284887389450831,0.0274834468078524,0.0664356166217407,0.0211382850675149,0.0252285193592078,0.0205298660011092,0.0196553786208201,0.0208230472581853,0.0281042597863069,0.0322815119342022,0.0188458869382047,0.0222388300900331,0.0252420162776064,0.0305196454476767,0.0220253334378845,0.0295606460016811,0.02049333811008,0.0390074090570168,0.0214747355026193,0.0214949913026784,0.0225816608084536,0.0205181715794897,0.0243430568340144,0.142621662845526,0.0330325446028073,0.0256372891444372,0.0303460049209246,0.044072469929486,0.0327517989416861,0.0218156851073248,0.0284076588317647,0.0521827684281255,0.0406608890905597,0.0183462687128758,0.0374576209737166,0.0385195956915819,0.0313030826513755,0.0408552232238022,0.0239410106949827,0.0278818788020846,0.0299103318881861,0.0540962253939141,0.0278142912340299,0.0270835912515198,0.0301691597724228,0.0277599767338585,0.0345051564571857,0.0357166513597346,0.0575361916422553,0.0234666536708995,0.0358771042238038,0.0462213922896658,0.0253629754436931,0.0172685088912957
2005-07-01,0.0218577790837646,0.122108907771999,0.0233361742753614,0.022071311731051,0.0236342173125909,0.0280462647167979,0.02706919532408,0.0346855935616555,0.0697249859577446,0.0229683080638156,0.0243992821539748,0.0217066720454886,0.021187291871129,0.0223348430073394,0.0270767597711536,0.0299279590578525,0.0200830038359981,0.0260329833432133,0.023303087705323,0.0324968585301246,0.0216503122970551,0.0283001643646634,0.0201141814757917,0.0386870738649071,0.0218043436665766,0.0240084875405172,0.026456171307954,0.0206988550518329,0.0253478711058962,0.128881060204348,0.0280337487912254,0.0243600626016534,0.0232246194874246,0.0498600574692759,0.0314719480956407,0.0212854770299223,0.0355098758798222,0.0376162887804303,0.0437941076951728,0.0243248369455622,0.0404433331157217,0.0368067508955164,0.024981018821544,0.045593573416626,0.0268654977374678,0.0266380605839253,0.0293845896785027,0.0496794262406673,0.036054693594904,0.0256084600868786,0.0301817078832722,0.0399110690121341,0.0394910012998737,0.0300905329418399,0.0498312084668045,0.0265449837857153,0.0305255985591193,0.0414091961238829,0.0317660249405185,0.0187122500389561
2005-10-01,0.0205140504223228,0.131788613178077,0.0200337952415431,0.0246557888119441,0.0185607241318297,0.0318546696435104,0.0278163322399528,0.0295438716937442,0.0861012242098669,0.0241785885989352,0.0215736620178414,0.0202555704994032,0.0191153251380668,0.0195929780552027,0.0221556005713407,0.0278973087528106,0.0185582127107333,0.0229343363243555,0.0222705892771074,0.0336839582227009,0.0203372498515828,0.0332198756363843,0.0214074288602441,0.0288370313748856,0.0229394500961818,0.0238250552026023,0.0238084484783658,0.0198335103489859,0.0304852964261444,0.132221453983334,0.0226003114160622,0.0201730372417702,0.0314194644474228,0.0451213514136315,0.0463141775949522,0.0181095511424138,0.0370223913234246,0.0479198830599048,0.044977447717003,0.0234944965616836,0.0320316196960225,0.0330374906277845,0.0211240519674466,0.0283504265882246,0.0353189549456038,0.0265447478941099,0.0263818558937684,0.049751811799708,0.0340123550189147,0.0309680067936578,0.0328129818598093,0.0343140597302627,0.0327034994325771,0.057994656333498,0.0395316173366562,0.0258542658095342,0.0307182261707077,0.0421358247215466,0.0303226010035493,0.0189388344583491
2006-01-01,0.0194242290770842,0.149433797754203,0.0237648262390967,0.0234519950802251,0.022309358948662,0.0286307918211096,0.028941195807469,0.029890996782538,0.0702506889703991,0.0220557887726167,0.0273451135170178,0.0211121998213303,0.0210187612360821,0.0221203144372531,0.0257726558688082,0.0239187203348558,0.0200736329504647,0.02352756910376,0.022091959548616,0.0280203475064005,0.0194128868376936,0.031424064630025,0.0226658378687247,0.0390508861573041,0.0211504334951397,0.0280002317031658,0.0272413784801162,0.0197465272040717,0.0265189289215858,0.111633881124183,0.0252383626434862,0.022721565103984,0.0341279655826036,0.0455376227211014,0.0404089744663019,0.0242352348537339,0.032547866728563,0.0482135317947267,0.0318285094198247,0.0224785873172565,0.0326631036995098,0.0403488208050801,0.0226209924806745,0.0393968200466266,0.0215921994240175,0.0273123533347072,0.0343325796752382,0.0565124831653726,0.0383171555419054,0.0267655138318184,0.0419261923791143,0.034088414423256,0.0399028865038492,0.0424370417948671,0.0306211019598576,0.0230230863292957,0.0337844222608559,0.0396975900476559,0.030570061098456,0.01674896056626
2006-04-01,0.018703922847384,0.1588408031686,0.023074321080399,0.0265334426862588,0.0225829843922319,0.0317323507448636,0.0268218870758054,0.029160567100276,0.066153518431357,0.0199764647711545,0.0256803247829367,0.0193913648671778,0.0198758367675677,0.0192683938806794,0.0241425252137154,0.0263251991686865,0.0190745068782401,0.0259098249083651,0.0227412863698293,0.0253496845564812,0.0195584322372315,0.0329271517744033,0.0211380767860886,0.0392192389964424,0.0205207136053449,0.0220563087659474,0.0248392502182872,0.0199753787125082,0.0251388975923606,0.123287341619376,0.0202191984758242,0.0228763893453592,0.0296152119661618,0.0406841406504656,0.0307664747896007,0.0241259789387206,0.0267247213573879,0.050864874224118,0.046025163464042,0.0204178736347453,0.0342651711297514,0.0376857797958464,0.0210280379091887,0.023076957834524,0.0375348381460176,0.0282650669812941,0.0339134490083928,0.0580865067511378,0.0383572859223753,0.0238873121974521,0.0256195131324023,0.0502190194557836,0.0320541899414114,0.045370878267477,0.0458230045854309,0.038205114627744,0.0286735510517407,0.041106987185789,0.0286554795212594,0.0158518297085558
2006-07-01,0.018851170559026,0.158076352718736,0.0222616859404381,0.0232929876104171,0.021056138299217,0.0277721951730338,0.0269092085666141,0.0315698686560476,0.0682406696194419,0.020194010320338,0.0246873393027454,0.0210055403667282,0.0195603523595995,0.020304924450058,0.0243030404423658,0.0249601367344814,0.0188485042646835,0.0257252423530265,0.0231912261054388,0.028817895926087,0.0211027753036895,0.033962946625932,0.0219062887847054,0.037364482726423,0.022958515188675,0.0242010098501775,0.0209935897041579,0.0207656496954539,0.0243501983256286,0.122766054026633,0.0333326218026787,0.0275050433534939,0.020395359261395,0.0373757399696805,0.0344857451331233,0.024573994283629,0.0237435851726851,0.0506650484082592,0.037939548696624,0.0227176867994227,0.0313155911343425,0.0356986370451068,0.0186386840190451,0.0377471759888116,0.0315298931382772,0.0329246366784527,0.0300161827026424,0.0521145151044751,0.046795366148843,0.035597335851727,0.0413947905528593,0.0366245626871624,0.0302351924975865,0.0494959784707684,0.0407838859705823,0.0240678392372658,0.035150002057692,0.0376267927622366,0.0203542613912378,0.0191543036798941
2006-10-01,0.0169679860038488,0.170780256775091,0.0200393399849119,0.0218821035144805,0.0202748526807986,0.0294097410932277,0.0257951854326611,0.029824499933811,0.0660798356997286,0.0191380497636531,0.0249042902385939,0.0192952650703577,0.0215131352865084,0.0197096316365257,0.02297570736106,0.0262795725357549,0.0189062377926311,0.0273131288316112,0.026041134612137,0.028543668206542,0.0188939423870303,0.0352078448803422,0.0202259142820953,0.0297980520274807,0.019773116479894,0.0228588189454082,0.0232967539973975,0.0190455223323418,0.0298998934682819,0.125326518745794,0.0355412119783804,0.0218426770309071,0.028950755530703,0.0433711146949319,0.0355788512303463,0.0293640424642297,0.0267064679371391,0.0484046832651299,0.0307673575136844,0.0256156139560714,0.0363651130888128,0.0475712802065684,0.0254622313972281,0.0344332980001863,0.0317955971318108,0.0320468121278812,0.0342194188052083,0.0570532816787798,0.0331125187878617,0.0274123284237414,0.030578079593597,0.0247929586552979,0.036489739845824,0.0359956371825055,0.0425787105499588,0.0324180706554227,0.032101471986291,0.0409095860465686,0.019975166009408,0.018545924225524
2007-01-01,0.0185155046166324,0.160933217069706,0.0219285830489468,0.0231238024086573,0.0220734835679156,0.0275105806743206,0.0260167616958331,0.0300233863462968,0.0566167899484683,0.020557325902778,0.0221638524875053,0.0193597797779686,0.0199507381621007,0.0197478767025745,0.0240912528703634,0.0265709568805452,0.0193659560065892,0.0250265989318422,0.0242420053222201,0.0320586203521066,0.020647644130594,0.0352957971071631,0.0212710147241113,0.0287871441200341,0.0187884721628009,0.0277403219010415,0.0213545749655798,0.0204508895671568,0.0276689904229621,0.138118078125186,0.0293541858621701,0.0210767244513568,0.0391617452992191,0.0375120835305592,0.0309737403526759,0.0212042631758865,0.0240056922913736,0.0449040698702312,0.0310896232264743,0.0209617729842288,0.0297293768389643,0.0386357486037148,0.0163929287016609,0.0331650264249789,0.0387531776781933,0.0302680117428576,0.0305052555079713,0.0608555606220327,0.0417473722991245,0.0277019048748269,0.0389868595278764,0.0414496435888148,0.0371048910293662,0.036277279100851,0.0446764559840571,0.0397595509721146,0.0331971488157439,0.0343665841379982,0.027208996123392,0.0189743263812849
2007-04-01,0.0163795129837101,0.174754642735675,0.0190358200881091,0.0248330071131559,0.0186207676362285,0.028523414623793,0.0293132892636996,0.0320145845536812,0.0537474486034692,0.0195301964645161,0.0222826569763871,0.0176439914574484,0.0183338352856436,0.0193462729197667,0.0220528406027216,0.0280443573755524,0.0172522487764924,0.0234341594058963,0.025772845775048,0.0279496011830226,0.0213322534602741,0.0351973848107194,0.0176709427621968,0.0318997577681651,0.0179647362160684,0.0255808929350429,0.0194230390404092,0.0171830423003724,0.0243424169794952,0.150540039903239,0.0236671917275907,0.0255570785608945,0.033650193839659,0.0306127154851153,0.029946338480095,0.0175551698425778,0.0257627966050743,0.0617978842364845,0.0256017033453919,0.0243743677713664,0.031726521335497,0.0388762621704608,0.0234214343915208,0.031440498855405,0.0320340081822387,0.0295974377626325,0.0404246981661913,0.0589921153381312,0.0398420508264991,0.0308985987356604,0.0286918862926848,0.0378889517592534,0.0398820369690963,0.0433076359771423,0.0478649749106523,0.0344448688144666,0.0309422770192223,0.0404139248421753,0.022284825667809,0.0184995520890118
2007-07-01,0.0179604112114846,0.148939034072443,0.0180635910860224,0.0204722438079607,0.0209053999110712,0.0304888787342312,0.032742273743461,0.0318824696797559,0.0453451335452381,0.0316455511643984,0.022412547901774,0.0192963419751211,0.0196878890916195,0.0185535344086142,0.0304885110693247,0.0257711811056096,0.0190763199983886,0.0254129931779017,0.0264275494902146,0.0316374263186359,0.0222683285725013,0.0304272399634521,0.0203202383165723,0.0285508706805156,0.0201367055837911,0.0410368234037851,0.0205450679096887,0.0167965239194316,0.0275408398114387,0.135168080345553,0.0180970820196172,0.0216722917271821,0.028708055014372,0.0421860077647074,0.0257155921935652,0.0234701396848838,0.034740400947779,0.0492494832744989,0.0313101881686648,0.0447041263874887,0.0327462702316447,0.0322231333104021,0.0180304688848949,0.0190456407002184,0.0393394602081162,0.0294325376825775,0.031494429654847,0.0449258581678623,0.0340441332072256,0.0345335528221388,0.020063836022687,0.0377873504324488,0.0332676027420198,0.0450111308327806,0.0308218017649798,0.0801340434121534,0.0319829286145195,0.0414569384616774,0.0261637050792251,0.0176418105848224
2007-10-01,0.0168908176770917,0.147613862375199,0.0182775411509421,0.0200996184874778,0.02004033176061,0.0310457580596558,0.0283915340016783,0.0270578152571404,0.0576035939587501,0.0324642548839138,0.0223106398778469,0.0173584473964742,0.0194546278700022,0.0183694252483291,0.0257453631726867,0.023233410348688,0.0181848161512479,0.0263074847168953,0.0257927543777682,0.031500541107259,0.0210063926480299,0.0315923843286447,0.0183886595246908,0.0340351738848901,0.0203104172166298,0.0359050649626802,0.0222325892349588,0.018067937558901,0.0229001651424668,0.147818577618451,0.0174353815852874,0.0183216736458684,0.0232157498499495,0.0380452246119329,0.0302422308573793,0.0212609948929851,0.0236897896235804,0.0378280139160505,0.0343655309808493,0.0477202852795312,0.0299601526072355,0.0249428550994438,0.0167966726728171,0.0373967903685443,0.0506934793357302,0.0258463108910979,0.0229503207084008,0.0596333746287294,0.0466250449447118,0.0360530258277694,0.0275812934592106,0.0429676001351347,0.0343352837424545,0.0391515537129785,0.0342694984563141,0.068819366478764,0.0312593479183011,0.0311830766982838,0.0297795273409245,0.01763054972974
2008-01-01,0.017686771770101,0.131606190425981,0.0199410960274526,0.0196813856457062,0.0216733356028503,0.0334715421695317,0.0320941240784091,0.0311137147002058,0.0605868020980536,0.0332755040229224,0.0234304784394409,0.0188411521522157,0.0184350595784041,0.019427505174458,0.026073108117943,0.0247115823040392,0.0191739756422135,0.0246110304065098,0.0239539557875295,0.0342290978636631,0.0209871806519721,0.0384686298037741,0.0197738642591651,0.0406341486510179,0.0190202384074103,0.0309533357222478,0.0224133332716464,0.0183030025339889,0.0226163799884448,0.132812474702702,0.0226902032931557,0.0188376118213142,0.0424841401206952,0.0420490320491348,0.0515828425822938,0.0293604977719653,0.0236600408715298,0.0291788743189513,0.0289421362025945,0.0461600482766579,0.0340323498986837,0.0298718944217237,0.0197583275522599,0.0356758572394675,0.0394013270661767,0.0214537327560207,0.0299394576792191,0.0435337090744446,0.0386693326851281,0.0449754046161719,0.0285801526006715,0.0312105228759832,0.0322285777099944,0.035651160402353,0.0253857431077297,0.0434903391351112,0.0416719279029674,0.0497873383026208,0.0226608961841161,0.0170765214808642
2008-04-01,0.0169808798618739,0.130564654155607,0.0206993569310594,0.0196655981226086,0.0196011132118947,0.0303078087600797,0.0336845370508856,0.0286545587936095,0.0616311702575327,0.0318820680229982,0.0241011524249732,0.0193910958241283,0.02018433226475,0.0180860840048239,0.0295656218250011,0.0240500579756639,0.0177414762653731,0.0242743775412955,0.0250659499330081,0.0308334868668876,0.0202164362429899,0.0329703510448196,0.0178833203663954,0.0369295028286396,0.0201633835161778,0.0290950303758114,0.0207242375161538,0.0186852734802846,0.0255470287042759,0.150820055830399,0.0166759572859013,0.0191039741711476,0.0279123386499072,0.0438926937729223,0.0422428256357792,0.0195919464860406,0.0168054295844834,0.0377572795822318,0.0657054171333921,0.0221821531192194,0.0332114614563983,0.0383562658522257,0.0218719292030801,0.0373845199578561,0.0346526041708958,0.0254765265963646,0.026977418973127,0.0563547211828483,0.0496592008676684,0.036164423356884,0.0347345263756242,0.0287928760276824,0.0449320388564824,0.0314128042499182,0.0268680449535133,0.0326068017629999,0.0350808849955477,0.041257788751672,0.0325163138571565,0.01981883313103
2008-07-01,0.0192000129991565,0.126570576356613,0.0218408970251042,0.0208192039375216,0.0235905733184485,0.0307514992554162,0.0399327834472896,0.0285931716989693,0.063901358959961,0.034407757670899,0.0258295834453173,0.0196396336890011,0.0201800709252566,0.0215028736720185,0.0288430483878908,0.0235898063010799,0.0201648723591989,0.0301119027896428,0.0246759170060767,0.0299544892313319,0.0215013116637246,0.0311484772448175,0.0212202814537472,0.0321756661637898,0.0212207383600117,0.0314232700711895,0.0228584072657952,0.0189443055754329,0.0257214164107335,0.119686093314565,0.0287589504756683,0.022892669530781,0.0239064156880833,0.0401101787983367,0.0265097886110109,0.0216549295171551,0.0245749755080003,0.0483342837943781,0.0435586507920435,0.045679903124233,0.0366299980079927,0.0248576585583931,0.0277000497348547,0.0342903886155946,0.0365325302436774,0.0246576195878106,0.0304041452401876,0.0367400955104537,0.0493297227586779,0.0378096887719886,0.0379006939299753,0.0290066969708133,0.0391817747549185,0.0272334974803194,0.0315084153491225,0.0339419041559159,0.0384972573334786,0.0433979371679735,0.0350273825334603,0.0193717974547018
2008-10-01,0.0192682910482319,0.101692073687601,0.0201513628993299,0.0200420146511733,0.0213671653931133,0.03066870533201,0.0413680758972489,0.02836723437578,0.0502117592307326,0.057552153515785,0.023690829606517,0.0194809769745068,0.0194619250697918,0.0175538889285628,0.0378431120769199,0.0217931675096758,0.0202297147393408,0.0284474824068477,0.0230096617529687,0.0345865359545518,0.0205768599675759,0.0291515412559721,0.0204357742730081,0.0407718444422496,0.0193648730074748,0.032770602617291,0.0201705162989162,0.0176025594067057,0.0248671976038718,0.137502100076245,0.026490113226049,0.0173622955051234,0.0321653829157858,0.0462896075291082,0.0378798817715175,0.0259092296470211,0.0198055637414429,0.0321666445049787,0.0282825405424907,0.0563230170531968,0.0293974129287418,0.0349123630943137,0.0248636407902258,0.0316780797188854,0.0331562660131612,0.0336466502423416,0.030234882635237,0.0303046953217348,0.0431063309906847,0.0445842520724446,0.0327080924450722,0.0293574606039428,0.0417013989772447,0.0216326448988635,0.0324942046949011,0.0372902429154599,0.0422049967386022,0.0536246023075496,0.0320120707297012,0.0184154354441781
2009-01-01,0.0178196974221593,0.11843175327504,0.0275524076864147,0.0201004325340544,0.019673186513926,0.0326671315234068,0.0467516457670063,0.0275334493676794,0.0427455848660526,0.0489224277917763,0.0251829380859209,0.0190341299374551,0.0198880084149393,0.0197310364855696,0.0319681272472205,0.0238053496314777,0.0202968549424192,0.0258302412961057,0.024317610729828,0.0343686237409195,0.0201908548901326,0.0343840414882984,0.0218999879309798,0.0313696447441064,0.0207114948110296,0.0362084651556861,0.0224556225419995,0.0169858248762566,0.0269230932568896,0.12225033304525,0.023848039149419,0.0184896679595947,0.037314651961328,0.0442550982506264,0.0406620919828678,0.0200221872504286,0.0186305414654278,0.0335946416944011,0.0216455048629366,0.0448349338294027,0.0386651552261192,0.0412766303358705,0.031558377062333,0.0270788284697088,0.0273863917079063,0.0412236965730717,0.0332586425467152,0.0296752501165472,0.0451347170962888,0.0414748692423257,0.0329656473686432,0.0309794240752918,0.0464360868198694,0.0188301400855173,0.0363545276249435,0.0313380225851981,0.0418744384473605,0.0577131931470003,0.0268927490681552,0.0165858539947015
2009-04-01,0.0177906593760698,0.120933712168298,0.0233141063743764,0.0210502683478682,0.0186867376162086,0.0291128946317028,0.0458045398759043,0.0316646668621216,0.040229157784296,0.0431056028818844,0.0245995748812918,0.0212877575668573,0.0198452388423826,0.0172555960802003,0.0323013754841973,0.0298191175202554,0.0199400189649055,0.0269624489846148,0.022702192887429,0.0365221385101458,0.0231134811304449,0.0321384703644803,0.0208019939926943,0.0309960930157635,0.0196854005337027,0.0353596636412167,0.0196679748115858,0.0198902775012849,0.0212885903539742,0.134130249013843,0.0249133393735432,0.0178908232215135,0.0368444072870806,0.042787911127578,0.0380612476512375,0.0174944870750052,0.0193546442110428,0.0437056304247204,0.0314097253905743,0.0477556337660413,0.0324315910815866,0.0359398290159496,0.0253362409990281,0.027657737236354,0.0271966428194921,0.0352832789563791,0.0360226975976159,0.0363895880658815,0.0488675505597523,0.0392717971181434,0.0316787204009985,0.035802595942427,0.040399139723179,0.0205592404483298,0.0335225666778541,0.0381868423247196,0.0336028921731431,0.0532116466894009,0.0307678639397801,0.0176536887016486
2009-07-01,0.016562662973468,0.154075505735488,0.0245700005466902,0.017902398356642,0.0169222101809026,0.0298884524123917,0.0414566705168677,0.0332424496473132,0.0405220516951987,0.0391929756375263,0.0238114786945423,0.0186730222951417,0.0217573002490605,0.0176031432299918,0.0309516829010653,0.0291589544574778,0.0169741942013137,0.0272191701967827,0.0211593583890078,0.0317749117136215,0.0201209396469789,0.0342540135703826,0.0179596993957667,0.0282893954323633,0.0194640417498263,0.0328896552087648,0.0186300605369206,0.018081582193102,0.0246195176979235,0.132272500537478,0.0230743371206215,0.0205295090940231,0.0288343944608851,0.0389356915522222,0.0283091711749894,0.0210242703571074,0.020003947378261,0.04428150710492,0.0277589849524457,0.0389450933513235,0.0316540025191313,0.0377870953097525,0.0188880051116937,0.0221989836515856,0.0263845597892976,0.0439738061729031,0.0308936489643134,0.0405279990140219,0.057755954700626,0.0491000319019258,0.0315953833903137,0.034358934826943,0.0492417128934716,0.0217977876796746,0.0334688454357107,0.0302646635995416,0.0299493865560198,0.0616494451305492,0.0382936006953444,0.0185192461103818
2009-10-01,0.017567366873194,0.143613539109612,0.0214178545046405,0.0182527781346492,0.0197208001331136,0.0304874767025778,0.0389886690048537,0.0290566881388351,0.0365025113252635,0.0459728216165271,0.0254852178043726,0.0185039351921319,0.0197272933534657,0.0168586444001382,0.025996901222189,0.0305521074374366,0.0188083085272628,0.0252338578818787,0.0266890737463883,0.0300495673434792,0.0218550123853046,0.0322118022330227,0.0181717466967103,0.0319903261437388,0.0165755722355707,0.0341069805240078,0.0194281347095191,0.0181318391989783,0.0232343384846421,0.144808834936495,0.0201348443681022,0.02354215195081,0.044949658148376,0.0467819073617547,0.0382634105486375,0.0223934579068475,0.0216384805420476,0.0424069328864157,0.0232372800448872,0.0366624982087057,0.0303726248448161,0.0431381177969703,0.0226237985294695,0.0321943627093444,0.0343523948407519,0.0315992428273306,0.0303270701030994,0.0332311554434494,0.0478292539388971,0.0433133392302743,0.0281374477360051,0.0333088470855581,0.0352165906553137,0.0208476563471005,0.0387301959396982,0.0317433384374456,0.0285680824756716,0.0645697720241671,0.0323336491057505,0.0175524379623027
2010-01-01,0.0168181549739715,0.138987097203662,0.0209620324675528,0.0213176923102534,0.0185441163816236,0.0261167226541812,0.0409506041346748,0.0277988013360315,0.0506823411045678,0.0412665772770981,0.0250526435921229,0.0178153293419884,0.021958473031135,0.0181635497416345,0.0284873415612282,0.0327698940754507,0.0183095528142382,0.0238002957255361,0.0213845410215499,0.026990387949348,0.0200283988048992,0.0287088448299571,0.0179590748081799,0.0384466448299816,0.0184967560698295,0.0405746095249501,0.0220584005340209,0.0171510927670749,0.0238930643445623,0.134506964788697,0.0217590190061649,0.0211733228061039,0.0344047236314371,0.0457670582837071,0.0512360921244104,0.0229883974579672,0.0187851324267814,0.0414629026928001,0.0260817189322622,0.0507597039992568,0.0437170384807752,0.0376547451944407,0.0236592751125509,0.0321463186350815,0.0243291368917284,0.029884183979267,0.0299034407055176,0.0341965538289915,0.0406037695964711,0.0370886588938992,0.0353620985973825,0.0314158306396481,0.0302189929430473,0.0326311027776941,0.0301926876049819,0.0398397590071058,0.0330178052451618,0.0512852880035135,0.0275447041166126,0.0208905383852387
2010-04-01,0.0174858667730426,0.124483094660612,0.0205946148500689,0.0193435749502822,0.0201603026306925,0.0287550416790501,0.0393227954383923,0.0280718485972366,0.0512622819825081,0.0336742538641231,0.0272600585622583,0.0188000588905988,0.0296373384867896,0.0183534114054651,0.030445471603464,0.0355252460665835,0.0181534883885133,0.0279924515543103,0.0225314229741809,0.028577595989052,0.0212450477628644,0.0312340695066732,0.0190872732304124,0.0304442490129384,0.0203837029767704,0.0360967015519727,0.0212755851035584,0.0179673226803258,0.0247561324679081,0.137079696359352,0.0240443246094509,0.0177061823549173,0.0422012117406379,0.0418730337650378,0.0357547380947318,0.0199176970667329,0.021956736854746,0.0335182149978041,0.0243333206452882,0.0430303159069749,0.0397729108188628,0.0385116599533948,0.0622534263964829,0.0342938231634567,0.0241393066245999,0.0302206455890792,0.0344217548539707,0.0330994914087178,0.051202470520607,0.0313568302344676,0.0275152326819159,0.0368144505102452,0.0332731932998488,0.0221053893911547,0.027716894385611,0.0336855382084252,0.0399354682160205,0.0498370053318308,0.0249486182608858,0.0205601141141012
2010-07-01,0.0174804141709147,0.126443967040796,0.0211213978656878,0.0210819100556376,0.0187872176082631,0.0286004198623779,0.0420888386400914,0.0275261024398719,0.0439072597966013,0.0332121091617103,0.0255003777409995,0.0192090812705198,0.0247361269369357,0.0181861888101292,0.0312977563390085,0.0339593891592128,0.0185913036952553,0.0254751840008657,0.023891873632001,0.0299846493243546,0.0204125164297282,0.0317210317915469,0.0205375094770163,0.0348677171022375,0.0213186352258195,0.0375336349606308,0.0233782581448505,0.0192715501274786,0.0233157426709952,0.136561836518462,0.0209087800979226,0.025210632976683,0.041975187011242,0.0417117684169583,0.0368986984844168,0.0304170201587433,0.0218446191980398,0.048242811671251,0.0223558704714479,0.0330145846323232,0.0314518497098351,0.0431478671020804,0.0307723250859434,0.0284850383776177,0.0316470961561005,0.0485050508108664,0.0242902893076504,0.0389568126258397,0.0446485374046816,0.0509092655695284,0.0325523400351967,0.0272761107457362,0.0290265234494694,0.0303496446338942,0.0295482035857794,0.0308016714133214,0.0342451211773145,0.0418612681470659,0.0282115142557447,0.0207334972873066
2010-10-01,0.0177266731884025,0.115930372350335,0.0230905740971511,0.0222361176683687,0.0194722027375416,0.0268286014481895,0.0380644406270618,0.0301849515732409,0.047202993426896,0.0347022766226526,0.0255586632786602,0.019638936213454,0.0245794998382772,0.0193089559810762,0.0291411016117715,0.0328495159364022,0.0187714186300881,0.0278842532885906,0.0265089548518442,0.0272715697208682,0.020436516628446,0.0313418851941387,0.0192881265063896,0.0369315700115391,0.0198393139495702,0.0356162302115488,0.0213891188649257,0.0183575177788991,0.0222039972900804,0.147643650473591,0.0249539415547694,0.0239330941949683,0.042427207992991,0.0480295669643167,0.0417510041592866,0.0249588856846535,0.0250215556070901,0.0427177451037861,0.0267751810735662,0.0425449713956721,0.02670497095457,0.035500372631207,0.040407134403484,0.0448437978534471,0.0255507794765511,0.0289016941999782,0.0295867093048992,0.0342158816312785,0.0458461692918111,0.0467444108992043,0.0338153325919607,0.0243593025358963,0.0250383483640187,0.0343827691124377,0.0305762132921474,0.0295338537072078,0.0316815149608995,0.0495550340316661,0.0199551490517639,0.0196874079744714
2011-01-01,0.0197165444519676,0.125928364270594,0.0226180380674925,0.021384917132258,0.0200902809633333,0.0285765928344711,0.0423465907124959,0.0301197289432855,0.0599438269135261,0.0280296638450999,0.0235435129386252,0.0197820924760373,0.025530720418688,0.0194884256647087,0.0286494795911647,0.0339316717972337,0.0192241945496652,0.0254249513935855,0.0249436563496947,0.0279046178303026,0.018677618189162,0.0269069380701233,0.0198692771403746,0.0293186658992598,0.0197158492855112,0.0333361005762327,0.0213947887565853,0.0180147013829343,0.023058574658289,0.142529614897299,0.0300992546981927,0.0205581092914184,0.0482121842744743,0.0505751640561885,0.0424089242624304,0.0282478276649469,0.0215200997188506,0.0396500690494494,0.0288764627496415,0.0344073887481148,0.0378282815329481,0.0322591204857932,0.0401724861041479,0.0378222021095624,0.0340937182176616,0.0357321345010399,0.0358842466277598,0.0334878220161327,0.0351275011683857,0.0369664723813015,0.0323427247015239,0.0247580970747426,0.0299695209517571,0.0233288490173141,0.0286662054589558,0.0311236686621034,0.0401150390282142,0.038985444813056,0.0274480993064074,0.0193328813274854
2011-04-01,0.020958931325302,0.11412794301507,0.0236647978505063,0.0226457308718585,0.0199898028348285,0.0279646365105354,0.033761598147593,0.0295347175654685,0.0612314026700524,0.0305334947648077,0.0248573318403917,0.0207407085711028,0.025581686058677,0.021097640959988,0.0273756750827603,0.0289346494746624,0.0202345683560632,0.0252468675529188,0.025512308261201,0.0266314010126997,0.0197252879470372,0.0307681918730859,0.0199008549185148,0.0327471315465307,0.0212422864437885,0.0343955893201079,0.0244394671402554,0.0197145157717483,0.0237570088028419,0.142683773509601,0.0244560255249104,0.0207670497277571,0.0546559934322454,0.0422058205211613,0.0356746720886316,0.0203642410108141,0.0206573303778922,0.0452336421420185,0.0382386958711323,0.0438906671260192,0.0318073494187035,0.0293938323871046,0.0418984666514357,0.0393586765919814,0.0272345530023953,0.0312500877849627,0.025526933956918,0.0289263846902968,0.0386997278901782,0.0440956180605414,0.0309341276154199,0.034061784631276,0.0365518296449351,0.0265817164404193,0.033042363253742,0.030678576338274,0.031080418021614,0.0428028673061024,0.031628972875305,0.0183015756158126
2011-07-01,0.0183002967538218,0.119037979363833,0.0216758488734248,0.0211183655251406,0.020311969197973,0.0261445357595173,0.0367512859919783,0.0280404669387568,0.0464283305046337,0.0320754381728122,0.0261179563564852,0.0192577744939224,0.0251404598865831,0.0195622207744684,0.0320013488546173,0.0284717568409126,0.0198006647255404,0.0263078548160806,0.0242118602934005,0.0351159776465207,0.0186479912054913,0.0275345514654928,0.0198001968192716,0.0358717492918633,0.0199013992766218,0.0375649461168634,0.0215841812555543,0.0175655349851604,0.0253832284939744,0.150273829319284,0.0205762451451427,0.0214193589600181,0.0540386625629867,0.0509735161868465,0.0394666564224245,0.0253875965094837,0.0268537657070464,0.0397674499471279,0.023593793987923,0.0489089453987541,0.0285296490426053,0.0387129776233417,0.060345384930867,0.0372978984946941,0.0321769230105653,0.0329712038093458,0.024313322619808,0.03205624518307,0.0260551927444201,0.0470479048434672,0.0283088301768898,0.030543524064975,0.0282326569035406,0.0327997628397818,0.0266993107040567,0.0279669452420126,0.0356203634684922,0.0376932920137399,0.0213252992691549,0.0203173221874183
2011-10-01,0.020147432959697,0.115932056848335,0.0218382832296732,0.0196311370856898,0.0187229120452517,0.0283214226141972,0.0408925589442515,0.0260358833295334,0.0451991358792272,0.0372312025956008,0.0262925570783208,0.018850014769887,0.02886459808821,0.0195865825945814,0.0280707002878276,0.031627906894501,0.0202063299348546,0.023679461518554,0.0247928152336346,0.0295477239912632,0.0201046709893179,0.0274061406240452,0.0192228230226302,0.0303861621523791,0.020721297544225,0.0386034116302479,0.0236669413690062,0.0179098866455626,0.0242832723673162,0.152224677732179,0.0193726872400221,0.0240607841237521,0.0510241939131928,0.043821517754611,0.0329720360298824,0.016433656707579,0.0223035098713416,0.0376376048625854,0.0178370097521389,0.0562751708896555,0.0274937407064676,0.0407097593038508,0.104212953342337,0.033234633985339,0.0274758613377537,0.0304860478727325,0.0288061570444275,0.0246349370341186,0.0483707723647976,0.0372116516920735,0.0313848026447384,0.0216165216933964,0.0210646613130833,0.0296169437145628,0.0269830506022119,0.0316695204068354,0.0406421922105398,0.0335922042065999,0.0192092302457261,0.0198461871336468
2012-01-01,0.0181831088494936,0.110710009999875,0.0223160529510101,0.020763548061269,0.0209339179253097,0.0276540139349394,0.0405699816098707,0.0301062326271428,0.0396977574905649,0.0351558440166056,0.0257285000458835,0.0199035212847519,0.0282793250370666,0.0187007536141116,0.028979116747483,0.0294015288744637,0.0208659851476113,0.0261650935521664,0.0269359597747854,0.0285929129663018,0.0210316404493879,0.0277324037545448,0.0191163201913091,0.0336863972145642,0.0205302389607991,0.0358958376563836,0.0220516342151502,0.0181200518199068,0.0212504012029218,0.160941910024326,0.0268731714600744,0.0199524289953603,0.0313321995091694,0.0375117074411201,0.0296188732600986,0.0229051860452162,0.0253470471975238,0.046053444695981,0.0269732576881215,0.0482137968582645,0.0393969409239898,0.0431120947282275,0.069786517390622,0.0348943174208564,0.0352493996356135,0.0331497931551693,0.0334000315441744,0.0322832287031534,0.0318029636551981,0.0418080627198662,0.0285568297815035,0.0289693088714039,0.0319995354425481,0.0270390956146739,0.0274092048791647,0.0275144156918969,0.0440890586181219,0.0307425115683449,0.0229638716197101,0.0210517048848315
2012-04-01,0.0181510393572415,0.110002889507465,0.023670740537823,0.0219130544338468,0.0221721407726516,0.0264688848790181,0.0440854847636497,0.032343623945681,0.0422474084124869,0.033384262923451,0.0261780574425797,0.0190615941088551,0.0271398404921481,0.019646239586654,0.027277067944873,0.0294463341469752,0.0212367731641194,0.0255084088122055,0.0223405735769881,0.0300812764603839,0.0225780659068697,0.0281058855563802,0.0177744959417897,0.0348387544541836,0.0199202212639294,0.0306134368148184,0.0214893565322769,0.0184919522425953,0.0232336092716524,0.160598526746408,0.0217392627631861,0.0207855323560148,0.0413907254761484,0.0425704784507782,0.0304187836326158,0.0195603832041783,0.0249728443131114,0.0360757710050953,0.0256711667793414,0.0577015455229083,0.0341199290937206,0.0263480672485415,0.111702906711928,0.0466820456153308,0.0273544134533223,0.0223510725328727,0.0261163746845502,0.0356676868833313,0.0325309369337643,0.0435823108470769,0.0319563324332114,0.0220484749849057,0.0260401047548915,0.0261145891770935,0.0215796560714326,0.0264281932754839,0.0384508029407786,0.0374587313221474,0.0204606041616189,0.0221202733706201
2012-07-01,0.0188308608012495,0.105389217359634,0.023166256688373,0.0219359458653077,0.0216610035549199,0.0236658274756642,0.0405571882911838,0.0316339882746257,0.0451756548188124,0.0319111193406233,0.0286925156805549,0.0213635634453442,0.0267496052081755,0.0185539140495889,0.0267653986532713,0.0268952175978361,0.0207111703650201,0.0253026515630502,0.0241901209101092,0.030249152893092,0.0206063013647884,0.0285716977402788,0.0189592814941622,0.0362878013983928,0.0215135214615213,0.0301747015844498,0.0215569945964507,0.0179368201873431,0.022349181628333,0.168643325707843,0.0298838497086535,0.0203916585143719,0.0428821162249656,0.0410482887019086,0.0425826399902374,0.0193584910802026,0.0281175995680767,0.0308451838129767,0.0229797097406213,0.0467772229531637,0.0405355750958283,0.0340808809337744,0.0870674950240235,0.0419641058660146,0.0247441810678122,0.0271882286505599,0.0206978127889318,0.0314012783614858,0.0318880049509823,0.0372464315799458,0.028663035712716,0.0218378602194369,0.0273203281014954,0.0329778646884286,0.02967460643487,0.0289086884098053,0.0415986060435819,0.0392063950543887,0.0250177798066432,0.0231140809140971
2012-10-01,0.0191960648909318,0.102804965771747,0.0241351083195451,0.0221782625148247,0.0197928247180158,0.026597851042054,0.0419636106791618,0.0297365075887941,0.0420288270666192,0.0289527852720625,0.0257180350529503,0.0223586611889091,0.0231253468367287,0.0208255106082287,0.0287979593562475,0.0287993504625515,0.0193407653080459,0.0257691982649126,0.0260089519369951,0.0265824594592184,0.0212125129175337,0.0287608107050285,0.0190771723035366,0.0335947815932635,0.021284767219636,0.03435041795656,0.0228403924796582,0.0183608245648617,0.0243014234510507,0.171503850470328,0.0201952981197174,0.0217464999347501,0.0411401508569539,0.0475048320509096,0.0397427478652573,0.0207666457980362,0.0233311489328131,0.0352817303579508,0.0201978139722124,0.0433357578002065,0.0385503790638106,0.030901152156823,0.066903892262909,0.0502573516196023,0.0259448274427029,0.0323480650535049,0.0276279721380637,0.036243790393745,0.0314949928039885,0.045937810853066,0.0412570649607244,0.0289370398770629,0.0319130639674182,0.0295877427088082,0.0345842032754713,0.0197092583405571,0.0378009204110515,0.0300962945558076,0.0267147250375815,0.0199468273884938
2013-01-01,0.0201912362041812,0.100198270055973,0.0261427795373277,0.0222147893472613,0.0220065142836549,0.0271774137466993,0.0344061281185273,0.0281533050877024,0.0337446344768113,0.0286332363535677,0.0255249350227367,0.0214135808139631,0.0234906707174136,0.0211139430596448,0.0252956207101344,0.026184812338336,0.0208852611476111,0.0246069194951971,0.0278491512750478,0.02883944559861,0.0215202540121404,0.0270611912048188,0.0199078889857271,0.0336726646064946,0.0207787295313091,0.0357200118846975,0.0218985142109969,0.0202723840225782,0.0241038049648377,0.186991909185999,0.0309073916609434,0.0222950426540241,0.0441628799868342,0.0374113969872857,0.0369890249137328,0.0232980631805452,0.0184025946138878,0.0442841269684209,0.0242078866736017,0.0368928830054064,0.0316935226499254,0.0426414286981702,0.0683620623105892,0.0607708256195682,0.0243836535608405,0.0282609290825242,0.0269317085310955,0.0278278083827692,0.0216302722962747,0.0355837931226211,0.0343644799466856,0.0308531213084374,0.0241785974636601,0.0294626860487206,0.0296223333373479,0.0231456729824343,0.0471862990801804,0.0448355980413528,0.0254028167745914,0.0240111001175292
2013-04-01,0.0198188059194202,0.103304974502906,0.0266204679155828,0.0220199576626428,0.0212434922270639,0.0265119620426058,0.0383463599062883,0.0299685671074491,0.039143501178697,0.029507384084929,0.0261847075836768,0.0214576038988248,0.0216386381794708,0.0190276883562287,0.0288810759617383,0.0295524320371498,0.0190724913962234,0.0263549903503098,0.0229731887735348,0.0264105935819458,0.0194372513625315,0.028366149935029,0.0188651549810872,0.0330560367488018,0.020162225128685,0.0344135301132684,0.0214941784502417,0.0187898146717363,0.0218897624985953,0.185487013443337,0.0240743493418525,0.0264608675851175,0.0323181116894818,0.0456852322580832,0.0251030183054939,0.0215340148494192,0.0208291585550337,0.0490495719188909,0.0233608308164831,0.0373358297891517,0.0386335713087826,0.0546860039070654,0.0658156681757959,0.0422921443733261,0.0337212817827746,0.0318869123533905,0.0195135598895475,0.0350819854894284,0.029193930566718,0.0473590728792838,0.0339152406076784,0.0286240550037253,0.033299842078666,0.0324399293468918,0.0292327203113025,0.0265775899703627,0.03264694642899,0.0350051485400184,0.024681717891552,0.0196416939856925
2013-07-01,0.0183356509547489,0.0981349394105946,0.0227290121279316,0.0238293522057267,0.021964004375542,0.0250535295663361,0.0407158580186471,0.0305634355168748,0.0344021533608589,0.0268121040519986,0.0249655222002195,0.0191484024772405,0.0218194195307773,0.019270696927681,0.0284883918747523,0.0272398512515237,0.0212448642767167,0.0224235631694462,0.0241884530371667,0.0275831982142943,0.0191330529175212,0.0259415622114047,0.0192112545123624,0.0393978402182008,0.0195348039424909,0.0351829175022722,0.0226193170800967,0.0188239202968542,0.0230455640033891,0.19819736476633,0.0224138501332282,0.0239103510940009,0.0273307389473946,0.044471136704135,0.0659627176546161,0.0190004459816975,0.0216738699631818,0.0444715507240335,0.0267420588368102,0.0376759539217828,0.0345249148002041,0.0353973907462991,0.0401010909518183,0.0366017503882602,0.0319335891201099,0.0248725086246678,0.0192875672602364,0.0433605851334534,0.0300065761410367,0.0458805833999439,0.0338881420270916,0.0198238281262841,0.0334824482335986,0.0449890050555709,0.0278835649089284,0.0288255128377229,0.0364662005071617,0.0425909479076429,0.0345541033571671,0.0218770165119212
2013-10-01,0.0172507390316076,0.0918077782802797,0.0245655271426471,0.023640764029919,0.0208088763258057,0.0252612257037113,0.0373432430216458,0.0297986425415354,0.0361451656124797,0.0296480836948376,0.0249591002196448,0.0202825017353134,0.0208086053232749,0.019346827272248,0.0289058223121866,0.0285436571634293,0.0197431423790776,0.0225176808227554,0.0243959122880477,0.0267001126847708,0.0187481904413095,0.0266109916468683,0.0180746481596788,0.0446824405992177,0.0193654294158251,0.0322757924508277,0.0223465702681781,0.0183006583387853,0.0237067837020982,0.203415087391994,0.0208706279318475,0.0308952829917941,0.0345068493730344,0.0436742398933924,0.032256733705023,0.0171594514465796,0.019913009484415,0.048404082245081,0.0205769627870012,0.034512577933997,0.0431497054997011,0.0549643456769357,0.0434480526037692,0.0431455588706898,0.0278098566349956,0.0396383694906695,0.0341259852917261,0.0319098397659466,0.0360764477166246,0.0417658128735704,0.0260524622757407,0.0267678888678488,0.0401561101020259,0.0305026678768493,0.0336245128356621,0.0252525063924771,0.0298593706846671,0.0373403174910995,0.0287693045172684,0.0228710667395673
2014-01-01,0.0193749612964658,0.093768579560826,0.0209453987964385,0.0223953868831332,0.0193932037231081,0.0247188791163545,0.0374725079637468,0.0267733164153489,0.0366518898016388,0.0277043775221713,0.0245517874069801,0.0198991653562196,0.0204699991496774,0.0213834493335123,0.025550208323988,0.0286871389067433,0.0209726991524373,0.0248274514727393,0.024999948331338,0.0280373393908799,0.0207314993409995,0.0309620738213811,0.01919774126801,0.0392017116566922,0.0193275193044294,0.0307124112285657,0.0221949244867566,0.0183097748348264,0.024264867975473,0.206519788179119,0.0244200792769006,0.0245336877621571,0.026423551289214,0.0462155691024526,0.034053262696088,0.0239263383504205,0.0217273777362779,0.034475585121877,0.0205780403920425,0.0522390863381819,0.0483975062849161,0.0424426057581436,0.0375112288599265,0.0333324342340793,0.0359655781176121,0.0429949043444734,0.0326331079655568,0.0332919358079162,0.0300812842325893,0.0384067030726797,0.038089381503463,0.0340041270008579,0.0327390391967183,0.0372078409300321,0.0294136504240942,0.0319575664999543,0.0283343273287166,0.0410777347490455,0.0216400853713016,0.0218863802523117
2014-04-01,0.021203861304809,0.106870070923294,0.0210086779007185,0.0215504215920984,0.0192927077500741,0.0274778564139592,0.0392091220806232,0.0300788170368923,0.0345070596005465,0.0288498169939988,0.0231221252282744,0.0195440563493874,0.0198165530762102,0.0188314996602059,0.0295568433887288,0.028711066905362,0.0202733128730678,0.0268749672494112,0.0275428104949816,0.0265578445783617,0.0196651198990601,0.0274813659015076,0.0199710885593513,0.0376681227344382,0.0196481505041423,0.033568337167044,0.0228742215031342,0.0180544260702369,0.0242749275580657,0.185914748702015,0.0320133979308451,0.0219877255307523,0.0222235639842968,0.0481018154590945,0.0275954811135709,0.0194198579708334,0.0253601384923707,0.0581705823326459,0.0221403736963123,0.033738508151569,0.0420863804274803,0.0678946377158105,0.0453411198704562,0.0277542263542268,0.0217088315384639,0.0425710443332411,0.0381333719178891,0.0464163185748075,0.0260686799486238,0.0340296380662942,0.0331307985845306,0.0277141691179059,0.02610729012408,0.0236847055019404,0.037306865995365,0.0316053810193977,0.0297215915380762,0.0479080682830437,0.0227021827264464,0.0173632536996297
